ph,turbidity,tds,do,temperature,true_class,oracle_class,sample_id
7.588,4.412,444.578,7.693,20.715,POTABLE,MARGINAL,1
8.024,11.811,549.841,6.142,28.741,MARGINAL,MARGINAL,2
6.467,6.952,406.912,6.219,24.64,MARGINAL,MARGINAL,3
6.216,0.0,352.803,8.614,25.737,POTABLE,MARGINAL,4
7.556,1.994,256.629,8.213,30.89,POTABLE,MARGINAL,5
6.124,0.0,233.371,7.902,23.117,POTABLE,MARGINAL,6
7.271,0.0,410.399,7.578,25.75,POTABLE,POTABLE,7
6.985,7.381,704.065,6.27,18.636,MARGINAL,MARGINAL,8
8.461,7.43,706.713,6.727,28.379,MARGINAL,MARGINAL,9
7.374,0.0,436.116,8.499,23.182,POTABLE,POTABLE,10
7.11,5.384,277.03,3.785,22.963,MARGINAL,MARGINAL,11
6.215,0.0,294.352,9.132,24.341,POTABLE,MARGINAL,12
7.378,2.725,269.666,9.157,29.98,POTABLE,MARGINAL,13
6.621,1.357,318.793,10.104,26.941,POTABLE,MARGINAL,14
7.291,10.069,633.902,9.218,27.34,MARGINAL,MARGINAL,15
8.885,10.528,328.283,5.407,27.357,MARGINAL,MARGINAL,16
6.642,0.0,76.093,9.408,20.58,POTABLE,POTABLE,17
7.552,23.226,522.249,5.354,32.128,MARGINAL,MARGINAL,18
6.589,0.0,436.768,8.035,23.781,POTABLE,POTABLE,19
6.13,2.043,272.554,10.547,22.207,POTABLE,MARGINAL,20
7.127,0.0,256.994,7.097,28.711,POTABLE,POTABLE,21
7.705,10.515,653.877,2.74,18.929,MARGINAL,MARGINAL,22
7.503,0.0,409.077,9.322,23.183,POTABLE,POTABLE,23
6.307,1.534,287.877,8.586,27.359,POTABLE,MARGINAL,24
5.975,50.048,724.896,1.757,19.526,NON_POTABLE,NON_POTABLE,25
7.918,0.0,304.632,7.725,25.063,POTABLE,POTABLE,26
6.594,7.461,1119.853,1.755,26.432,NON_POTABLE,NON_POTABLE,27
6.721,2.958,399.564,7.045,28.203,POTABLE,MARGINAL,28
4.709,67.474,1053.134,0.92,28.191,NON_POTABLE,NON_POTABLE,29
6.537,0.0,236.603,8.669,23.658,POTABLE,POTABLE,30
8.479,3.436,361.567,6.858,21.779,POTABLE,MARGINAL,31
7.927,3.238,343.483,8.95,21.793,POTABLE,MARGINAL,32
4.553,52.161,1182.189,3.779,22.42,NON_POTABLE,NON_POTABLE,33
9.157,48.101,1129.298,2.492,27.391,NON_POTABLE,NON_POTABLE,34
6.619,5.455,232.783,8.878,23.818,POTABLE,MARGINAL,35
7.655,11.384,410.409,2.839,24.692,MARGINAL,MARGINAL,36
7.485,17.373,580.231,4.906,24.549,MARGINAL,MARGINAL,37
6.184,69.664,795.427,1.847,29.401,NON_POTABLE,NON_POTABLE,38
3.486,91.565,887.646,0.936,20.811,NON_POTABLE,NON_POTABLE,39
6.422,11.957,409.776,7.95,23.479,MARGINAL,MARGINAL,40
8.006,4.726,205.305,5.166,29.601,MARGINAL,MARGINAL,41
2.355,24.16,820.163,2.478,21.343,NON_POTABLE,NON_POTABLE,42
6.77,2.913,324.521,9.584,27.383,POTABLE,MARGINAL,43
8.17,0.0,502.665,8.499,24.378,POTABLE,MARGINAL,44
7.214,4.366,266.723,10.352,20.352,POTABLE,MARGINAL,45
2.78,81.23,729.855,3.073,36.67,NON_POTABLE,NON_POTABLE,46
2.052,3.855,992.521,0.0,25.365,NON_POTABLE,NON_POTABLE,47
4.57,62.721,511.072,1.839,33.76,NON_POTABLE,NON_POTABLE,48
7.227,15.888,393.783,5.902,26.116,MARGINAL,MARGINAL,49
5.735,0.0,594.698,5.079,30.454,MARGINAL,MARGINAL,50
5.239,92.797,777.148,0.482,32.494,NON_POTABLE,NON_POTABLE,51
2.464,62.352,733.679,2.779,30.683,NON_POTABLE,NON_POTABLE,52
7.755,4.84,567.525,6.896,28.927,MARGINAL,MARGINAL,53
7.062,4.736,498.904,7.286,28.178,MARGINAL,MARGINAL,54
6.743,1.665,208.151,8.607,24.374,POTABLE,MARGINAL,55
7.026,11.838,669.588,6.113,25.726,MARGINAL,MARGINAL,56
7.08,2.972,187.865,8.646,23.378,POTABLE,MARGINAL,57
7.181,1.212,255.542,8.156,24.462,POTABLE,MARGINAL,58
6.867,2.767,242.756,9.054,26.635,POTABLE,MARGINAL,59
8.582,8.998,301.881,5.072,26.277,MARGINAL,MARGINAL,60
7.406,10.272,476.605,5.239,25.907,MARGINAL,MARGINAL,61
10.268,60.794,1007.532,1.192,30.76,NON_POTABLE,NON_POTABLE,62
2.155,14.641,610.749,2.839,26.896,NON_POTABLE,NON_POTABLE,63
0.545,35.748,626.905,2.375,22.776,NON_POTABLE,NON_POTABLE,64
6.885,0.0,528.526,6.612,23.293,POTABLE,MARGINAL,65
7.046,11.42,527.886,6.397,25.987,MARGINAL,MARGINAL,66
7.032,6.012,570.92,5.311,27.969,MARGINAL,MARGINAL,67
5.514,8.452,567.893,3.85,26.716,MARGINAL,MARGINAL,68
8.181,4.181,650.663,7.758,28.093,MARGINAL,MARGINAL,69
7.953,55.407,480.43,0.65,23.876,NON_POTABLE,NON_POTABLE,70
6.803,0.0,192.227,10.404,20.79,POTABLE,POTABLE,71
7.316,1.298,358.806,10.262,21.29,POTABLE,MARGINAL,72
6.967,0.432,162.413,8.49,26.693,POTABLE,POTABLE,73
6.506,0.0,430.66,8.51,18.943,POTABLE,POTABLE,74
7.73,0.0,404.168,7.701,24.547,POTABLE,POTABLE,75
6.749,21.818,565.41,6.806,25.023,MARGINAL,MARGINAL,76
6.776,0.0,406.623,10.034,22.509,POTABLE,POTABLE,77
6.193,0.768,575.644,3.85,26.133,MARGINAL,MARGINAL,78
7.689,18.384,512.78,4.953,27.112,MARGINAL,MARGINAL,79
3.92,27.564,795.452,1.89,29.203,NON_POTABLE,NON_POTABLE,80
7.174,2.849,482.378,7.291,28.589,MARGINAL,MARGINAL,81
7.052,8.298,555.947,3.914,25.82,MARGINAL,MARGINAL,82
0.0,80.596,1077.418,1.013,22.975,NON_POTABLE,NON_POTABLE,83
7.516,3.128,406.013,8.252,23.426,POTABLE,MARGINAL,84
6.397,8.681,590.516,4.866,23.302,MARGINAL,MARGINAL,85
7.597,0.0,361.428,8.423,17.344,POTABLE,POTABLE,86
7.067,3.099,481.2,7.185,25.564,POTABLE,MARGINAL,87
7.53,0.0,228.821,9.059,28.159,POTABLE,POTABLE,88
1.524,84.596,521.037,2.886,19.812,NON_POTABLE,NON_POTABLE,89
6.862,82.513,1012.776,2.104,29.628,NON_POTABLE,NON_POTABLE,90
2.918,25.29,1480.329,0.0,23.92,NON_POTABLE,NON_POTABLE,91
6.727,0.0,246.235,7.134,18.945,POTABLE,POTABLE,92
6.801,0.0,365.039,7.584,20.581,POTABLE,POTABLE,93
6.637,0.0,377.724,8.354,25.176,POTABLE,POTABLE,94
7.551,0.0,110.974,9.948,21.838,POTABLE,POTABLE,95
3.451,67.008,1307.861,0.246,24.215,NON_POTABLE,NON_POTABLE,96
8.302,0.143,408.461,4.746,24.447,MARGINAL,MARGINAL,97
6.963,0.0,350.235,5.991,23.522,MARGINAL,MARGINAL,98
7.002,0.435,393.825,7.947,20.866,POTABLE,POTABLE,99
7.288,0.0,259.286,8.869,24.13,POTABLE,POTABLE,100
7.972,0.0,372.461,8.699,24.378,POTABLE,POTABLE,101
6.995,0.0,392.032,8.468,28.647,POTABLE,POTABLE,102
6.363,1.236,769.12,7.113,24.937,MARGINAL,MARGINAL,103
7.894,35.881,1052.922,4.176,34.9,NON_POTABLE,NON_POTABLE,104
7.226,2.488,487.316,7.62,23.535,POTABLE,MARGINAL,105
7.56,0.0,303.726,8.086,21.197,POTABLE,POTABLE,106
7.323,0.773,237.889,7.617,20.961,POTABLE,POTABLE,107
6.905,3.779,389.687,7.53,20.965,POTABLE,MARGINAL,108
2.544,51.44,1000.086,1.05,20.392,NON_POTABLE,NON_POTABLE,109
7.854,3.596,171.252,9.324,25.837,POTABLE,MARGINAL,110
7.126,0.0,340.854,8.603,19.656,POTABLE,POTABLE,111
6.502,1.646,235.014,7.867,21.326,POTABLE,MARGINAL,112
5.866,45.875,715.656,3.106,17.304,NON_POTABLE,NON_POTABLE,113
6.896,3.234,164.875,7.471,22.272,POTABLE,MARGINAL,114
8.415,7.793,673.547,3.823,32.198,MARGINAL,MARGINAL,115
6.487,8.639,727.114,5.37,29.662,MARGINAL,MARGINAL,116
7.7,5.693,527.158,6.799,30.437,MARGINAL,MARGINAL,117
8.039,2.429,645.675,7.018,26.405,MARGINAL,MARGINAL,118
6.872,0.0,547.666,7.698,24.712,POTABLE,MARGINAL,119
8.068,8.784,512.059,7.447,28.664,MARGINAL,MARGINAL,120
6.185,0.0,424.009,7.238,21.414,POTABLE,MARGINAL,121
6.281,1.353,228.181,8.026,24.763,POTABLE,MARGINAL,122
3.941,42.04,707.22,4.191,28.989,NON_POTABLE,NON_POTABLE,123
7.647,3.2,403.302,7.944,22.393,POTABLE,MARGINAL,124
7.473,0.0,760.727,6.377,24.278,MARGINAL,MARGINAL,125
3.822,29.015,1297.684,1.978,30.278,NON_POTABLE,NON_POTABLE,126
7.424,10.792,399.898,5.693,25.033,MARGINAL,MARGINAL,127
0.95,31.996,478.573,2.019,21.081,NON_POTABLE,NON_POTABLE,128
6.518,13.093,579.947,5.333,22.99,MARGINAL,MARGINAL,129
6.689,8.372,537.916,7.462,21.558,MARGINAL,MARGINAL,130
7.619,71.285,494.007,0.739,21.944,NON_POTABLE,NON_POTABLE,131
8.077,12.113,293.925,6.527,27.492,MARGINAL,MARGINAL,132
6.929,0.0,375.366,11.387,18.33,POTABLE,POTABLE,133
6.956,0.702,278.452,9.291,26.003,POTABLE,POTABLE,134
6.348,93.588,1206.725,1.417,30.442,NON_POTABLE,NON_POTABLE,135
6.895,50.49,878.527,2.287,22.982,NON_POTABLE,NON_POTABLE,136
5.674,86.396,890.93,2.147,33.351,NON_POTABLE,NON_POTABLE,137
6.318,9.667,495.047,6.187,20.878,MARGINAL,MARGINAL,138
6.657,0.897,285.143,8.985,25.267,POTABLE,POTABLE,139
6.548,2.55,307.481,7.703,27.26,POTABLE,MARGINAL,140
7.823,3.404,541.614,3.732,27.848,MARGINAL,MARGINAL,141
2.206,60.623,653.874,1.214,32.155,NON_POTABLE,NON_POTABLE,142
5.067,52.653,590.764,3.074,38.731,NON_POTABLE,NON_POTABLE,143
5.975,39.038,940.065,1.061,28.061,NON_POTABLE,NON_POTABLE,144
3.967,11.323,710.68,2.661,37.623,NON_POTABLE,NON_POTABLE,145
6.602,5.629,639.219,2.556,22.445,MARGINAL,MARGINAL,146
7.83,6.833,552.624,6.343,26.835,MARGINAL,MARGINAL,147
8.033,3.781,597.969,7.165,18.58,MARGINAL,MARGINAL,148
7.513,2.885,486.008,5.159,27.28,MARGINAL,MARGINAL,149
7.634,6.435,428.786,3.812,21.537,MARGINAL,MARGINAL,150
7.626,3.825,196.848,8.373,24.021,POTABLE,MARGINAL,151
4.957,72.211,827.515,1.724,22.708,NON_POTABLE,NON_POTABLE,152
0.0,62.148,583.228,0.193,29.622,NON_POTABLE,NON_POTABLE,153
4.801,47.2,1285.694,1.438,30.26,NON_POTABLE,NON_POTABLE,154
6.871,1.374,127.625,10.166,27.938,POTABLE,MARGINAL,155
7.123,0.0,216.572,9.613,23.181,POTABLE,POTABLE,156
6.977,1.621,460.921,5.821,29.697,MARGINAL,MARGINAL,157
7.492,16.733,528.489,6.504,33.689,MARGINAL,MARGINAL,158
6.543,17.619,638.252,6.67,25.411,MARGINAL,MARGINAL,159
7.775,0.0,330.658,8.323,27.747,POTABLE,POTABLE,160
7.167,4.133,410.108,5.252,19.818,MARGINAL,MARGINAL,161
7.49,9.186,336.612,6.883,19.085,MARGINAL,MARGINAL,162
7.421,0.959,275.46,8.491,21.585,POTABLE,POTABLE,163
7.656,0.0,222.686,7.157,24.567,POTABLE,POTABLE,164
6.569,0.0,306.253,10.392,23.709,POTABLE,POTABLE,165
7.815,3.835,509.403,6.204,20.968,MARGINAL,MARGINAL,166
6.967,0.0,338.971,7.369,27.438,POTABLE,POTABLE,167
7.306,3.048,145.634,9.743,27.338,POTABLE,MARGINAL,168
7.42,4.674,388.364,3.746,25.92,MARGINAL,MARGINAL,169
7.006,14.212,464.414,8.079,27.949,MARGINAL,MARGINAL,170
6.216,17.397,588.409,6.247,23.152,MARGINAL,MARGINAL,171
7.317,0.0,243.443,8.175,20.105,POTABLE,POTABLE,172
5.844,0.178,446.043,7.008,26.099,MARGINAL,MARGINAL,173
7.058,2.333,597.703,5.119,21.424,MARGINAL,MARGINAL,174
7.62,0.0,169.239,8.418,28.807,POTABLE,POTABLE,175
7.897,5.158,679.266,6.903,25.071,MARGINAL,MARGINAL,176
2.818,47.687,936.463,0.295,24.735,NON_POTABLE,NON_POTABLE,177
6.953,5.368,516.831,4.356,23.356,MARGINAL,MARGINAL,178
7.024,0.0,278.677,8.002,23.373,POTABLE,POTABLE,179
5.987,0.0,243.222,9.298,18.422,POTABLE,MARGINAL,180
5.502,60.497,1032.323,2.018,26.095,NON_POTABLE,NON_POTABLE,181
8.051,5.874,461.483,3.325,26.827,MARGINAL,MARGINAL,182
7.233,1.266,245.94,7.434,23.508,POTABLE,MARGINAL,183
7.928,0.0,407.529,9.776,26.346,POTABLE,POTABLE,184
8.046,0.0,518.421,5.552,25.965,MARGINAL,MARGINAL,185
8.131,5.121,595.318,3.79,29.001,MARGINAL,MARGINAL,186
7.003,13.36,450.1,3.519,28.063,MARGINAL,MARGINAL,187
8.485,15.375,594.016,5.744,18.276,MARGINAL,MARGINAL,188
6.846,2.604,342.965,7.86,20.255,POTABLE,MARGINAL,189
7.487,2.159,334.153,8.689,25.578,POTABLE,MARGINAL,190
6.602,0.0,185.638,5.647,23.177,POTABLE,MARGINAL,191
5.111,41.268,981.362,0.077,32.567,NON_POTABLE,NON_POTABLE,192
8.269,58.377,874.628,0.0,28.956,NON_POTABLE,NON_POTABLE,193
5.848,21.644,1089.246,2.939,33.003,NON_POTABLE,NON_POTABLE,194
6.749,14.728,573.122,6.829,20.916,MARGINAL,MARGINAL,195
5.968,1.176,341.274,8.52,26.543,POTABLE,MARGINAL,196
7.948,7.493,454.476,10.7,24.987,POTABLE,MARGINAL,197
9.125,14.809,622.808,7.22,17.412,MARGINAL,NON_POTABLE,198
7.957,56.746,783.666,1.901,27.287,NON_POTABLE,NON_POTABLE,199
6.003,2.498,466.185,0.528,22.903,NON_POTABLE,NON_POTABLE,200
7.456,32.596,790.937,3.979,33.681,NON_POTABLE,MARGINAL,201
6.538,0.446,389.666,7.854,19.42,POTABLE,POTABLE,202
7.733,8.6,443.97,8.176,34.828,MARGINAL,MARGINAL,203
5.993,40.783,509.347,0.0,31.28,NON_POTABLE,NON_POTABLE,204
8.658,8.109,517.895,6.769,25.178,MARGINAL,MARGINAL,205
8.343,5.728,341.115,6.419,24.71,MARGINAL,MARGINAL,206
6.784,2.159,518.356,4.779,23.723,MARGINAL,MARGINAL,207
6.578,5.315,661.249,4.177,24.731,MARGINAL,MARGINAL,208
5.164,32.149,1279.087,3.005,36.769,NON_POTABLE,NON_POTABLE,209
7.924,0.054,362.421,10.551,25.816,POTABLE,POTABLE,210
7.476,4.172,475.771,4.433,31.303,MARGINAL,MARGINAL,211
7.632,0.0,497.971,6.078,26.454,POTABLE,MARGINAL,212
7.813,0.0,424.787,5.128,32.423,MARGINAL,MARGINAL,213
6.464,7.06,578.593,4.886,25.315,MARGINAL,MARGINAL,214
2.075,53.899,821.754,2.38,26.141,NON_POTABLE,NON_POTABLE,215
8.471,11.992,568.758,4.037,23.402,MARGINAL,MARGINAL,216
1.042,33.149,1338.173,0.316,34.175,NON_POTABLE,NON_POTABLE,217
6.669,0.0,410.894,7.482,24.393,POTABLE,POTABLE,218
4.435,15.331,1049.051,3.201,22.047,NON_POTABLE,NON_POTABLE,219
7.242,0.961,373.787,9.112,22.997,POTABLE,POTABLE,220
7.844,4.344,216.106,10.878,28.795,POTABLE,MARGINAL,221
8.384,5.734,357.744,7.421,25.87,POTABLE,MARGINAL,222
11.617,73.282,853.609,1.584,28.821,NON_POTABLE,NON_POTABLE,223
6.2,10.048,377.008,8.046,19.935,MARGINAL,MARGINAL,224
7.732,8.538,301.882,9.631,27.683,POTABLE,MARGINAL,225
5.981,19.132,709.069,4.597,29.257,MARGINAL,MARGINAL,226
7.993,6.632,607.726,4.168,29.386,MARGINAL,MARGINAL,227
6.412,7.926,498.341,3.708,32.796,MARGINAL,MARGINAL,228
6.471,6.015,415.895,9.256,25.93,POTABLE,MARGINAL,229
8.082,4.833,430.053,6.174,30.069,MARGINAL,MARGINAL,230
7.446,4.982,288.346,7.967,20.915,POTABLE,MARGINAL,231
7.823,46.885,692.461,2.768,29.312,NON_POTABLE,NON_POTABLE,232
6.56,2.626,209.243,8.503,18.458,POTABLE,MARGINAL,233
4.037,41.304,964.167,3.87,20.582,NON_POTABLE,NON_POTABLE,234
6.999,1.197,639.946,8.997,26.935,POTABLE,MARGINAL,235
7.734,24.572,462.727,4.336,20.914,MARGINAL,MARGINAL,236
7.776,8.969,531.319,7.933,30.697,MARGINAL,MARGINAL,237
7.063,3.816,369.009,8.948,29.206,POTABLE,MARGINAL,238
9.202,0.0,418.282,3.817,26.623,MARGINAL,NON_POTABLE,239
4.462,71.546,1007.067,1.833,23.645,NON_POTABLE,NON_POTABLE,240
7.093,0.928,261.057,8.993,25.377,POTABLE,POTABLE,241
6.941,0.0,312.328,8.924,24.349,POTABLE,POTABLE,242
8.627,86.408,1080.039,1.535,21.322,NON_POTABLE,NON_POTABLE,243
6.202,91.873,1004.686,0.0,17.796,NON_POTABLE,NON_POTABLE,244
7.386,0.0,287.628,9.677,21.558,POTABLE,POTABLE,245
6.811,2.033,345.445,10.917,19.853,POTABLE,MARGINAL,246
7.766,2.276,545.439,4.416,30.559,MARGINAL,MARGINAL,247
7.21,6.789,122.08,8.866,18.448,POTABLE,MARGINAL,248
5.884,0.0,460.637,8.384,26.422,POTABLE,MARGINAL,249
6.398,29.372,600.286,0.0,25.101,NON_POTABLE,NON_POTABLE,250
3.16,50.078,843.974,1.513,27.846,NON_POTABLE,NON_POTABLE,251
0.328,36.596,996.621,1.501,16.982,NON_POTABLE,NON_POTABLE,252
8.061,0.1,165.125,6.981,24.395,POTABLE,POTABLE,253
6.993,2.232,176.17,8.503,26.153,POTABLE,MARGINAL,254
8.114,9.282,553.169,3.778,19.17,MARGINAL,MARGINAL,255
7.577,2.256,401.405,8.842,27.214,POTABLE,MARGINAL,256
7.699,7.685,563.979,4.319,26.584,MARGINAL,MARGINAL,257
7.416,12.528,447.111,4.788,26.362,MARGINAL,MARGINAL,258
7.279,0.029,336.228,7.594,22.03,POTABLE,POTABLE,259
7.871,1.462,266.246,9.155,27.643,POTABLE,MARGINAL,260
7.402,0.0,214.785,10.253,19.952,POTABLE,POTABLE,261
6.873,4.062,496.542,4.728,23.499,MARGINAL,MARGINAL,262
6.101,8.683,355.649,4.212,25.214,MARGINAL,MARGINAL,263
2.118,75.761,1060.751,0.0,31.855,NON_POTABLE,NON_POTABLE,264
5.786,0.0,368.817,8.275,21.38,POTABLE,MARGINAL,265
7.187,0.0,266.866,8.099,21.635,POTABLE,POTABLE,266
7.32,7.475,265.735,6.083,30.902,MARGINAL,MARGINAL,267
5.519,20.778,560.207,7.582,29.289,MARGINAL,MARGINAL,268
6.168,9.91,588.079,4.923,29.677,MARGINAL,MARGINAL,269
7.931,0.928,564.485,11.287,27.961,POTABLE,MARGINAL,270
7.255,5.721,126.213,10.805,28.008,POTABLE,MARGINAL,271
7.827,4.672,349.545,10.512,25.565,POTABLE,MARGINAL,272
6.222,0.0,918.437,1.081,29.322,NON_POTABLE,NON_POTABLE,273
6.945,0.0,477.256,7.17,23.544,POTABLE,POTABLE,274
7.389,0.0,271.208,8.795,29.985,POTABLE,POTABLE,275
8.502,2.31,517.466,6.379,24.436,MARGINAL,MARGINAL,276
6.129,1.407,368.156,10.611,22.303,POTABLE,MARGINAL,277
7.502,7.843,522.573,5.613,33.665,MARGINAL,MARGINAL,278
7.981,6.09,283.905,5.243,29.827,MARGINAL,MARGINAL,279
6.811,0.0,404.134,9.863,26.651,POTABLE,POTABLE,280
10.738,73.06,906.713,2.12,23.262,NON_POTABLE,NON_POTABLE,281
6.886,43.798,1500.0,2.352,22.413,NON_POTABLE,NON_POTABLE,282
6.575,0.0,277.471,8.318,22.352,POTABLE,POTABLE,283
7.807,0.0,315.156,10.577,27.138,POTABLE,POTABLE,284
7.583,3.318,273.511,8.713,24.984,POTABLE,MARGINAL,285
5.276,59.56,982.845,2.098,31.302,NON_POTABLE,NON_POTABLE,286
6.114,3.877,313.835,9.57,23.843,POTABLE,MARGINAL,287
7.284,17.978,526.642,3.832,36.235,MARGINAL,MARGINAL,288
6.386,4.364,430.744,8.977,23.617,POTABLE,MARGINAL,289
7.188,1.758,416.499,7.232,21.731,POTABLE,MARGINAL,290
7.425,1.405,202.321,9.337,29.992,POTABLE,MARGINAL,291
6.945,11.655,498.504,7.969,26.796,MARGINAL,MARGINAL,292
9.155,12.231,434.01,5.769,23.175,MARGINAL,NON_POTABLE,293
7.831,8.092,489.266,5.497,20.668,MARGINAL,MARGINAL,294
7.511,8.414,786.857,8.346,26.659,MARGINAL,MARGINAL,295
6.449,0.048,387.896,7.287,22.072,POTABLE,MARGINAL,296
5.913,10.82,391.811,7.086,30.752,MARGINAL,MARGINAL,297
7.033,0.0,508.163,5.527,18.312,MARGINAL,MARGINAL,298
3.841,97.629,853.971,2.261,31.664,NON_POTABLE,NON_POTABLE,299
7.525,4.649,405.097,8.115,27.231,POTABLE,MARGINAL,300
7.292,2.031,237.551,7.474,21.271,POTABLE,MARGINAL,301
7.086,1.835,326.423,11.599,26.336,POTABLE,MARGINAL,302
7.367,5.673,659.301,3.685,21.05,MARGINAL,MARGINAL,303
6.795,0.0,354.676,9.571,28.944,POTABLE,POTABLE,304
5.978,6.334,387.263,6.611,29.665,MARGINAL,MARGINAL,305
2.796,70.392,731.091,2.379,28.062,NON_POTABLE,NON_POTABLE,306
4.077,56.52,1075.616,3.791,19.57,NON_POTABLE,NON_POTABLE,307
5.676,11.61,478.619,5.026,25.713,MARGINAL,MARGINAL,308
7.019,0.0,275.958,7.163,24.596,POTABLE,POTABLE,309
6.405,0.0,333.779,8.645,20.65,POTABLE,MARGINAL,310
7.391,9.206,621.926,5.159,32.142,MARGINAL,MARGINAL,311
8.323,2.165,691.52,4.72,30.193,MARGINAL,MARGINAL,312
6.213,0.627,519.887,5.528,25.159,MARGINAL,MARGINAL,313
3.532,80.917,641.316,0.212,34.831,NON_POTABLE,NON_POTABLE,314
7.261,0.0,333.813,8.407,25.083,POTABLE,POTABLE,315
7.608,6.902,220.507,6.132,25.357,POTABLE,MARGINAL,316
6.615,0.0,400.339,7.616,26.129,POTABLE,POTABLE,317
6.981,5.589,538.811,4.109,22.869,MARGINAL,MARGINAL,318
5.261,39.269,581.848,0.0,37.219,NON_POTABLE,NON_POTABLE,319
6.414,6.599,556.204,5.611,24.443,MARGINAL,MARGINAL,320
0.584,70.86,978.709,2.711,33.378,NON_POTABLE,NON_POTABLE,321
8.92,78.349,941.517,3.005,25.311,NON_POTABLE,NON_POTABLE,322
7.83,15.381,764.37,5.794,30.629,MARGINAL,MARGINAL,323
5.57,6.616,573.868,4.236,22.871,MARGINAL,MARGINAL,324
7.256,0.0,312.444,8.055,25.891,POTABLE,POTABLE,325
6.619,0.0,361.223,9.0,27.064,POTABLE,POTABLE,326
6.888,3.214,511.472,9.304,20.942,MARGINAL,MARGINAL,327
7.453,0.0,147.873,9.221,22.949,POTABLE,POTABLE,328
3.893,24.896,1229.315,0.0,40.564,NON_POTABLE,NON_POTABLE,329
11.177,33.632,775.321,0.698,23.187,NON_POTABLE,NON_POTABLE,330
5.326,8.674,554.076,1.795,27.343,NON_POTABLE,NON_POTABLE,331
7.955,1.687,49.726,8.831,22.821,POTABLE,MARGINAL,332
0.0,63.868,777.49,2.228,25.689,NON_POTABLE,NON_POTABLE,333
6.598,0.0,176.475,8.684,29.782,POTABLE,POTABLE,334
7.571,1.259,543.621,9.94,24.18,POTABLE,MARGINAL,335
6.996,0.0,380.493,8.856,25.199,POTABLE,POTABLE,336
6.177,0.0,287.192,8.406,23.062,POTABLE,MARGINAL,337
6.88,2.447,248.351,9.205,25.075,POTABLE,MARGINAL,338
2.813,79.259,996.934,2.87,25.932,NON_POTABLE,NON_POTABLE,339
6.533,0.0,191.784,7.857,28.425,POTABLE,POTABLE,340
6.852,47.695,1407.55,1.793,28.271,NON_POTABLE,NON_POTABLE,341
5.984,81.153,1254.172,3.791,25.299,NON_POTABLE,NON_POTABLE,342
6.536,0.951,373.751,9.898,19.929,POTABLE,POTABLE,343
8.032,1.978,642.422,8.232,24.417,MARGINAL,MARGINAL,344
7.522,0.0,422.736,2.323,25.975,MARGINAL,NON_POTABLE,345
6.702,15.192,466.485,6.781,28.758,MARGINAL,MARGINAL,346
1.857,21.658,1129.263,1.341,35.782,NON_POTABLE,NON_POTABLE,347
8.103,10.615,581.536,6.922,36.581,MARGINAL,MARGINAL,348
7.676,4.983,507.547,5.953,23.969,MARGINAL,MARGINAL,349
7.593,4.224,491.189,7.715,25.369,MARGINAL,MARGINAL,350
8.444,10.714,561.692,3.821,27.943,MARGINAL,MARGINAL,351
5.596,95.472,1500.0,3.955,27.468,NON_POTABLE,NON_POTABLE,352
6.485,0.06,433.565,9.131,24.761,POTABLE,MARGINAL,353
6.856,1.361,202.059,7.406,24.536,POTABLE,MARGINAL,354
4.43,78.204,489.857,1.185,24.063,NON_POTABLE,NON_POTABLE,355
8.365,0.0,433.901,9.284,28.473,POTABLE,POTABLE,356
6.032,3.626,468.33,6.349,23.965,MARGINAL,MARGINAL,357
7.2,0.772,208.061,8.786,24.7,POTABLE,POTABLE,358
7.555,0.0,215.724,8.122,23.962,POTABLE,POTABLE,359
7.029,1.9,468.557,8.144,21.686,POTABLE,MARGINAL,360
6.855,4.133,206.055,10.621,24.843,POTABLE,MARGINAL,361
7.014,4.447,341.2,7.588,29.181,POTABLE,MARGINAL,362
7.34,17.978,372.782,5.494,26.029,MARGINAL,MARGINAL,363
7.151,0.117,387.687,3.25,27.369,MARGINAL,MARGINAL,364
7.405,0.0,242.726,8.106,27.951,POTABLE,POTABLE,365
8.137,0.0,497.782,4.952,26.358,MARGINAL,MARGINAL,366
6.701,0.0,238.593,9.274,22.876,POTABLE,POTABLE,367
7.047,0.0,371.938,7.521,19.857,POTABLE,POTABLE,368
6.89,0.466,305.648,8.366,21.879,POTABLE,POTABLE,369
0.209,51.149,928.918,4.782,21.867,NON_POTABLE,NON_POTABLE,370
6.857,52.765,671.479,1.809,23.322,NON_POTABLE,NON_POTABLE,371
7.508,3.48,435.358,4.855,25.011,MARGINAL,MARGINAL,372
7.369,1.013,294.352,7.471,22.524,POTABLE,MARGINAL,373
5.897,8.432,536.043,5.827,23.444,MARGINAL,MARGINAL,374
6.801,10.429,634.671,5.368,23.289,MARGINAL,MARGINAL,375
3.356,77.487,953.923,1.517,24.759,NON_POTABLE,NON_POTABLE,376
9.386,4.526,464.5,4.81,25.762,MARGINAL,NON_POTABLE,377
6.273,0.0,519.483,6.784,30.197,POTABLE,MARGINAL,378
6.116,0.0,318.103,7.445,27.928,POTABLE,MARGINAL,379
5.926,71.137,1066.239,1.19,22.818,NON_POTABLE,NON_POTABLE,380
6.445,34.337,501.941,0.502,22.571,NON_POTABLE,NON_POTABLE,381
7.215,52.272,1110.112,2.331,35.488,NON_POTABLE,NON_POTABLE,382
6.99,11.044,466.912,6.894,21.677,MARGINAL,MARGINAL,383
6.388,6.258,414.071,6.634,24.602,MARGINAL,MARGINAL,384
6.571,5.357,489.926,7.053,26.5,POTABLE,MARGINAL,385
7.478,5.168,210.351,8.622,26.394,POTABLE,MARGINAL,386
2.217,37.1,1171.316,1.856,17.81,NON_POTABLE,NON_POTABLE,387
7.19,0.0,142.738,7.328,28.456,POTABLE,POTABLE,388
6.069,2.705,260.599,7.835,22.872,POTABLE,MARGINAL,389
7.61,8.859,809.935,4.208,25.922,MARGINAL,MARGINAL,390
6.859,0.0,379.516,7.394,18.653,POTABLE,POTABLE,391
7.332,72.617,588.663,3.014,29.169,NON_POTABLE,NON_POTABLE,392
8.214,1.974,565.6,5.477,34.332,MARGINAL,MARGINAL,393
7.411,2.015,365.381,8.075,26.495,POTABLE,MARGINAL,394
6.872,1.782,301.487,8.693,21.313,POTABLE,MARGINAL,395
7.745,4.847,634.726,4.515,31.585,MARGINAL,MARGINAL,396
6.852,1.047,320.168,9.217,25.406,POTABLE,MARGINAL,397
7.125,0.0,427.926,9.0,25.135,POTABLE,POTABLE,398
4.289,54.738,749.72,0.585,19.687,NON_POTABLE,NON_POTABLE,399
6.31,8.188,541.134,5.48,16.786,MARGINAL,MARGINAL,400
7.45,0.0,484.534,7.753,18.076,POTABLE,POTABLE,401
3.242,60.812,747.023,2.351,28.837,NON_POTABLE,NON_POTABLE,402
8.383,0.0,484.061,8.104,22.852,POTABLE,POTABLE,403
9.095,2.623,701.849,3.659,26.053,MARGINAL,NON_POTABLE,404
7.037,3.202,325.163,6.35,20.494,MARGINAL,MARGINAL,405
6.069,9.594,791.097,7.403,22.284,MARGINAL,MARGINAL,406
6.17,2.8,427.955,9.053,27.777,POTABLE,MARGINAL,407
5.901,0.0,223.925,7.689,23.319,POTABLE,MARGINAL,408
6.63,0.0,299.698,9.596,19.107,POTABLE,POTABLE,409
6.593,0.0,482.559,4.734,22.455,MARGINAL,MARGINAL,410
7.896,0.0,315.659,9.632,25.605,POTABLE,POTABLE,411
5.779,1.514,497.575,5.916,28.422,MARGINAL,MARGINAL,412
8.74,5.574,638.696,5.89,33.207,MARGINAL,MARGINAL,413
6.768,1.015,266.708,8.654,31.217,POTABLE,MARGINAL,414
6.198,3.799,324.677,9.02,23.747,POTABLE,MARGINAL,415
5.477,16.833,1199.278,0.822,24.469,NON_POTABLE,NON_POTABLE,416
7.009,1.047,389.632,7.38,27.269,POTABLE,MARGINAL,417
0.0,59.816,1086.806,1.829,27.876,NON_POTABLE,NON_POTABLE,418
8.485,11.918,555.238,5.224,34.124,MARGINAL,MARGINAL,419
8.589,10.127,628.724,5.107,23.926,MARGINAL,MARGINAL,420
7.349,1.988,565.711,4.999,27.175,MARGINAL,MARGINAL,421
6.474,7.586,400.113,7.119,19.247,MARGINAL,MARGINAL,422
8.128,10.218,695.033,4.713,24.768,MARGINAL,MARGINAL,423
6.685,0.0,437.961,8.032,22.555,POTABLE,POTABLE,424
7.14,0.0,530.255,3.513,25.64,MARGINAL,MARGINAL,425
7.083,60.757,1415.472,1.256,36.173,NON_POTABLE,NON_POTABLE,426
7.367,1.757,414.069,8.922,23.648,POTABLE,MARGINAL,427
8.06,1.666,187.344,6.721,26.127,POTABLE,MARGINAL,428
2.501,81.008,1016.249,2.707,38.257,NON_POTABLE,NON_POTABLE,429
6.584,5.29,405.274,8.943,16.741,POTABLE,MARGINAL,430
7.72,0.0,346.771,8.842,18.048,POTABLE,POTABLE,431
2.828,68.285,777.574,3.547,30.515,NON_POTABLE,NON_POTABLE,432
7.025,0.0,438.281,6.657,23.941,POTABLE,POTABLE,433
7.567,8.594,283.083,5.817,27.43,MARGINAL,MARGINAL,434
7.299,2.502,388.992,4.911,33.509,MARGINAL,MARGINAL,435
7.41,14.19,415.059,5.724,27.064,MARGINAL,MARGINAL,436
7.969,1.303,525.531,6.031,22.952,MARGINAL,MARGINAL,437
0.416,97.92,533.433,1.193,32.247,NON_POTABLE,NON_POTABLE,438
7.777,0.935,186.352,7.866,21.673,POTABLE,POTABLE,439
8.161,8.745,403.437,7.248,29.019,MARGINAL,MARGINAL,440
7.494,3.413,394.391,5.109,27.362,MARGINAL,MARGINAL,441
7.162,0.0,262.638,8.435,26.425,POTABLE,POTABLE,442
6.405,10.028,641.822,5.466,21.468,MARGINAL,MARGINAL,443
7.965,0.0,404.784,7.298,25.043,POTABLE,POTABLE,444
6.879,0.0,324.129,8.078,25.342,POTABLE,POTABLE,445
7.664,0.0,275.568,7.313,29.949,POTABLE,POTABLE,446
5.898,13.709,723.902,3.36,28.809,MARGINAL,MARGINAL,447
2.953,48.235,1024.441,1.32,32.375,NON_POTABLE,NON_POTABLE,448
6.866,0.0,284.96,8.024,29.929,POTABLE,POTABLE,449
7.646,0.0,341.409,7.904,23.885,POTABLE,POTABLE,450
7.846,8.021,703.74,5.784,19.977,MARGINAL,MARGINAL,451
8.096,15.109,339.767,3.107,23.572,MARGINAL,MARGINAL,452
5.994,97.966,1060.826,0.0,25.363,NON_POTABLE,NON_POTABLE,453
7.27,0.0,331.265,9.58,23.401,POTABLE,POTABLE,454
4.416,60.926,859.295,0.867,25.026,NON_POTABLE,NON_POTABLE,455
6.823,0.0,362.764,10.071,16.219,POTABLE,POTABLE,456
7.666,13.397,696.087,8.366,30.238,MARGINAL,MARGINAL,457
7.624,12.102,665.087,5.243,17.48,MARGINAL,MARGINAL,458
6.763,7.044,615.663,6.039,26.846,MARGINAL,MARGINAL,459
6.953,0.726,326.488,8.811,23.875,POTABLE,POTABLE,460
7.007,5.4,252.774,10.082,19.938,POTABLE,MARGINAL,461
7.167,0.0,299.735,9.213,21.762,POTABLE,POTABLE,462
6.655,0.0,321.709,9.171,29.413,POTABLE,POTABLE,463
7.043,4.662,525.92,6.148,20.245,MARGINAL,MARGINAL,464
7.706,12.609,700.704,3.53,22.2,MARGINAL,MARGINAL,465
6.768,6.232,548.849,6.792,25.53,MARGINAL,MARGINAL,466
6.131,11.067,593.779,6.684,18.518,MARGINAL,MARGINAL,467
5.258,58.701,1367.438,0.639,30.161,NON_POTABLE,NON_POTABLE,468
6.829,29.409,858.378,0.834,27.543,NON_POTABLE,NON_POTABLE,469
6.237,77.663,1147.343,2.922,25.669,NON_POTABLE,NON_POTABLE,470
7.112,5.414,673.018,4.288,33.007,MARGINAL,MARGINAL,471
6.281,5.463,657.972,6.677,23.232,MARGINAL,MARGINAL,472
8.023,1.295,153.991,8.136,24.94,POTABLE,MARGINAL,473
6.218,13.148,688.005,5.897,28.949,MARGINAL,MARGINAL,474
6.033,0.0,542.906,5.449,26.813,MARGINAL,MARGINAL,475
8.116,3.496,511.963,4.864,25.018,MARGINAL,MARGINAL,476
8.975,3.592,597.576,5.883,24.227,MARGINAL,MARGINAL,477
8.438,7.888,298.117,9.656,17.438,POTABLE,MARGINAL,478
7.105,0.0,361.589,8.391,16.041,POTABLE,POTABLE,479
6.694,0.0,309.181,8.937,22.807,POTABLE,POTABLE,480
7.717,62.795,1083.557,3.082,31.172,NON_POTABLE,NON_POTABLE,481
9.096,58.53,1214.839,3.351,39.447,NON_POTABLE,NON_POTABLE,482
6.565,3.592,291.458,10.431,29.843,POTABLE,MARGINAL,483
8.569,1.577,555.122,6.695,26.52,MARGINAL,MARGINAL,484
7.672,12.866,797.941,0.751,31.835,NON_POTABLE,NON_POTABLE,485
6.715,45.265,836.947,1.457,31.67,NON_POTABLE,NON_POTABLE,486
5.779,2.645,473.57,9.301,18.807,POTABLE,MARGINAL,487
6.588,1.028,228.829,4.265,27.58,MARGINAL,MARGINAL,488
6.803,3.628,274.979,7.982,23.919,POTABLE,MARGINAL,489
7.053,0.0,247.305,9.567,26.226,POTABLE,POTABLE,490
7.775,0.0,471.741,10.067,20.612,POTABLE,POTABLE,491
7.07,0.0,275.347,8.039,22.99,POTABLE,POTABLE,492
7.104,1.604,172.959,10.179,26.695,POTABLE,MARGINAL,493
5.741,16.474,644.249,5.476,26.975,MARGINAL,MARGINAL,494
7.642,0.0,292.173,8.738,25.135,POTABLE,POTABLE,495
7.655,27.003,764.086,2.132,17.33,NON_POTABLE,NON_POTABLE,496
6.573,0.0,385.582,8.211,22.849,POTABLE,POTABLE,497
7.777,2.603,316.81,8.483,27.45,POTABLE,MARGINAL,498
6.873,0.0,403.129,10.519,30.496,POTABLE,POTABLE,499
8.189,17.376,581.462,3.634,24.548,MARGINAL,MARGINAL,500
8.933,8.106,721.527,6.528,24.48,MARGINAL,MARGINAL,501
2.801,57.926,1025.813,0.0,26.185,NON_POTABLE,NON_POTABLE,502
5.884,3.094,145.752,8.189,19.838,POTABLE,MARGINAL,503
8.086,42.102,1022.533,1.071,38.316,NON_POTABLE,NON_POTABLE,504
6.473,7.227,430.409,9.088,26.083,POTABLE,MARGINAL,505
5.987,4.101,473.29,9.263,34.916,POTABLE,MARGINAL,506
6.762,5.37,446.682,9.895,20.597,POTABLE,MARGINAL,507
7.013,0.0,229.064,6.905,23.428,POTABLE,POTABLE,508
7.163,5.444,307.6,8.813,16.817,POTABLE,MARGINAL,509
7.226,0.0,465.037,4.161,26.843,MARGINAL,MARGINAL,510
2.672,43.896,445.281,0.864,29.913,NON_POTABLE,NON_POTABLE,511
6.529,9.764,304.61,4.967,20.468,MARGINAL,MARGINAL,512
7.311,4.904,229.352,9.666,25.03,POTABLE,MARGINAL,513
6.346,0.172,501.466,8.007,23.098,POTABLE,MARGINAL,514
7.256,0.0,505.815,9.045,25.779,POTABLE,MARGINAL,515
8.088,0.0,450.846,8.695,17.566,POTABLE,POTABLE,516
8.464,9.538,539.276,5.449,27.522,MARGINAL,MARGINAL,517
7.113,4.431,362.063,9.117,26.381,POTABLE,MARGINAL,518
7.27,0.0,486.248,8.841,17.474,POTABLE,POTABLE,519
5.679,41.184,1065.513,3.376,30.302,NON_POTABLE,NON_POTABLE,520
5.664,57.731,902.644,1.839,31.8,NON_POTABLE,NON_POTABLE,521
6.748,4.903,477.29,5.81,30.564,MARGINAL,MARGINAL,522
7.068,0.0,417.605,7.877,21.966,POTABLE,POTABLE,523
9.071,11.242,647.432,5.743,23.907,MARGINAL,NON_POTABLE,524
7.239,14.262,710.914,6.983,19.305,MARGINAL,MARGINAL,525
7.001,3.234,303.921,8.403,26.28,POTABLE,MARGINAL,526
8.57,39.505,853.249,4.91,38.158,NON_POTABLE,MARGINAL,527
8.993,5.721,364.543,4.638,27.333,MARGINAL,MARGINAL,528
8.604,6.987,641.883,3.83,19.876,MARGINAL,MARGINAL,529
0.904,18.149,908.153,2.313,14.774,NON_POTABLE,NON_POTABLE,530
7.835,1.775,422.577,4.961,27.272,MARGINAL,MARGINAL,531
6.841,4.584,443.67,7.626,22.626,POTABLE,MARGINAL,532
6.805,20.513,522.455,6.305,26.491,MARGINAL,MARGINAL,533
7.013,2.581,471.738,8.726,26.238,POTABLE,MARGINAL,534
6.411,22.438,526.553,6.916,25.093,MARGINAL,MARGINAL,535
8.287,13.068,699.68,6.818,30.928,MARGINAL,MARGINAL,536
6.754,4.282,220.418,7.507,24.115,POTABLE,MARGINAL,537
7.713,4.272,645.113,5.315,27.678,MARGINAL,MARGINAL,538
7.896,6.957,548.824,2.739,22.044,MARGINAL,MARGINAL,539
8.749,97.066,1046.564,3.17,35.203,NON_POTABLE,NON_POTABLE,540
7.482,0.565,362.247,9.305,22.093,POTABLE,POTABLE,541
8.403,12.79,405.09,5.513,25.388,MARGINAL,MARGINAL,542
6.529,3.271,150.867,9.749,21.467,POTABLE,MARGINAL,543
6.482,100.0,842.189,0.952,35.915,NON_POTABLE,NON_POTABLE,544
5.056,23.022,571.371,0.136,27.132,NON_POTABLE,NON_POTABLE,545
7.827,16.111,428.326,7.662,22.561,MARGINAL,MARGINAL,546
8.562,2.889,623.26,4.718,23.535,MARGINAL,MARGINAL,547
11.436,79.593,1135.164,4.286,30.113,NON_POTABLE,NON_POTABLE,548
8.1,15.328,300.891,4.11,22.042,MARGINAL,MARGINAL,549
8.001,0.0,236.338,7.424,21.46,POTABLE,POTABLE,550
8.065,9.267,304.572,5.655,20.268,MARGINAL,MARGINAL,551
7.082,6.293,533.22,6.132,21.37,MARGINAL,MARGINAL,552
4.458,99.44,852.996,2.913,33.478,NON_POTABLE,NON_POTABLE,553
6.673,0.0,367.566,10.831,20.388,POTABLE,POTABLE,554
7.286,7.241,464.178,5.026,21.031,MARGINAL,MARGINAL,555
7.344,0.0,311.252,5.633,29.354,POTABLE,MARGINAL,556
4.384,23.21,939.653,0.359,28.857,NON_POTABLE,NON_POTABLE,557
6.842,81.21,975.458,2.066,26.751,NON_POTABLE,NON_POTABLE,558
6.213,47.604,902.712,0.622,27.906,NON_POTABLE,NON_POTABLE,559
7.743,6.378,348.937,6.655,31.868,MARGINAL,MARGINAL,560
3.109,66.494,1007.746,1.167,34.627,NON_POTABLE,NON_POTABLE,561
7.73,9.375,381.453,6.272,23.891,MARGINAL,MARGINAL,562
6.173,8.995,482.749,7.046,21.123,MARGINAL,MARGINAL,563
7.202,13.742,321.918,7.698,22.195,MARGINAL,MARGINAL,564
6.994,0.208,434.711,7.099,22.416,POTABLE,POTABLE,565
1.831,19.291,801.725,0.344,33.869,NON_POTABLE,NON_POTABLE,566
5.312,28.796,789.504,1.538,37.336,NON_POTABLE,NON_POTABLE,567
7.574,0.037,143.308,7.052,22.588,POTABLE,POTABLE,568
7.279,14.169,502.583,4.988,20.345,MARGINAL,MARGINAL,569
5.873,71.927,424.674,0.0,15.997,NON_POTABLE,NON_POTABLE,570
4.741,48.064,730.425,3.369,24.345,NON_POTABLE,NON_POTABLE,571
6.879,49.931,596.597,0.578,26.728,NON_POTABLE,NON_POTABLE,572
6.22,57.338,1127.204,2.282,35.359,NON_POTABLE,NON_POTABLE,573
7.385,13.308,390.059,5.475,27.701,MARGINAL,MARGINAL,574
7.308,0.0,191.608,8.272,20.299,POTABLE,POTABLE,575
3.89,4.924,1019.412,1.403,33.476,NON_POTABLE,NON_POTABLE,576
6.615,0.0,413.107,9.266,29.138,POTABLE,POTABLE,577
1.705,6.644,990.555,2.538,30.498,NON_POTABLE,NON_POTABLE,578
8.369,0.0,508.729,5.108,20.411,MARGINAL,MARGINAL,579
4.62,34.754,900.266,1.981,26.444,NON_POTABLE,NON_POTABLE,580
7.238,1.886,246.133,6.635,25.249,POTABLE,MARGINAL,581
8.917,75.976,780.724,3.318,36.237,NON_POTABLE,NON_POTABLE,582
7.348,0.0,382.521,8.836,26.733,POTABLE,POTABLE,583
6.557,65.037,1123.121,2.075,17.918,NON_POTABLE,NON_POTABLE,584
7.931,2.726,485.485,10.078,27.24,POTABLE,MARGINAL,585
6.051,2.607,452.141,4.9,21.566,MARGINAL,MARGINAL,586
4.68,23.484,599.477,0.929,27.385,NON_POTABLE,NON_POTABLE,587
9.192,4.87,582.56,6.085,27.796,MARGINAL,NON_POTABLE,588
7.665,0.0,119.696,9.099,27.079,POTABLE,POTABLE,589
1.692,64.631,858.171,2.877,37.489,NON_POTABLE,NON_POTABLE,590
7.001,61.507,968.597,3.296,28.46,NON_POTABLE,NON_POTABLE,591
7.694,3.055,323.324,8.711,22.643,POTABLE,MARGINAL,592
8.723,5.699,484.215,5.554,25.585,MARGINAL,MARGINAL,593
4.792,32.445,1430.082,2.066,39.542,NON_POTABLE,NON_POTABLE,594
4.243,17.384,752.936,2.153,29.837,NON_POTABLE,NON_POTABLE,595
7.272,0.0,264.083,9.029,22.644,POTABLE,POTABLE,596
7.605,16.536,767.136,6.06,24.364,MARGINAL,MARGINAL,597
6.911,2.634,785.5,6.224,27.505,MARGINAL,MARGINAL,598
7.126,0.0,311.598,9.903,26.579,POTABLE,POTABLE,599
7.307,0.0,387.614,8.583,21.254,POTABLE,POTABLE,600
7.239,2.691,354.245,8.28,25.855,POTABLE,MARGINAL,601
0.005,30.469,967.915,1.375,25.68,NON_POTABLE,NON_POTABLE,602
7.43,0.0,273.637,11.121,20.918,POTABLE,POTABLE,603
3.962,63.72,458.076,3.279,28.938,NON_POTABLE,NON_POTABLE,604
2.533,100.0,991.908,0.648,37.379,NON_POTABLE,NON_POTABLE,605
8.075,0.959,458.826,5.048,26.625,MARGINAL,MARGINAL,606
6.58,3.92,281.91,9.423,20.427,POTABLE,MARGINAL,607
7.638,11.488,482.198,2.684,28.819,MARGINAL,MARGINAL,608
3.4,65.98,1038.995,1.793,30.53,NON_POTABLE,NON_POTABLE,609
3.415,20.394,1007.35,1.559,26.179,NON_POTABLE,NON_POTABLE,610
6.917,0.0,434.923,9.031,23.031,POTABLE,POTABLE,611
3.986,42.409,731.303,0.6,27.41,NON_POTABLE,NON_POTABLE,612
6.92,0.114,338.074,6.767,28.417,POTABLE,POTABLE,613
7.503,0.0,409.246,8.74,22.177,POTABLE,POTABLE,614
3.854,57.441,990.7,1.182,25.667,NON_POTABLE,NON_POTABLE,615
8.399,8.955,567.501,8.0,25.585,MARGINAL,MARGINAL,616
6.835,0.436,194.011,8.042,19.188,POTABLE,POTABLE,617
6.825,0.0,461.275,7.957,23.668,POTABLE,POTABLE,618
6.396,1.593,384.892,9.385,27.286,POTABLE,MARGINAL,619
6.672,0.344,329.713,9.089,22.284,POTABLE,POTABLE,620
8.091,1.095,266.706,10.831,26.696,POTABLE,MARGINAL,621
6.713,10.853,705.096,2.917,32.582,MARGINAL,MARGINAL,622
7.65,0.0,462.473,10.085,24.126,POTABLE,POTABLE,623
7.922,6.62,637.46,3.949,23.247,MARGINAL,MARGINAL,624
0.0,65.877,1224.352,1.297,35.105,NON_POTABLE,NON_POTABLE,625
0.0,52.841,600.904,0.965,25.19,NON_POTABLE,NON_POTABLE,626
7.397,0.0,244.228,6.835,28.33,POTABLE,POTABLE,627
6.377,0.0,488.453,7.829,21.893,POTABLE,MARGINAL,628
7.439,0.892,352.989,7.287,16.573,POTABLE,POTABLE,629
5.995,0.0,414.147,13.128,23.296,POTABLE,MARGINAL,630
6.271,0.0,236.226,6.39,30.851,POTABLE,MARGINAL,631
7.382,2.575,453.429,7.727,24.714,POTABLE,MARGINAL,632
6.311,0.592,289.147,7.715,28.223,POTABLE,MARGINAL,633
8.943,0.0,586.878,3.27,22.243,MARGINAL,MARGINAL,634
8.826,9.396,710.933,4.644,28.288,MARGINAL,MARGINAL,635
6.215,0.0,115.121,8.953,27.943,POTABLE,MARGINAL,636
6.219,0.0,466.235,8.331,25.083,POTABLE,MARGINAL,637
2.727,50.86,497.688,1.606,25.087,NON_POTABLE,NON_POTABLE,638
4.877,96.16,865.883,1.99,36.456,NON_POTABLE,NON_POTABLE,639
8.017,1.502,499.297,3.609,33.821,MARGINAL,MARGINAL,640
8.562,3.898,799.812,6.318,27.561,MARGINAL,MARGINAL,641
9.266,6.937,621.219,6.011,28.613,MARGINAL,NON_POTABLE,642
6.768,7.572,626.8,4.242,16.741,MARGINAL,MARGINAL,643
6.976,5.159,509.361,4.544,21.32,MARGINAL,MARGINAL,644
3.988,58.659,1105.769,4.963,28.371,NON_POTABLE,NON_POTABLE,645
9.18,13.145,529.002,8.368,32.318,MARGINAL,NON_POTABLE,646
6.796,14.227,565.48,6.355,21.109,MARGINAL,MARGINAL,647
7.208,77.766,1097.002,1.322,31.729,NON_POTABLE,NON_POTABLE,648
7.536,3.521,376.681,6.105,27.13,POTABLE,MARGINAL,649
0.0,59.249,992.691,0.775,36.288,NON_POTABLE,NON_POTABLE,650
7.577,0.0,667.243,6.573,24.043,MARGINAL,MARGINAL,651
8.671,0.0,223.362,10.135,17.868,POTABLE,MARGINAL,652
2.73,30.96,1002.124,0.314,33.377,NON_POTABLE,NON_POTABLE,653
7.018,6.077,624.016,4.763,28.532,MARGINAL,MARGINAL,654
7.447,0.0,156.778,7.794,25.258,POTABLE,POTABLE,655
8.095,11.486,715.069,4.524,28.709,MARGINAL,MARGINAL,656
3.723,33.618,875.443,3.543,24.015,NON_POTABLE,NON_POTABLE,657
6.643,0.0,206.605,9.624,20.81,POTABLE,POTABLE,658
6.807,5.331,457.452,8.93,22.396,POTABLE,MARGINAL,659
7.122,2.99,498.443,9.352,26.358,POTABLE,MARGINAL,660
7.272,0.0,303.486,8.198,30.292,POTABLE,POTABLE,661
7.124,0.0,296.315,8.414,25.425,POTABLE,POTABLE,662
8.515,10.204,240.23,5.154,27.11,MARGINAL,MARGINAL,663
6.711,0.0,377.553,8.643,22.64,POTABLE,POTABLE,664
6.824,10.695,571.216,5.238,28.234,MARGINAL,MARGINAL,665
6.862,0.0,498.072,4.829,31.569,MARGINAL,MARGINAL,666
6.861,0.0,362.42,6.904,18.054,POTABLE,POTABLE,667
7.511,0.0,586.087,6.42,29.354,MARGINAL,MARGINAL,668
3.603,76.513,901.341,1.218,29.662,NON_POTABLE,NON_POTABLE,669
5.563,0.0,296.005,9.51,23.728,POTABLE,MARGINAL,670
7.715,6.391,780.397,3.665,24.244,MARGINAL,MARGINAL,671
7.03,0.0,322.284,8.383,27.503,POTABLE,POTABLE,672
6.852,0.0,266.222,7.996,28.675,POTABLE,POTABLE,673
7.275,2.023,413.353,8.738,25.02,POTABLE,MARGINAL,674
7.404,0.0,246.87,7.926,29.578,POTABLE,POTABLE,675
8.161,19.061,778.537,3.986,25.581,MARGINAL,MARGINAL,676
8.513,5.19,662.109,5.32,24.028,MARGINAL,MARGINAL,677
6.459,0.533,40.866,7.065,26.931,POTABLE,MARGINAL,678
4.209,48.91,840.246,1.52,22.954,NON_POTABLE,NON_POTABLE,679
7.165,5.012,610.607,4.391,33.504,MARGINAL,MARGINAL,680
8.248,8.445,632.928,6.058,23.589,MARGINAL,MARGINAL,681
6.446,2.752,358.003,7.457,17.746,POTABLE,MARGINAL,682
6.733,0.0,237.697,7.065,27.945,POTABLE,POTABLE,683
7.747,8.947,580.23,5.717,28.924,MARGINAL,MARGINAL,684
1.666,3.573,1014.055,2.786,29.805,NON_POTABLE,NON_POTABLE,685
7.441,99.589,1365.507,0.896,33.541,NON_POTABLE,NON_POTABLE,686
6.913,2.279,326.713,7.4,22.417,POTABLE,MARGINAL,687
6.787,8.737,646.278,9.035,24.093,MARGINAL,MARGINAL,688
6.036,22.694,889.187,4.194,16.173,NON_POTABLE,MARGINAL,689
4.848,45.35,993.621,2.808,31.675,NON_POTABLE,NON_POTABLE,690
5.577,53.628,835.18,1.869,35.529,NON_POTABLE,NON_POTABLE,691
6.878,46.06,906.731,0.0,21.755,NON_POTABLE,NON_POTABLE,692
7.107,4.347,348.135,7.061,19.562,POTABLE,MARGINAL,693
7.509,13.378,491.96,7.638,24.146,MARGINAL,MARGINAL,694
7.514,2.128,395.427,10.126,19.45,POTABLE,MARGINAL,695
6.989,14.565,384.098,4.794,20.013,MARGINAL,MARGINAL,696
6.215,0.659,289.74,9.246,27.549,POTABLE,MARGINAL,697
7.502,5.639,473.592,5.241,27.895,POTABLE,MARGINAL,698
7.79,10.061,264.299,4.804,20.687,MARGINAL,MARGINAL,699
7.948,0.0,329.953,9.82,20.478,POTABLE,POTABLE,700
5.081,54.389,754.441,0.26,31.564,NON_POTABLE,NON_POTABLE,701
5.029,71.064,562.44,1.195,22.289,NON_POTABLE,NON_POTABLE,702
7.396,3.332,450.765,4.421,30.372,MARGINAL,MARGINAL,703
7.317,8.717,294.693,5.527,29.444,MARGINAL,MARGINAL,704
5.869,60.292,986.357,4.891,25.174,NON_POTABLE,NON_POTABLE,705
10.35,100.0,728.536,2.357,36.548,NON_POTABLE,NON_POTABLE,706
8.452,11.984,473.308,7.181,20.323,MARGINAL,MARGINAL,707
7.449,0.055,322.209,7.254,22.033,POTABLE,POTABLE,708
6.242,0.238,640.028,4.471,27.049,MARGINAL,MARGINAL,709
7.725,0.0,580.585,4.437,23.601,MARGINAL,MARGINAL,710
7.26,84.141,976.103,3.129,27.349,NON_POTABLE,NON_POTABLE,711
6.72,5.881,316.026,7.428,18.1,POTABLE,MARGINAL,712
6.764,2.095,295.629,8.456,30.207,POTABLE,MARGINAL,713
5.616,91.241,1482.348,2.068,29.936,NON_POTABLE,NON_POTABLE,714
6.706,0.964,320.242,7.538,22.226,MARGINAL,POTABLE,715
7.556,6.333,277.042,7.525,27.782,POTABLE,MARGINAL,716
7.881,4.069,652.157,4.478,23.762,MARGINAL,MARGINAL,717
7.943,8.817,189.008,9.487,24.331,POTABLE,MARGINAL,718
6.39,0.0,188.504,9.939,21.725,POTABLE,MARGINAL,719
6.482,3.374,577.107,5.756,27.62,MARGINAL,MARGINAL,720
4.561,68.334,1149.276,1.131,25.486,NON_POTABLE,NON_POTABLE,721
7.153,0.159,435.14,10.183,25.005,POTABLE,POTABLE,722
7.208,1.597,85.373,10.047,22.754,POTABLE,MARGINAL,723
2.185,6.166,556.514,1.934,26.711,NON_POTABLE,NON_POTABLE,724
7.614,20.975,479.061,6.694,29.333,MARGINAL,MARGINAL,725
2.834,47.922,1269.229,2.731,35.903,NON_POTABLE,NON_POTABLE,726
7.81,2.011,465.423,10.064,27.831,POTABLE,MARGINAL,727
7.126,0.0,152.69,9.675,21.921,POTABLE,POTABLE,728
7.506,9.041,541.968,4.866,25.567,MARGINAL,MARGINAL,729
6.867,14.242,434.988,5.817,19.59,MARGINAL,MARGINAL,730
5.471,54.734,754.401,0.692,34.871,NON_POTABLE,NON_POTABLE,731
7.305,0.772,293.47,8.668,17.223,POTABLE,POTABLE,732
2.688,34.242,1246.1,2.513,28.963,NON_POTABLE,NON_POTABLE,733
6.881,0.0,322.901,6.992,24.794,POTABLE,POTABLE,734
3.722,57.553,1230.778,1.532,21.284,NON_POTABLE,NON_POTABLE,735
4.376,80.012,993.41,0.876,16.732,NON_POTABLE,NON_POTABLE,736
7.612,0.0,301.856,7.839,29.423,POTABLE,POTABLE,737
7.516,0.0,262.089,8.037,19.24,POTABLE,POTABLE,738
7.798,0.0,605.774,4.827,28.933,MARGINAL,MARGINAL,739
7.39,2.292,53.697,8.051,24.852,POTABLE,MARGINAL,740
8.21,22.018,536.349,5.611,24.649,MARGINAL,MARGINAL,741
7.335,6.696,305.681,7.98,19.816,POTABLE,MARGINAL,742
6.141,15.011,527.492,6.216,28.943,MARGINAL,MARGINAL,743
6.506,48.001,963.012,2.517,28.51,NON_POTABLE,NON_POTABLE,744
5.913,93.946,812.377,1.304,13.327,NON_POTABLE,NON_POTABLE,745
7.314,0.825,481.204,5.603,17.346,MARGINAL,MARGINAL,746
7.96,3.018,421.634,9.19,32.823,POTABLE,MARGINAL,747
7.153,0.017,317.179,8.315,27.841,POTABLE,POTABLE,748
8.589,2.217,314.271,6.272,21.791,POTABLE,MARGINAL,749
1.143,27.913,1317.692,1.506,19.847,NON_POTABLE,NON_POTABLE,750
8.821,1.06,482.974,6.146,26.03,MARGINAL,MARGINAL,751
6.825,8.611,268.829,4.733,27.761,MARGINAL,MARGINAL,752
5.284,77.872,999.12,2.516,39.448,NON_POTABLE,NON_POTABLE,753
6.473,75.444,773.303,0.0,21.703,NON_POTABLE,NON_POTABLE,754
6.373,53.227,1117.397,2.522,22.697,NON_POTABLE,NON_POTABLE,755
7.677,1.759,111.309,8.433,24.227,POTABLE,MARGINAL,756
7.407,18.653,520.213,3.619,29.402,MARGINAL,MARGINAL,757
8.249,6.108,401.954,4.889,21.728,MARGINAL,MARGINAL,758
5.867,59.709,1068.125,0.981,23.915,NON_POTABLE,NON_POTABLE,759
5.648,5.289,420.401,8.634,29.139,MARGINAL,MARGINAL,760
8.028,1.799,485.721,5.845,23.043,MARGINAL,MARGINAL,761
7.437,0.0,422.27,9.268,18.312,POTABLE,POTABLE,762
7.149,0.0,234.229,8.544,18.514,POTABLE,POTABLE,763
7.75,3.486,544.49,7.29,26.584,MARGINAL,MARGINAL,764
9.996,80.718,1426.566,3.233,34.788,NON_POTABLE,NON_POTABLE,765
6.04,3.607,278.852,7.407,26.654,POTABLE,MARGINAL,766
7.626,0.0,209.597,8.998,25.74,POTABLE,POTABLE,767
6.809,8.284,709.917,4.703,21.227,MARGINAL,MARGINAL,768
7.456,0.843,752.998,5.365,24.367,MARGINAL,MARGINAL,769
7.051,2.387,279.288,9.695,21.905,POTABLE,MARGINAL,770
7.379,0.172,406.228,4.822,25.324,MARGINAL,MARGINAL,771
7.717,0.397,237.587,9.332,20.526,POTABLE,POTABLE,772
7.479,0.0,336.056,8.457,27.854,POTABLE,POTABLE,773
7.158,2.745,343.369,8.307,25.165,POTABLE,MARGINAL,774
4.355,44.098,612.914,2.079,25.232,NON_POTABLE,NON_POTABLE,775
8.219,10.528,462.866,5.638,24.989,MARGINAL,MARGINAL,776
6.513,6.239,305.982,8.509,25.845,POTABLE,MARGINAL,777
6.86,0.0,341.662,8.285,26.498,POTABLE,POTABLE,778
7.198,1.819,424.287,7.328,21.626,POTABLE,MARGINAL,779
1.952,60.471,842.124,3.623,24.919,NON_POTABLE,NON_POTABLE,780
9.642,7.092,611.177,4.258,21.692,MARGINAL,NON_POTABLE,781
8.704,7.116,666.697,4.467,29.518,MARGINAL,MARGINAL,782
5.839,53.345,1029.234,1.261,28.89,NON_POTABLE,NON_POTABLE,783
8.295,5.58,590.792,4.253,36.366,MARGINAL,MARGINAL,784
7.42,33.227,1283.985,1.856,19.032,NON_POTABLE,NON_POTABLE,785
9.669,11.644,662.892,7.432,31.972,MARGINAL,NON_POTABLE,786
3.371,54.357,983.103,4.601,26.36,NON_POTABLE,NON_POTABLE,787
8.271,0.531,280.396,7.023,30.303,POTABLE,POTABLE,788
7.214,6.089,608.302,5.73,29.559,MARGINAL,MARGINAL,789
7.469,1.644,560.5,8.653,23.211,POTABLE,MARGINAL,790
7.846,9.123,530.768,3.79,29.151,MARGINAL,MARGINAL,791
6.732,2.975,553.661,9.11,21.701,POTABLE,MARGINAL,792
7.338,58.603,904.583,2.718,30.053,NON_POTABLE,NON_POTABLE,793
6.785,0.0,432.935,8.934,30.809,POTABLE,POTABLE,794
7.455,18.871,1500.0,0.548,22.655,NON_POTABLE,NON_POTABLE,795
6.345,0.0,486.961,9.329,25.639,POTABLE,MARGINAL,796
7.429,1.718,231.295,7.772,20.542,POTABLE,MARGINAL,797
7.204,8.808,494.806,5.216,27.282,MARGINAL,MARGINAL,798
5.73,11.41,805.81,2.205,33.851,NON_POTABLE,NON_POTABLE,799
7.626,0.0,261.769,8.282,23.869,POTABLE,POTABLE,800
6.891,6.986,496.61,5.337,24.262,MARGINAL,MARGINAL,801
6.357,0.0,339.093,8.12,27.711,POTABLE,MARGINAL,802
7.453,15.322,191.043,5.399,26.63,MARGINAL,MARGINAL,803
7.308,0.0,246.834,7.683,26.668,POTABLE,POTABLE,804
7.831,17.016,514.165,6.684,24.35,MARGINAL,MARGINAL,805
5.612,74.125,1303.92,3.626,29.117,NON_POTABLE,NON_POTABLE,806
5.92,11.951,482.561,3.728,22.594,MARGINAL,MARGINAL,807
8.651,39.992,952.675,1.252,22.716,NON_POTABLE,NON_POTABLE,808
6.112,0.403,282.169,11.38,30.418,POTABLE,MARGINAL,809
3.13,36.699,689.206,3.189,27.258,NON_POTABLE,NON_POTABLE,810
7.547,0.0,379.883,8.787,17.862,POTABLE,POTABLE,811
6.405,0.433,435.994,8.427,26.862,POTABLE,MARGINAL,812
6.583,1.615,461.104,7.934,25.047,POTABLE,MARGINAL,813
6.865,4.717,415.912,7.587,22.636,POTABLE,MARGINAL,814
7.045,5.035,375.001,5.348,20.355,MARGINAL,MARGINAL,815
7.903,3.987,546.713,5.862,27.131,MARGINAL,MARGINAL,816
6.46,18.493,702.615,4.838,25.672,MARGINAL,MARGINAL,817
7.457,12.576,486.276,5.128,24.825,MARGINAL,MARGINAL,818
4.822,74.203,1007.413,1.342,40.706,NON_POTABLE,NON_POTABLE,819
7.745,10.497,448.098,6.081,23.224,MARGINAL,MARGINAL,820
8.243,7.497,190.892,7.576,24.299,POTABLE,MARGINAL,821
1.136,78.968,884.687,3.534,42.698,NON_POTABLE,NON_POTABLE,822
7.244,13.485,433.978,3.212,29.328,MARGINAL,MARGINAL,823
4.599,71.061,1028.548,0.0,26.588,NON_POTABLE,NON_POTABLE,824
8.326,25.379,628.224,6.448,24.731,MARGINAL,MARGINAL,825
6.054,0.0,271.445,8.831,22.289,POTABLE,MARGINAL,826
8.11,3.299,170.854,8.314,22.151,POTABLE,MARGINAL,827
6.705,0.0,396.442,9.484,26.371,POTABLE,POTABLE,828
7.024,90.614,996.162,0.805,27.339,NON_POTABLE,NON_POTABLE,829
8.568,13.288,388.489,5.953,27.114,MARGINAL,MARGINAL,830
2.072,3.645,840.443,2.482,31.795,NON_POTABLE,NON_POTABLE,831
7.257,1.287,355.117,9.211,27.422,POTABLE,MARGINAL,832
7.109,0.0,384.871,7.959,24.513,POTABLE,POTABLE,833
7.569,60.501,784.144,0.442,20.106,NON_POTABLE,NON_POTABLE,834
7.359,17.512,515.409,3.692,21.236,MARGINAL,MARGINAL,835
7.389,15.918,511.326,7.059,29.575,MARGINAL,MARGINAL,836
3.228,51.91,1179.266,1.831,32.515,NON_POTABLE,NON_POTABLE,837
7.009,0.0,355.212,7.773,20.113,POTABLE,POTABLE,838
7.497,16.111,461.325,7.149,25.567,MARGINAL,MARGINAL,839
7.736,6.844,407.992,7.573,18.93,MARGINAL,MARGINAL,840
2.973,81.295,776.359,1.102,35.563,NON_POTABLE,NON_POTABLE,841
7.529,0.0,315.365,9.175,18.362,POTABLE,POTABLE,842
8.301,0.0,370.158,9.788,25.168,POTABLE,POTABLE,843
7.455,2.797,440.606,6.718,24.189,POTABLE,MARGINAL,844
6.618,1.686,382.669,9.586,24.082,POTABLE,MARGINAL,845
7.219,66.397,786.12,2.865,29.544,NON_POTABLE,NON_POTABLE,846
7.974,7.535,608.241,4.879,20.345,MARGINAL,MARGINAL,847
3.954,7.312,911.763,2.633,26.835,NON_POTABLE,NON_POTABLE,848
7.456,22.967,824.041,3.903,30.605,NON_POTABLE,MARGINAL,849
3.711,67.189,931.983,1.944,30.055,NON_POTABLE,NON_POTABLE,850
6.554,0.0,336.227,7.691,20.939,POTABLE,POTABLE,851
7.253,0.0,354.657,7.708,22.46,POTABLE,POTABLE,852
8.023,0.468,578.74,7.828,23.179,POTABLE,MARGINAL,853
7.962,12.638,354.847,5.925,23.268,MARGINAL,MARGINAL,854
7.489,2.292,719.267,5.325,23.116,MARGINAL,MARGINAL,855
6.833,4.646,167.818,6.916,23.595,POTABLE,MARGINAL,856
7.528,3.589,365.218,9.451,22.967,POTABLE,MARGINAL,857
7.179,0.927,241.056,6.954,25.315,POTABLE,POTABLE,858
1.0,14.908,1114.992,0.056,31.695,NON_POTABLE,NON_POTABLE,859
7.627,11.674,501.699,4.153,19.22,MARGINAL,MARGINAL,860
7.75,0.0,762.62,6.965,25.618,MARGINAL,MARGINAL,861
7.876,1.484,625.076,4.305,23.91,MARGINAL,MARGINAL,862
8.368,8.619,631.546,3.199,31.919,MARGINAL,MARGINAL,863
6.063,59.284,833.485,4.058,28.613,NON_POTABLE,NON_POTABLE,864
7.365,4.004,435.348,6.811,22.571,MARGINAL,MARGINAL,865
8.538,11.94,538.64,2.756,31.659,MARGINAL,MARGINAL,866
6.263,0.0,43.835,7.394,19.249,POTABLE,MARGINAL,867
8.143,16.942,189.449,6.757,21.224,MARGINAL,MARGINAL,868
8.286,0.701,426.15,4.765,30.61,MARGINAL,MARGINAL,869
9.237,59.083,491.497,3.416,31.162,NON_POTABLE,NON_POTABLE,870
9.308,11.991,296.035,3.976,25.755,MARGINAL,NON_POTABLE,871
7.175,3.745,184.959,8.412,26.525,POTABLE,MARGINAL,872
6.924,2.307,550.206,8.587,21.27,POTABLE,MARGINAL,873
8.645,64.042,809.466,2.248,22.675,NON_POTABLE,NON_POTABLE,874
7.244,10.716,673.718,4.501,27.255,MARGINAL,MARGINAL,875
7.022,17.692,579.299,2.81,29.002,MARGINAL,MARGINAL,876
7.013,15.507,373.258,6.378,32.331,MARGINAL,MARGINAL,877
6.647,2.751,388.212,6.573,27.876,POTABLE,MARGINAL,878
7.64,0.0,339.962,9.729,25.247,POTABLE,POTABLE,879
7.39,0.188,279.089,8.938,27.147,POTABLE,POTABLE,880
6.367,2.021,461.467,8.127,20.702,POTABLE,MARGINAL,881
7.423,2.849,347.765,8.925,22.51,POTABLE,MARGINAL,882
7.808,14.557,734.736,7.729,25.961,MARGINAL,MARGINAL,883
7.428,5.076,314.574,6.315,34.758,MARGINAL,MARGINAL,884
6.624,0.0,456.033,6.087,23.649,POTABLE,MARGINAL,885
6.947,0.0,512.036,6.403,24.313,POTABLE,MARGINAL,886
11.19,76.682,721.981,2.41,21.837,NON_POTABLE,NON_POTABLE,887
7.151,6.651,670.198,5.929,23.291,MARGINAL,MARGINAL,888
7.052,0.733,328.061,7.429,17.691,POTABLE,POTABLE,889
5.694,46.602,716.956,0.8,33.15,NON_POTABLE,NON_POTABLE,890
7.022,8.178,682.846,3.938,25.834,MARGINAL,MARGINAL,891
6.333,72.069,1455.459,2.22,27.603,NON_POTABLE,NON_POTABLE,892
8.11,6.228,298.008,5.23,23.502,MARGINAL,MARGINAL,893
6.026,1.297,635.062,7.805,29.637,MARGINAL,MARGINAL,894
1.245,20.948,1012.156,0.503,28.881,NON_POTABLE,NON_POTABLE,895
7.874,8.12,476.457,5.831,28.621,MARGINAL,MARGINAL,896
6.854,8.404,431.527,4.799,20.804,MARGINAL,MARGINAL,897
8.251,15.709,470.26,3.811,35.02,MARGINAL,MARGINAL,898
7.204,0.0,695.819,4.657,26.334,MARGINAL,MARGINAL,899
6.972,13.053,408.176,5.677,26.5,MARGINAL,MARGINAL,900
7.009,0.0,434.957,6.295,27.365,POTABLE,MARGINAL,901
7.929,0.0,663.457,3.904,18.171,MARGINAL,MARGINAL,902
7.329,25.316,1052.616,3.89,25.754,NON_POTABLE,NON_POTABLE,903
6.982,10.17,605.224,4.814,27.749,MARGINAL,MARGINAL,904
2.814,44.612,842.08,3.277,29.693,NON_POTABLE,NON_POTABLE,905
7.154,4.47,569.426,7.471,18.277,POTABLE,MARGINAL,906
6.739,5.797,338.818,7.926,28.578,MARGINAL,MARGINAL,907
7.129,1.401,364.724,6.402,21.225,POTABLE,MARGINAL,908
6.688,14.067,685.451,6.224,24.087,MARGINAL,MARGINAL,909
2.481,98.207,497.212,2.65,37.236,NON_POTABLE,NON_POTABLE,910
7.135,0.67,429.524,9.671,20.759,POTABLE,POTABLE,911
6.015,6.055,275.394,7.742,20.629,POTABLE,MARGINAL,912
7.803,15.385,612.979,4.616,28.261,MARGINAL,MARGINAL,913
8.483,6.933,737.44,7.881,23.815,MARGINAL,MARGINAL,914
6.013,11.744,671.1,3.71,32.632,NON_POTABLE,MARGINAL,915
6.9,15.115,694.301,6.235,27.875,MARGINAL,MARGINAL,916
7.662,0.713,586.642,6.561,24.739,MARGINAL,MARGINAL,917
0.0,23.694,1111.203,3.526,27.138,NON_POTABLE,NON_POTABLE,918
7.125,33.452,605.154,0.433,24.725,NON_POTABLE,NON_POTABLE,919
7.151,2.744,379.592,8.212,25.116,POTABLE,MARGINAL,920
7.7,23.459,608.811,1.052,26.27,NON_POTABLE,NON_POTABLE,921
7.067,0.63,170.629,9.507,26.784,POTABLE,POTABLE,922
7.134,2.86,109.649,7.033,26.445,POTABLE,MARGINAL,923
6.322,0.0,122.435,8.525,29.55,POTABLE,MARGINAL,924
4.55,67.685,1164.441,1.151,22.053,NON_POTABLE,NON_POTABLE,925
8.098,7.38,507.538,4.679,27.025,MARGINAL,MARGINAL,926
1.615,3.888,1151.296,3.053,30.08,NON_POTABLE,NON_POTABLE,927
4.73,60.684,1248.229,2.658,25.583,NON_POTABLE,NON_POTABLE,928
7.455,0.0,351.343,7.489,24.727,POTABLE,POTABLE,929
7.397,0.394,241.863,7.657,26.172,POTABLE,POTABLE,930
6.828,1.858,229.872,8.035,26.799,POTABLE,MARGINAL,931
6.635,21.031,930.125,0.144,26.06,NON_POTABLE,NON_POTABLE,932
7.217,0.73,128.93,9.308,26.655,POTABLE,POTABLE,933
6.574,0.341,196.349,9.457,19.943,POTABLE,POTABLE,934
7.726,4.513,620.652,5.513,34.852,MARGINAL,MARGINAL,935
7.833,2.806,375.832,8.904,21.733,POTABLE,MARGINAL,936
6.875,63.197,1088.386,1.926,29.267,NON_POTABLE,NON_POTABLE,937
6.919,6.323,655.08,5.953,27.813,MARGINAL,MARGINAL,938
6.926,1.815,291.778,6.57,26.616,POTABLE,MARGINAL,939
6.759,95.888,597.248,1.478,29.714,NON_POTABLE,NON_POTABLE,940
8.401,13.784,693.602,7.11,30.362,MARGINAL,MARGINAL,941
5.043,42.024,842.116,0.938,11.61,NON_POTABLE,NON_POTABLE,942
7.411,61.447,1053.138,2.321,28.683,NON_POTABLE,NON_POTABLE,943
7.54,0.0,440.359,9.094,19.572,POTABLE,POTABLE,944
6.379,3.652,240.725,7.887,20.259,POTABLE,MARGINAL,945
7.099,0.0,292.592,10.079,20.16,POTABLE,POTABLE,946
6.92,0.717,441.703,7.182,22.425,POTABLE,POTABLE,947
6.055,7.133,473.41,7.888,25.258,MARGINAL,MARGINAL,948
6.283,3.268,120.935,8.291,13.699,POTABLE,MARGINAL,949
7.628,13.904,475.149,6.578,19.991,MARGINAL,MARGINAL,950
7.39,4.941,415.167,5.325,37.57,MARGINAL,MARGINAL,951
7.81,64.151,1180.461,3.558,25.299,NON_POTABLE,NON_POTABLE,952
6.912,0.0,406.801,8.598,16.758,POTABLE,POTABLE,953
2.609,73.493,848.312,2.536,23.354,NON_POTABLE,NON_POTABLE,954
6.7,2.561,182.13,9.083,20.493,POTABLE,MARGINAL,955
6.146,1.239,315.666,9.35,25.869,POTABLE,MARGINAL,956
7.907,1.407,248.673,10.524,21.117,POTABLE,MARGINAL,957
7.68,17.775,523.806,6.31,18.977,MARGINAL,MARGINAL,958
0.0,51.381,490.785,1.404,24.238,NON_POTABLE,NON_POTABLE,959
6.904,1.111,440.32,5.513,25.877,MARGINAL,MARGINAL,960
6.737,2.17,281.938,7.861,25.995,POTABLE,MARGINAL,961
6.052,0.0,351.439,10.227,26.02,POTABLE,MARGINAL,962
8.439,7.189,425.024,4.565,24.015,MARGINAL,MARGINAL,963
7.256,2.711,375.92,8.741,23.41,POTABLE,MARGINAL,964
6.188,2.054,485.762,4.821,29.492,MARGINAL,MARGINAL,965
1.412,48.085,656.175,3.964,19.145,NON_POTABLE,NON_POTABLE,966
7.091,0.263,282.586,9.77,26.482,POTABLE,POTABLE,967
6.636,0.566,444.768,7.252,22.396,POTABLE,POTABLE,968
6.438,1.811,546.13,5.331,25.971,MARGINAL,MARGINAL,969
7.149,6.216,581.833,5.651,28.005,MARGINAL,MARGINAL,970
6.717,0.0,193.838,6.877,20.564,POTABLE,POTABLE,971
7.711,3.537,471.291,8.868,27.435,POTABLE,MARGINAL,972
6.716,0.0,235.095,8.415,23.548,POTABLE,POTABLE,973
7.812,7.196,229.32,7.476,24.167,POTABLE,MARGINAL,974
8.248,10.982,632.824,7.784,26.561,MARGINAL,MARGINAL,975
6.454,3.099,582.636,6.09,24.416,MARGINAL,MARGINAL,976
7.565,15.434,708.321,5.17,22.615,MARGINAL,MARGINAL,977
7.341,5.566,246.097,7.472,22.835,POTABLE,MARGINAL,978
2.794,67.115,919.21,1.916,27.255,NON_POTABLE,NON_POTABLE,979
6.945,3.598,435.167,6.113,24.134,MARGINAL,MARGINAL,980
7.867,0.0,441.003,8.817,20.785,POTABLE,POTABLE,981
6.11,0.0,246.422,6.976,24.726,POTABLE,MARGINAL,982
3.073,12.592,1049.484,3.001,25.615,NON_POTABLE,NON_POTABLE,983
7.645,3.264,187.908,6.633,27.651,MARGINAL,MARGINAL,984
8.102,19.546,489.706,4.724,22.352,MARGINAL,MARGINAL,985
7.054,2.642,314.113,9.998,28.412,POTABLE,MARGINAL,986
8.622,7.01,384.27,4.699,30.691,MARGINAL,MARGINAL,987
6.814,0.889,458.628,6.328,30.24,POTABLE,MARGINAL,988
5.839,42.662,1430.653,0.411,29.656,NON_POTABLE,NON_POTABLE,989
5.573,56.783,1130.59,3.485,36.012,NON_POTABLE,NON_POTABLE,990
6.395,0.45,385.144,7.368,23.965,POTABLE,MARGINAL,991
7.283,0.0,302.052,6.416,27.377,POTABLE,MARGINAL,992
5.269,68.503,911.62,2.745,24.762,NON_POTABLE,NON_POTABLE,993
7.911,2.905,243.575,3.751,21.226,MARGINAL,MARGINAL,994
6.626,69.692,971.959,0.069,24.949,NON_POTABLE,NON_POTABLE,995
1.706,30.608,756.226,2.319,34.343,NON_POTABLE,NON_POTABLE,996
9.088,3.861,495.316,4.834,25.412,MARGINAL,NON_POTABLE,997
6.855,5.774,471.407,4.3,25.346,MARGINAL,MARGINAL,998
6.191,3.485,511.23,7.481,28.544,MARGINAL,MARGINAL,999
6.569,0.0,319.43,7.5,22.695,POTABLE,POTABLE,1000
2.548,68.83,724.235,4.322,29.605,NON_POTABLE,NON_POTABLE,1001
5.661,59.408,1500.0,3.393,27.511,NON_POTABLE,NON_POTABLE,1002
6.827,2.675,473.458,9.501,24.608,POTABLE,MARGINAL,1003
7.858,6.298,589.408,5.742,30.03,MARGINAL,MARGINAL,1004
3.054,40.452,832.235,0.783,28.222,NON_POTABLE,NON_POTABLE,1005
8.962,8.601,486.695,6.231,18.698,MARGINAL,MARGINAL,1006
2.926,39.914,1371.787,2.15,32.126,NON_POTABLE,NON_POTABLE,1007
5.841,63.828,730.352,0.242,23.663,NON_POTABLE,NON_POTABLE,1008
6.941,10.429,665.895,4.727,28.42,MARGINAL,MARGINAL,1009
7.687,6.92,488.738,5.947,25.495,MARGINAL,MARGINAL,1010
5.694,70.315,988.917,1.362,26.764,NON_POTABLE,NON_POTABLE,1011
7.933,0.98,210.894,10.655,20.469,POTABLE,POTABLE,1012
6.947,48.02,1027.846,4.318,30.26,NON_POTABLE,NON_POTABLE,1013
6.207,49.836,579.213,1.592,26.934,NON_POTABLE,NON_POTABLE,1014
6.197,3.208,342.649,4.493,24.669,MARGINAL,MARGINAL,1015
7.285,10.675,456.521,5.727,27.325,MARGINAL,MARGINAL,1016
6.265,0.0,207.188,10.682,23.145,POTABLE,MARGINAL,1017
6.353,23.058,560.386,1.294,19.256,NON_POTABLE,NON_POTABLE,1018
8.493,18.517,527.947,8.363,25.268,MARGINAL,MARGINAL,1019
6.173,52.026,578.197,2.405,30.765,NON_POTABLE,NON_POTABLE,1020
8.245,72.394,868.52,0.885,21.831,NON_POTABLE,NON_POTABLE,1021
8.234,41.373,940.804,1.259,32.038,NON_POTABLE,NON_POTABLE,1022
8.594,2.358,115.474,7.34,22.787,POTABLE,MARGINAL,1023
2.828,55.581,1022.628,1.049,29.902,NON_POTABLE,NON_POTABLE,1024
6.954,4.381,155.077,7.429,22.55,POTABLE,MARGINAL,1025
7.419,3.021,248.214,7.206,25.295,POTABLE,MARGINAL,1026
5.823,12.031,380.589,3.087,32.387,MARGINAL,MARGINAL,1027
6.189,31.87,882.111,1.283,30.951,NON_POTABLE,NON_POTABLE,1028
4.906,43.14,1500.0,3.151,31.091,NON_POTABLE,NON_POTABLE,1029
6.325,0.013,290.197,6.916,24.549,POTABLE,MARGINAL,1030
7.01,0.0,416.956,8.883,22.807,POTABLE,POTABLE,1031
10.768,71.377,987.658,3.728,29.954,NON_POTABLE,NON_POTABLE,1032
7.853,11.901,428.474,5.733,28.594,MARGINAL,MARGINAL,1033
6.828,10.217,529.379,5.422,31.33,MARGINAL,MARGINAL,1034
6.068,27.312,655.561,4.615,31.256,NON_POTABLE,MARGINAL,1035
7.73,39.969,1099.627,2.347,30.98,NON_POTABLE,NON_POTABLE,1036
7.461,0.0,448.67,7.198,27.342,POTABLE,POTABLE,1037
7.975,2.604,209.305,8.99,26.166,POTABLE,MARGINAL,1038
7.076,0.0,394.886,9.502,18.247,POTABLE,POTABLE,1039
7.369,1.956,458.795,7.546,26.406,POTABLE,MARGINAL,1040
7.131,2.082,362.574,8.955,19.599,POTABLE,MARGINAL,1041
7.089,4.011,600.474,1.731,24.564,MARGINAL,NON_POTABLE,1042
6.986,3.93,642.388,4.184,24.807,MARGINAL,MARGINAL,1043
7.649,1.685,312.508,8.286,27.597,POTABLE,MARGINAL,1044
7.871,1.521,502.272,9.686,26.264,POTABLE,MARGINAL,1045
6.442,3.814,359.228,8.453,23.973,POTABLE,MARGINAL,1046
7.49,5.974,676.977,3.041,25.887,MARGINAL,MARGINAL,1047
7.722,0.0,331.773,11.311,20.854,POTABLE,POTABLE,1048
7.295,1.66,787.848,4.866,19.361,MARGINAL,MARGINAL,1049
4.853,4.115,1085.603,1.859,20.813,NON_POTABLE,NON_POTABLE,1050
7.274,0.0,378.333,8.844,17.013,POTABLE,POTABLE,1051
7.213,3.07,286.645,8.314,25.123,POTABLE,MARGINAL,1052
7.136,2.631,564.687,2.505,26.519,MARGINAL,MARGINAL,1053
6.588,11.205,638.521,6.429,24.855,MARGINAL,MARGINAL,1054
7.084,2.861,263.748,7.194,28.069,MARGINAL,MARGINAL,1055
7.645,5.672,572.737,4.881,17.304,MARGINAL,MARGINAL,1056
1.851,21.719,563.886,2.005,29.735,NON_POTABLE,NON_POTABLE,1057
7.672,7.58,508.628,7.352,22.883,MARGINAL,MARGINAL,1058
7.074,1.036,435.163,7.93,29.873,POTABLE,MARGINAL,1059
7.435,3.371,451.493,8.996,24.777,POTABLE,MARGINAL,1060
6.502,1.357,192.908,7.233,23.036,POTABLE,MARGINAL,1061
6.39,0.0,347.264,9.031,22.277,POTABLE,MARGINAL,1062
7.171,0.0,489.028,7.403,27.235,POTABLE,POTABLE,1063
7.696,6.573,87.513,7.414,22.428,POTABLE,MARGINAL,1064
6.819,1.821,291.188,9.892,24.481,POTABLE,MARGINAL,1065
1.364,100.0,1078.887,1.637,25.007,NON_POTABLE,NON_POTABLE,1066
5.826,6.429,523.407,5.602,19.86,MARGINAL,MARGINAL,1067
9.162,2.888,451.603,7.008,19.863,MARGINAL,NON_POTABLE,1068
7.66,3.825,290.167,8.94,24.6,POTABLE,MARGINAL,1069
6.975,0.0,148.546,8.548,25.078,POTABLE,POTABLE,1070
7.721,12.123,473.992,5.266,28.739,MARGINAL,MARGINAL,1071
6.154,2.92,477.888,4.939,23.533,MARGINAL,MARGINAL,1072
5.176,61.498,814.79,0.926,32.863,NON_POTABLE,NON_POTABLE,1073
6.272,0.0,454.939,8.067,19.8,POTABLE,MARGINAL,1074
3.422,79.926,856.024,3.338,27.13,NON_POTABLE,NON_POTABLE,1075
7.597,6.18,462.475,4.593,20.279,MARGINAL,MARGINAL,1076
7.45,0.0,351.427,8.716,25.01,POTABLE,POTABLE,1077
6.749,2.568,297.956,8.775,24.694,POTABLE,MARGINAL,1078
7.961,69.149,656.7,4.826,25.407,NON_POTABLE,NON_POTABLE,1079
8.678,6.238,535.995,5.951,26.544,MARGINAL,MARGINAL,1080
6.791,0.0,370.988,7.675,16.026,POTABLE,POTABLE,1081
9.385,30.17,748.314,1.73,22.677,NON_POTABLE,NON_POTABLE,1082
6.828,0.0,362.945,10.983,25.0,POTABLE,POTABLE,1083
7.023,3.932,196.155,9.484,27.128,POTABLE,MARGINAL,1084
6.641,2.428,721.221,5.226,30.554,MARGINAL,MARGINAL,1085
6.598,58.589,447.715,1.549,35.984,NON_POTABLE,NON_POTABLE,1086
6.337,5.019,227.908,8.007,20.916,POTABLE,MARGINAL,1087
7.69,0.0,68.4,9.072,20.599,POTABLE,POTABLE,1088
12.679,28.945,1028.187,1.855,35.942,NON_POTABLE,NON_POTABLE,1089
6.982,11.073,278.776,2.646,23.354,MARGINAL,MARGINAL,1090
7.405,19.807,685.69,5.377,28.705,MARGINAL,MARGINAL,1091
4.466,7.535,1031.855,3.247,25.73,NON_POTABLE,NON_POTABLE,1092
7.083,0.0,255.443,6.952,22.904,POTABLE,POTABLE,1093
7.394,5.371,692.042,6.172,25.487,MARGINAL,MARGINAL,1094
2.349,98.379,668.955,3.581,28.006,NON_POTABLE,NON_POTABLE,1095
6.998,0.0,290.382,8.445,28.496,POTABLE,POTABLE,1096
6.205,1.553,547.508,7.535,23.569,POTABLE,MARGINAL,1097
6.758,4.207,269.632,8.853,26.196,POTABLE,MARGINAL,1098
7.423,4.154,306.312,6.325,18.167,POTABLE,MARGINAL,1099
7.222,13.859,291.006,6.323,31.489,MARGINAL,MARGINAL,1100
8.066,0.0,329.967,7.945,22.557,POTABLE,POTABLE,1101
8.269,15.187,370.78,4.223,33.152,MARGINAL,MARGINAL,1102
4.24,75.785,935.359,2.304,25.389,NON_POTABLE,NON_POTABLE,1103
7.564,1.165,217.845,7.406,20.442,POTABLE,MARGINAL,1104
7.644,4.476,391.96,8.659,25.291,POTABLE,MARGINAL,1105
7.371,0.0,416.051,7.415,21.05,POTABLE,POTABLE,1106
8.048,3.997,1175.226,1.414,28.55,NON_POTABLE,NON_POTABLE,1107
7.917,2.468,621.311,3.799,25.547,MARGINAL,MARGINAL,1108
8.267,60.613,1132.095,0.649,33.387,NON_POTABLE,NON_POTABLE,1109
7.075,2.435,351.465,10.869,26.179,POTABLE,MARGINAL,1110
7.469,9.297,452.919,3.951,30.272,MARGINAL,MARGINAL,1111
7.601,0.0,245.615,10.197,23.06,POTABLE,POTABLE,1112
7.235,0.0,283.475,9.3,20.458,POTABLE,POTABLE,1113
6.241,5.19,416.238,9.642,25.355,POTABLE,MARGINAL,1114
9.461,5.124,479.538,5.601,19.003,MARGINAL,NON_POTABLE,1115
5.715,9.083,567.12,3.252,24.494,MARGINAL,MARGINAL,1116
6.057,0.0,428.063,8.419,27.493,POTABLE,MARGINAL,1117
6.082,13.803,1197.369,3.196,27.917,NON_POTABLE,NON_POTABLE,1118
6.225,0.0,311.652,7.944,23.791,POTABLE,MARGINAL,1119
9.445,85.538,987.022,3.365,28.018,NON_POTABLE,NON_POTABLE,1120
7.403,1.631,371.199,9.381,18.027,POTABLE,MARGINAL,1121
7.393,7.223,521.235,7.066,26.43,MARGINAL,MARGINAL,1122
7.731,4.689,236.065,7.925,26.193,POTABLE,MARGINAL,1123
6.13,2.936,438.401,9.535,22.723,POTABLE,MARGINAL,1124
8.673,1.417,617.188,6.036,25.175,MARGINAL,MARGINAL,1125
7.212,2.351,237.815,7.563,29.999,POTABLE,MARGINAL,1126
8.178,50.792,912.702,2.66,27.801,NON_POTABLE,NON_POTABLE,1127
2.432,49.931,742.508,2.739,40.774,NON_POTABLE,NON_POTABLE,1128
7.242,84.002,944.658,2.289,35.936,NON_POTABLE,NON_POTABLE,1129
8.842,6.668,516.484,6.127,23.923,MARGINAL,MARGINAL,1130
8.149,21.541,481.598,4.982,29.43,MARGINAL,MARGINAL,1131
6.341,62.5,650.78,1.42,36.49,NON_POTABLE,NON_POTABLE,1132
6.971,0.0,414.926,10.063,22.467,POTABLE,POTABLE,1133
7.692,0.0,194.398,7.506,25.457,POTABLE,POTABLE,1134
7.292,0.124,341.601,8.198,21.199,POTABLE,POTABLE,1135
6.872,41.175,1002.347,2.518,20.64,NON_POTABLE,NON_POTABLE,1136
6.259,0.217,667.194,2.955,33.682,MARGINAL,MARGINAL,1137
6.23,3.102,764.004,5.607,30.397,MARGINAL,MARGINAL,1138
7.393,0.0,358.423,7.47,19.691,POTABLE,POTABLE,1139
6.453,0.0,384.378,7.365,22.323,POTABLE,MARGINAL,1140
3.38,55.918,624.51,0.941,22.902,NON_POTABLE,NON_POTABLE,1141
0.583,63.356,810.816,1.692,33.921,NON_POTABLE,NON_POTABLE,1142
7.34,2.606,338.968,8.953,26.844,POTABLE,MARGINAL,1143
7.033,0.0,474.325,6.761,20.469,POTABLE,POTABLE,1144
7.44,5.399,577.774,3.621,30.888,MARGINAL,MARGINAL,1145
6.422,5.222,466.015,6.581,29.051,MARGINAL,MARGINAL,1146
6.364,0.627,132.14,9.234,27.552,POTABLE,MARGINAL,1147
7.326,9.31,387.509,4.637,24.118,MARGINAL,MARGINAL,1148
5.183,50.973,502.556,2.27,31.6,NON_POTABLE,NON_POTABLE,1149
7.347,0.0,264.807,9.482,23.538,POTABLE,POTABLE,1150
5.982,14.075,553.584,6.578,26.983,MARGINAL,MARGINAL,1151
6.628,10.119,638.291,4.637,23.119,MARGINAL,MARGINAL,1152
7.511,17.714,399.886,5.651,23.244,MARGINAL,MARGINAL,1153
4.241,54.484,537.44,1.642,22.828,NON_POTABLE,NON_POTABLE,1154
8.189,0.0,425.61,9.54,22.735,POTABLE,POTABLE,1155
6.289,5.274,294.256,9.069,25.423,POTABLE,MARGINAL,1156
7.198,0.0,413.319,7.078,35.027,POTABLE,POTABLE,1157
9.404,64.506,934.139,3.851,34.933,NON_POTABLE,NON_POTABLE,1158
6.273,53.323,1199.345,0.669,34.494,NON_POTABLE,NON_POTABLE,1159
3.234,93.32,1160.384,2.719,27.147,NON_POTABLE,NON_POTABLE,1160
5.914,56.538,872.203,3.236,27.94,NON_POTABLE,NON_POTABLE,1161
7.371,0.0,613.646,4.397,27.675,MARGINAL,MARGINAL,1162
6.793,4.965,369.3,7.838,23.397,POTABLE,MARGINAL,1163
7.317,6.696,561.678,3.723,28.384,MARGINAL,MARGINAL,1164
5.495,44.591,919.947,0.027,33.328,NON_POTABLE,NON_POTABLE,1165
2.189,39.278,529.295,2.452,28.798,NON_POTABLE,NON_POTABLE,1166
6.325,15.33,518.95,5.118,27.38,MARGINAL,MARGINAL,1167
7.969,0.209,420.127,9.486,21.614,POTABLE,POTABLE,1168
7.554,0.0,101.745,9.758,19.251,POTABLE,POTABLE,1169
3.238,75.189,521.551,2.156,25.322,NON_POTABLE,NON_POTABLE,1170
7.664,1.194,311.88,8.523,24.455,POTABLE,MARGINAL,1171
6.967,0.0,708.523,4.478,29.613,MARGINAL,MARGINAL,1172
6.821,0.0,456.269,9.232,24.369,POTABLE,POTABLE,1173
7.611,5.284,518.933,6.169,23.119,MARGINAL,MARGINAL,1174
2.496,61.756,589.799,2.212,36.034,NON_POTABLE,NON_POTABLE,1175
6.708,0.0,444.182,9.346,30.518,POTABLE,POTABLE,1176
7.395,5.343,180.777,9.056,25.611,POTABLE,MARGINAL,1177
7.716,0.606,373.865,8.317,28.449,POTABLE,POTABLE,1178
3.838,8.103,1007.262,2.138,30.22,NON_POTABLE,NON_POTABLE,1179
6.931,24.165,1289.173,0.965,26.837,NON_POTABLE,NON_POTABLE,1180
10.108,43.639,1133.605,1.252,23.424,NON_POTABLE,NON_POTABLE,1181
6.716,45.364,922.819,0.0,25.448,NON_POTABLE,NON_POTABLE,1182
5.345,65.862,993.211,0.959,24.776,NON_POTABLE,NON_POTABLE,1183
8.555,1.026,727.304,4.793,22.935,MARGINAL,MARGINAL,1184
7.906,9.981,488.385,4.794,30.023,MARGINAL,MARGINAL,1185
8.103,8.733,478.716,4.592,22.553,MARGINAL,MARGINAL,1186
7.169,0.0,541.616,6.959,23.495,POTABLE,MARGINAL,1187
8.099,12.097,255.92,5.503,31.305,MARGINAL,MARGINAL,1188
6.011,100.0,1029.237,1.143,30.952,NON_POTABLE,NON_POTABLE,1189
4.953,41.175,575.918,2.917,17.043,NON_POTABLE,NON_POTABLE,1190
7.165,0.0,403.287,9.608,26.103,POTABLE,POTABLE,1191
7.633,0.655,371.825,5.347,23.826,MARGINAL,MARGINAL,1192
6.076,0.0,469.776,8.693,28.178,POTABLE,MARGINAL,1193
4.964,99.584,541.953,1.884,26.771,NON_POTABLE,NON_POTABLE,1194
7.688,16.542,483.998,5.268,31.16,MARGINAL,MARGINAL,1195
6.244,12.156,605.771,4.658,31.4,MARGINAL,MARGINAL,1196
7.259,5.859,280.194,9.617,25.849,POTABLE,MARGINAL,1197
6.632,0.0,210.962,9.576,22.862,POTABLE,POTABLE,1198
9.232,5.589,558.137,5.836,23.726,MARGINAL,NON_POTABLE,1199
6.884,2.136,262.673,10.115,27.055,POTABLE,MARGINAL,1200
6.562,3.692,422.571,8.086,24.347,POTABLE,MARGINAL,1201
7.003,12.286,644.085,5.814,25.594,MARGINAL,MARGINAL,1202
8.081,12.842,396.653,5.021,24.541,MARGINAL,MARGINAL,1203
7.313,0.453,357.301,10.006,21.918,POTABLE,POTABLE,1204
7.192,0.0,666.329,5.266,33.282,MARGINAL,MARGINAL,1205
7.587,0.566,247.367,8.159,25.444,POTABLE,POTABLE,1206
6.731,0.0,506.126,8.128,17.24,POTABLE,MARGINAL,1207
6.814,3.584,418.163,9.374,26.029,POTABLE,MARGINAL,1208
7.497,0.0,417.876,7.385,34.235,POTABLE,POTABLE,1209
6.109,8.966,329.81,4.05,30.192,MARGINAL,MARGINAL,1210
6.417,10.192,475.543,8.225,27.088,MARGINAL,MARGINAL,1211
6.9,2.884,476.627,7.302,23.369,POTABLE,MARGINAL,1212
7.968,5.145,666.869,3.012,27.835,MARGINAL,MARGINAL,1213
3.434,86.578,980.166,1.074,27.265,NON_POTABLE,NON_POTABLE,1214
6.08,39.254,533.687,2.076,28.732,NON_POTABLE,NON_POTABLE,1215
7.46,8.743,698.973,4.881,21.681,MARGINAL,MARGINAL,1216
6.816,3.972,180.682,9.398,19.539,POTABLE,MARGINAL,1217
7.54,11.381,387.323,6.346,28.985,MARGINAL,MARGINAL,1218
6.739,0.774,451.77,8.144,21.976,POTABLE,POTABLE,1219
5.645,7.317,312.855,5.215,31.983,MARGINAL,MARGINAL,1220
7.764,7.876,497.435,4.253,23.114,MARGINAL,MARGINAL,1221
6.731,3.693,511.776,6.457,21.132,MARGINAL,MARGINAL,1222
7.151,9.851,651.706,7.237,30.035,MARGINAL,MARGINAL,1223
7.062,0.0,266.815,6.91,30.14,POTABLE,POTABLE,1224
7.105,7.079,508.48,7.807,23.507,POTABLE,MARGINAL,1225
6.529,0.0,194.57,9.486,27.323,POTABLE,POTABLE,1226
9.445,5.506,462.87,6.661,17.839,MARGINAL,NON_POTABLE,1227
7.983,3.854,473.292,5.038,22.321,MARGINAL,MARGINAL,1228
7.534,9.633,466.227,5.821,38.052,MARGINAL,MARGINAL,1229
7.932,0.0,522.986,8.135,21.05,POTABLE,MARGINAL,1230
6.668,1.95,459.758,6.543,20.339,POTABLE,MARGINAL,1231
7.763,3.333,437.897,5.493,23.396,MARGINAL,MARGINAL,1232
7.331,7.024,489.506,7.57,23.014,POTABLE,MARGINAL,1233
8.109,0.0,440.595,8.435,26.374,POTABLE,POTABLE,1234
4.265,26.316,690.512,2.303,27.891,NON_POTABLE,NON_POTABLE,1235
9.055,5.573,535.77,3.622,25.122,MARGINAL,NON_POTABLE,1236
7.679,0.554,381.17,6.471,26.011,POTABLE,MARGINAL,1237
6.294,12.531,550.732,5.927,21.301,MARGINAL,MARGINAL,1238
7.164,1.039,364.826,9.313,26.834,POTABLE,MARGINAL,1239
8.418,0.0,382.852,9.141,21.024,POTABLE,POTABLE,1240
2.683,77.546,719.474,1.294,22.251,NON_POTABLE,NON_POTABLE,1241
6.46,1.422,362.623,8.369,19.328,POTABLE,MARGINAL,1242
5.538,81.737,1181.494,1.524,25.368,NON_POTABLE,NON_POTABLE,1243
6.635,0.0,442.105,11.13,20.595,POTABLE,POTABLE,1244
8.784,4.339,450.304,7.086,21.772,MARGINAL,MARGINAL,1245
5.844,39.982,1160.828,0.178,28.194,NON_POTABLE,NON_POTABLE,1246
7.317,7.013,654.738,5.827,20.588,MARGINAL,MARGINAL,1247
7.613,8.25,538.3,4.084,27.206,MARGINAL,MARGINAL,1248
4.868,30.423,1098.417,2.748,33.935,NON_POTABLE,NON_POTABLE,1249
5.444,87.885,669.998,4.043,22.0,NON_POTABLE,NON_POTABLE,1250
5.825,71.834,552.778,4.248,22.848,NON_POTABLE,NON_POTABLE,1251
6.297,2.991,552.128,5.751,24.912,MARGINAL,MARGINAL,1252
6.485,0.0,426.223,7.311,23.568,POTABLE,MARGINAL,1253
7.064,4.058,431.701,8.737,24.914,POTABLE,MARGINAL,1254
7.191,0.366,319.445,8.418,16.464,POTABLE,POTABLE,1255
4.224,41.819,1053.423,2.023,33.353,NON_POTABLE,NON_POTABLE,1256
5.136,48.706,918.866,1.598,23.116,NON_POTABLE,NON_POTABLE,1257
7.137,14.588,384.924,5.96,23.679,MARGINAL,MARGINAL,1258
2.06,27.115,1120.751,3.108,34.669,NON_POTABLE,NON_POTABLE,1259
7.383,0.0,385.146,9.496,24.372,POTABLE,POTABLE,1260
8.199,6.643,520.938,6.458,28.527,MARGINAL,MARGINAL,1261
7.748,8.109,710.124,7.174,23.123,MARGINAL,MARGINAL,1262
6.712,1.095,355.346,9.167,15.356,POTABLE,MARGINAL,1263
7.173,2.315,319.384,7.086,25.816,POTABLE,MARGINAL,1264
6.666,4.233,277.589,6.831,22.112,POTABLE,MARGINAL,1265
6.69,2.114,451.085,8.269,30.186,POTABLE,MARGINAL,1266
7.363,7.896,443.641,4.011,26.176,MARGINAL,MARGINAL,1267
7.064,0.0,233.884,8.413,21.739,POTABLE,POTABLE,1268
3.465,97.177,905.131,1.586,37.536,NON_POTABLE,NON_POTABLE,1269
6.804,1.5,338.253,7.141,17.334,POTABLE,MARGINAL,1270
8.193,10.45,548.199,5.005,29.625,MARGINAL,MARGINAL,1271
7.646,6.783,330.605,4.651,25.021,MARGINAL,MARGINAL,1272
7.237,21.152,409.236,5.265,27.81,MARGINAL,MARGINAL,1273
8.322,3.379,588.733,3.971,30.771,MARGINAL,MARGINAL,1274
8.053,2.556,569.482,6.695,29.648,MARGINAL,MARGINAL,1275
7.138,11.324,731.708,7.538,30.161,MARGINAL,MARGINAL,1276
7.835,13.46,672.323,5.529,23.25,MARGINAL,MARGINAL,1277
9.066,36.509,938.78,2.664,36.198,NON_POTABLE,NON_POTABLE,1278
7.324,3.279,808.604,4.615,26.17,MARGINAL,MARGINAL,1279
6.562,3.673,404.353,7.867,25.463,POTABLE,MARGINAL,1280
6.295,1.185,320.134,9.421,18.15,POTABLE,MARGINAL,1281
7.149,0.264,180.934,10.63,21.122,POTABLE,POTABLE,1282
7.104,49.376,818.976,4.11,36.781,NON_POTABLE,NON_POTABLE,1283
0.704,90.552,982.022,1.875,31.565,NON_POTABLE,NON_POTABLE,1284
6.729,2.652,381.025,8.877,18.519,POTABLE,MARGINAL,1285
5.529,5.886,553.931,4.643,15.209,MARGINAL,MARGINAL,1286
5.56,4.616,382.475,10.281,22.404,POTABLE,MARGINAL,1287
7.341,0.0,412.641,7.791,21.93,POTABLE,POTABLE,1288
5.73,0.0,318.839,6.986,26.308,POTABLE,MARGINAL,1289
6.901,0.0,412.732,9.14,21.871,POTABLE,POTABLE,1290
2.837,65.98,1313.323,3.105,22.739,NON_POTABLE,NON_POTABLE,1291
6.799,2.866,124.018,6.706,26.876,POTABLE,MARGINAL,1292
2.519,90.595,915.217,1.205,22.256,NON_POTABLE,NON_POTABLE,1293
1.443,34.889,754.582,3.599,39.263,NON_POTABLE,NON_POTABLE,1294
4.631,51.281,699.062,3.343,30.486,NON_POTABLE,NON_POTABLE,1295
3.473,48.031,817.904,1.386,27.944,NON_POTABLE,NON_POTABLE,1296
6.775,0.0,477.844,9.249,29.283,POTABLE,POTABLE,1297
7.935,0.906,394.851,7.823,31.304,MARGINAL,POTABLE,1298
6.577,4.118,694.976,5.334,25.887,MARGINAL,MARGINAL,1299
7.552,15.356,476.62,5.051,29.439,MARGINAL,MARGINAL,1300
7.456,6.205,357.324,7.31,25.54,POTABLE,MARGINAL,1301
7.149,3.796,400.043,8.493,25.732,POTABLE,MARGINAL,1302
8.328,10.664,331.62,4.279,27.419,MARGINAL,MARGINAL,1303
3.313,64.403,1034.804,0.925,26.908,NON_POTABLE,NON_POTABLE,1304
2.88,59.532,745.737,4.154,24.117,NON_POTABLE,NON_POTABLE,1305
8.08,1.63,261.052,10.837,26.532,POTABLE,MARGINAL,1306
9.162,77.474,991.282,2.919,21.596,NON_POTABLE,NON_POTABLE,1307
4.068,43.099,1380.798,2.794,30.276,NON_POTABLE,NON_POTABLE,1308
7.975,0.0,417.413,9.804,21.076,POTABLE,POTABLE,1309
6.939,1.622,336.066,8.259,23.843,POTABLE,MARGINAL,1310
4.551,56.562,1032.489,2.342,26.235,NON_POTABLE,NON_POTABLE,1311
7.334,6.55,164.76,10.133,26.815,POTABLE,MARGINAL,1312
7.124,1.77,632.01,6.596,30.594,MARGINAL,MARGINAL,1313
7.292,0.497,275.676,8.244,26.569,POTABLE,POTABLE,1314
8.84,3.001,209.56,8.986,27.33,POTABLE,MARGINAL,1315
7.093,0.244,410.466,7.759,21.489,POTABLE,POTABLE,1316
7.932,9.653,586.97,4.173,28.751,MARGINAL,MARGINAL,1317
5.705,47.019,1038.966,1.112,23.494,NON_POTABLE,NON_POTABLE,1318
7.265,13.868,489.641,5.522,20.043,MARGINAL,MARGINAL,1319
7.295,0.046,304.663,9.157,22.63,POTABLE,POTABLE,1320
8.083,4.236,386.236,4.055,18.849,MARGINAL,MARGINAL,1321
7.746,0.0,390.36,7.467,33.163,MARGINAL,POTABLE,1322
8.07,0.0,260.469,9.759,23.697,POTABLE,POTABLE,1323
6.971,4.408,323.775,7.924,17.879,POTABLE,MARGINAL,1324
6.603,12.99,431.311,3.663,26.361,MARGINAL,MARGINAL,1325
4.399,28.526,680.389,1.999,13.524,NON_POTABLE,NON_POTABLE,1326
6.979,0.0,441.022,9.407,26.838,POTABLE,POTABLE,1327
7.378,4.183,350.125,10.313,22.14,POTABLE,MARGINAL,1328
6.467,1.087,235.128,7.659,25.062,POTABLE,MARGINAL,1329
6.638,8.328,429.272,5.167,24.097,MARGINAL,MARGINAL,1330
7.454,10.089,669.105,4.239,24.876,MARGINAL,MARGINAL,1331
8.701,15.512,465.879,4.226,29.962,MARGINAL,MARGINAL,1332
6.926,1.452,188.158,9.247,25.565,POTABLE,MARGINAL,1333
7.585,4.81,683.079,5.406,34.293,MARGINAL,MARGINAL,1334
6.336,1.191,353.679,9.111,24.418,POTABLE,MARGINAL,1335
7.062,4.544,394.54,5.716,24.829,MARGINAL,MARGINAL,1336
8.375,0.0,284.71,8.692,26.014,POTABLE,POTABLE,1337
2.891,57.792,932.321,2.92,22.554,NON_POTABLE,NON_POTABLE,1338
5.895,20.204,506.924,3.296,26.323,MARGINAL,MARGINAL,1339
6.47,16.638,445.638,6.267,31.347,MARGINAL,MARGINAL,1340
7.234,0.0,531.845,9.037,22.258,POTABLE,MARGINAL,1341
7.402,0.081,456.137,8.632,26.641,POTABLE,POTABLE,1342
7.336,3.206,548.176,5.307,23.615,MARGINAL,MARGINAL,1343
7.09,4.078,317.618,8.833,29.751,POTABLE,MARGINAL,1344
6.637,11.508,832.511,6.5,23.995,MARGINAL,MARGINAL,1345
3.377,62.933,1144.771,1.507,29.29,NON_POTABLE,NON_POTABLE,1346
7.727,0.03,381.815,6.172,21.498,MARGINAL,MARGINAL,1347
6.364,5.392,131.216,8.115,24.043,POTABLE,MARGINAL,1348
7.782,20.728,559.886,5.477,31.461,MARGINAL,MARGINAL,1349
6.844,3.936,287.923,9.58,26.785,POTABLE,MARGINAL,1350
4.171,58.835,1161.513,2.966,33.886,NON_POTABLE,NON_POTABLE,1351
7.617,12.058,587.434,4.613,29.049,MARGINAL,MARGINAL,1352
6.496,0.0,61.338,7.191,22.588,POTABLE,MARGINAL,1353
7.867,10.437,1082.856,3.38,30.343,NON_POTABLE,NON_POTABLE,1354
7.928,13.103,271.67,8.047,31.291,MARGINAL,MARGINAL,1355
4.92,23.074,923.553,2.837,27.729,NON_POTABLE,NON_POTABLE,1356
6.554,0.0,432.083,9.843,23.298,POTABLE,POTABLE,1357
7.385,0.0,493.822,8.461,26.625,POTABLE,POTABLE,1358
7.386,4.03,363.426,7.192,29.715,POTABLE,MARGINAL,1359
6.713,0.0,380.025,8.135,22.495,POTABLE,POTABLE,1360
6.481,14.765,391.131,4.556,31.076,MARGINAL,MARGINAL,1361
7.46,49.484,969.865,1.651,28.191,NON_POTABLE,NON_POTABLE,1362
7.174,91.709,1094.163,2.922,28.705,NON_POTABLE,NON_POTABLE,1363
7.857,11.857,768.581,3.615,37.381,MARGINAL,MARGINAL,1364
7.211,0.0,134.572,9.4,31.299,POTABLE,POTABLE,1365
7.072,0.0,239.581,9.504,21.094,POTABLE,POTABLE,1366
6.396,7.119,274.989,8.178,22.821,POTABLE,MARGINAL,1367
6.608,0.0,245.417,6.92,31.57,POTABLE,POTABLE,1368
6.162,2.771,383.27,4.177,29.965,MARGINAL,MARGINAL,1369
7.777,0.0,270.128,8.336,20.425,POTABLE,POTABLE,1370
6.761,2.629,231.505,8.043,21.685,POTABLE,MARGINAL,1371
6.441,0.0,502.743,7.428,27.188,POTABLE,MARGINAL,1372
7.535,4.322,360.641,8.776,25.542,POTABLE,MARGINAL,1373
11.515,37.644,1047.783,2.851,25.965,NON_POTABLE,NON_POTABLE,1374
6.909,0.245,318.738,7.21,24.684,POTABLE,POTABLE,1375
6.354,0.0,315.572,9.08,16.861,POTABLE,MARGINAL,1376
8.225,45.186,1253.176,3.415,27.312,NON_POTABLE,NON_POTABLE,1377
0.322,62.921,672.024,1.938,25.078,NON_POTABLE,NON_POTABLE,1378
2.99,32.257,943.866,0.343,30.489,NON_POTABLE,NON_POTABLE,1379
6.042,43.694,1061.36,1.895,32.229,NON_POTABLE,NON_POTABLE,1380
6.621,2.503,436.047,7.481,19.987,POTABLE,MARGINAL,1381
7.073,2.386,546.185,6.041,28.111,MARGINAL,MARGINAL,1382
7.409,17.619,462.274,6.184,21.892,MARGINAL,MARGINAL,1383
7.871,3.005,478.705,8.356,22.66,POTABLE,MARGINAL,1384
2.874,66.134,682.423,1.893,26.689,NON_POTABLE,NON_POTABLE,1385
6.881,0.0,177.564,9.551,20.743,POTABLE,POTABLE,1386
7.63,0.0,400.852,7.87,30.147,POTABLE,POTABLE,1387
5.554,18.507,921.051,0.992,18.207,NON_POTABLE,NON_POTABLE,1388
8.385,5.366,256.843,8.926,25.63,POTABLE,MARGINAL,1389
7.101,0.0,314.149,6.782,27.171,POTABLE,POTABLE,1390
7.27,0.0,401.646,9.092,22.895,POTABLE,POTABLE,1391
7.038,0.0,442.84,10.351,25.556,POTABLE,POTABLE,1392
7.054,9.453,636.639,3.934,30.967,MARGINAL,MARGINAL,1393
7.34,1.126,174.42,9.699,18.404,POTABLE,MARGINAL,1394
6.191,49.526,784.394,2.094,25.194,NON_POTABLE,NON_POTABLE,1395
4.46,31.833,483.047,4.217,22.231,NON_POTABLE,NON_POTABLE,1396
6.919,0.322,367.996,8.38,26.515,POTABLE,POTABLE,1397
3.204,79.103,1230.762,2.253,24.375,NON_POTABLE,NON_POTABLE,1398
6.828,0.934,223.041,7.329,27.91,POTABLE,POTABLE,1399
8.496,5.956,598.122,3.475,22.162,MARGINAL,MARGINAL,1400
7.765,5.843,712.969,6.615,27.521,MARGINAL,MARGINAL,1401
0.0,62.634,788.457,3.509,22.032,NON_POTABLE,NON_POTABLE,1402
7.05,2.454,461.563,8.57,20.912,POTABLE,MARGINAL,1403
6.943,4.114,237.991,9.776,26.07,POTABLE,MARGINAL,1404
5.813,0.0,225.655,8.361,21.018,POTABLE,MARGINAL,1405
7.051,39.007,947.29,3.108,28.565,NON_POTABLE,MARGINAL,1406
7.015,2.376,476.026,9.883,26.041,POTABLE,MARGINAL,1407
7.803,34.138,538.675,2.477,30.7,NON_POTABLE,NON_POTABLE,1408
7.364,0.927,330.515,7.003,30.081,POTABLE,POTABLE,1409
3.397,33.696,1213.628,1.514,32.211,NON_POTABLE,NON_POTABLE,1410
6.899,5.084,662.459,5.262,29.278,MARGINAL,MARGINAL,1411
7.404,0.0,296.22,7.121,20.085,POTABLE,POTABLE,1412
8.959,2.294,411.984,2.964,34.999,MARGINAL,MARGINAL,1413
6.73,1.182,503.305,7.866,20.289,MARGINAL,MARGINAL,1414
7.632,11.917,346.741,2.944,27.864,MARGINAL,MARGINAL,1415
6.375,3.021,432.385,8.474,29.036,POTABLE,MARGINAL,1416
6.047,2.527,48.734,9.889,21.457,POTABLE,MARGINAL,1417
7.299,3.515,670.314,7.634,27.266,MARGINAL,MARGINAL,1418
6.737,3.652,697.051,3.938,19.396,MARGINAL,MARGINAL,1419
6.883,0.0,252.905,8.82,25.14,POTABLE,POTABLE,1420
8.732,7.683,505.114,6.942,26.231,MARGINAL,MARGINAL,1421
7.231,9.529,328.101,4.484,25.595,MARGINAL,MARGINAL,1422
7.277,0.0,316.373,9.078,22.18,POTABLE,POTABLE,1423
8.268,5.334,731.652,8.018,23.72,MARGINAL,MARGINAL,1424
7.253,32.764,866.397,2.28,32.762,NON_POTABLE,NON_POTABLE,1425
7.064,0.0,301.928,7.207,28.524,POTABLE,POTABLE,1426
6.344,0.0,513.102,8.762,23.4,POTABLE,MARGINAL,1427
6.535,0.92,473.49,6.395,27.641,MARGINAL,MARGINAL,1428
7.53,5.034,458.526,7.759,34.805,POTABLE,MARGINAL,1429
7.318,4.489,539.576,7.688,25.056,MARGINAL,MARGINAL,1430
7.391,0.0,323.378,11.017,25.892,POTABLE,POTABLE,1431
8.155,5.711,346.318,3.617,21.104,MARGINAL,MARGINAL,1432
7.02,1.972,340.551,7.422,21.86,POTABLE,MARGINAL,1433
7.303,0.0,210.014,7.903,24.819,POTABLE,POTABLE,1434
7.163,3.11,473.875,7.758,18.493,POTABLE,MARGINAL,1435
6.876,0.0,323.624,7.654,25.388,POTABLE,POTABLE,1436
7.413,8.719,567.458,6.616,24.814,MARGINAL,MARGINAL,1437
7.432,5.342,352.618,10.017,21.065,POTABLE,MARGINAL,1438
6.458,3.652,423.493,9.424,20.693,POTABLE,MARGINAL,1439
7.532,0.029,360.427,10.53,29.306,POTABLE,POTABLE,1440
7.929,68.203,841.996,2.856,38.195,NON_POTABLE,NON_POTABLE,1441
6.897,2.297,146.864,8.031,28.188,POTABLE,MARGINAL,1442
8.354,0.0,571.75,8.692,23.612,POTABLE,MARGINAL,1443
5.379,52.538,737.129,2.83,27.21,NON_POTABLE,NON_POTABLE,1444
8.423,13.088,530.084,4.491,25.03,MARGINAL,MARGINAL,1445
8.195,5.947,514.653,7.8,21.219,MARGINAL,MARGINAL,1446
7.276,6.067,617.487,5.818,24.861,MARGINAL,MARGINAL,1447
7.058,25.615,690.414,6.787,25.285,MARGINAL,MARGINAL,1448
7.572,3.17,333.346,7.895,22.084,POTABLE,MARGINAL,1449
7.291,0.757,303.733,8.02,26.862,POTABLE,POTABLE,1450
5.763,3.029,285.098,8.915,30.906,POTABLE,MARGINAL,1451
7.713,0.091,237.491,8.922,22.688,POTABLE,POTABLE,1452
3.998,37.0,1419.751,3.204,32.033,NON_POTABLE,NON_POTABLE,1453
7.031,3.918,474.41,8.095,25.345,POTABLE,MARGINAL,1454
3.048,11.95,1135.443,2.178,38.134,NON_POTABLE,NON_POTABLE,1455
6.728,2.047,162.454,6.901,23.423,POTABLE,MARGINAL,1456
7.446,13.03,413.34,5.906,25.479,MARGINAL,MARGINAL,1457
4.491,57.88,985.501,2.55,32.513,NON_POTABLE,NON_POTABLE,1458
10.021,41.745,750.914,1.042,24.085,NON_POTABLE,NON_POTABLE,1459
5.967,0.0,401.488,6.862,23.398,MARGINAL,MARGINAL,1460
7.412,9.136,348.955,4.401,33.813,MARGINAL,MARGINAL,1461
8.158,12.553,755.854,4.983,29.003,MARGINAL,MARGINAL,1462
6.555,0.907,336.988,8.652,20.726,POTABLE,POTABLE,1463
7.106,2.812,234.34,8.9,27.841,POTABLE,MARGINAL,1464
6.551,0.0,361.209,9.153,24.935,POTABLE,POTABLE,1465
6.191,0.0,261.315,8.376,29.095,POTABLE,MARGINAL,1466
6.951,0.0,351.835,7.752,22.282,POTABLE,POTABLE,1467
0.55,40.473,653.598,2.381,26.443,NON_POTABLE,NON_POTABLE,1468
6.525,2.73,323.19,9.423,25.338,POTABLE,MARGINAL,1469
6.858,3.923,473.807,8.806,25.925,POTABLE,MARGINAL,1470
4.663,39.043,812.148,0.24,26.641,NON_POTABLE,NON_POTABLE,1471
7.86,59.904,1172.586,2.461,26.143,NON_POTABLE,NON_POTABLE,1472
1.082,32.403,730.96,2.256,26.831,NON_POTABLE,NON_POTABLE,1473
6.771,3.508,336.299,9.571,23.885,POTABLE,MARGINAL,1474
6.799,13.094,491.277,4.767,25.769,MARGINAL,MARGINAL,1475
6.811,4.297,354.744,7.994,22.317,POTABLE,MARGINAL,1476
7.372,15.784,558.505,3.583,30.636,MARGINAL,MARGINAL,1477
5.903,0.915,383.45,8.582,27.203,POTABLE,MARGINAL,1478
4.096,49.468,1303.865,4.377,23.67,NON_POTABLE,NON_POTABLE,1479
4.889,44.003,925.032,3.001,26.179,NON_POTABLE,NON_POTABLE,1480
6.074,31.367,747.705,4.714,32.556,NON_POTABLE,MARGINAL,1481
4.692,93.17,717.258,1.675,30.063,NON_POTABLE,NON_POTABLE,1482
8.172,10.713,698.799,6.032,20.952,MARGINAL,MARGINAL,1483
6.714,69.063,989.759,1.809,24.338,NON_POTABLE,NON_POTABLE,1484
8.02,0.0,277.065,7.327,22.214,POTABLE,POTABLE,1485
6.945,0.0,334.854,9.341,26.311,POTABLE,POTABLE,1486
6.427,5.357,444.657,6.051,33.979,MARGINAL,MARGINAL,1487
8.834,8.809,430.519,5.029,22.461,MARGINAL,MARGINAL,1488
7.681,0.708,425.8,2.884,26.351,MARGINAL,MARGINAL,1489
6.545,0.0,344.62,9.164,27.22,POTABLE,POTABLE,1490
8.322,3.656,563.803,5.782,26.552,MARGINAL,MARGINAL,1491
7.396,1.843,275.024,7.421,23.588,POTABLE,MARGINAL,1492
7.321,2.718,368.484,7.308,17.064,POTABLE,MARGINAL,1493
6.894,15.112,379.262,3.802,18.802,MARGINAL,MARGINAL,1494
6.969,5.837,473.743,6.529,22.876,POTABLE,MARGINAL,1495
6.418,21.227,415.776,6.117,27.868,MARGINAL,MARGINAL,1496
7.44,0.0,448.238,7.428,25.457,POTABLE,POTABLE,1497
6.331,0.0,319.778,6.469,26.848,POTABLE,MARGINAL,1498
6.719,7.329,585.039,5.396,17.904,MARGINAL,MARGINAL,1499
7.423,0.0,188.313,8.213,22.356,POTABLE,POTABLE,1500
5.786,0.0,253.595,9.901,19.448,POTABLE,MARGINAL,1501
7.702,3.235,636.643,4.425,23.948,MARGINAL,MARGINAL,1502
2.983,57.898,959.393,3.191,29.062,NON_POTABLE,NON_POTABLE,1503
7.44,0.0,493.648,8.242,23.456,POTABLE,POTABLE,1504
6.869,1.399,533.399,5.006,26.518,MARGINAL,MARGINAL,1505
7.171,0.0,219.688,8.303,20.87,POTABLE,POTABLE,1506
7.404,1.83,605.764,7.7,26.221,MARGINAL,MARGINAL,1507
7.235,0.0,433.28,9.768,25.631,POTABLE,POTABLE,1508
1.911,46.729,986.526,2.622,33.368,NON_POTABLE,NON_POTABLE,1509
7.545,0.318,300.685,6.181,26.014,POTABLE,MARGINAL,1510
7.3,0.0,489.69,9.387,23.73,POTABLE,POTABLE,1511
8.111,14.287,707.479,4.793,23.058,MARGINAL,MARGINAL,1512
6.966,4.844,291.448,8.647,26.68,POTABLE,MARGINAL,1513
4.589,70.694,1029.094,3.438,21.802,NON_POTABLE,NON_POTABLE,1514
6.923,1.029,477.288,8.402,23.327,POTABLE,MARGINAL,1515
7.303,3.065,84.006,6.836,31.157,POTABLE,MARGINAL,1516
7.13,0.387,342.78,7.323,31.83,POTABLE,POTABLE,1517
6.261,0.701,323.528,8.876,23.404,POTABLE,MARGINAL,1518
7.523,5.757,739.431,4.464,22.133,MARGINAL,MARGINAL,1519
7.953,10.778,575.987,7.672,29.786,MARGINAL,MARGINAL,1520
6.812,9.908,798.463,4.073,26.561,MARGINAL,MARGINAL,1521
7.249,0.0,543.367,7.58,29.425,MARGINAL,MARGINAL,1522
6.731,0.996,212.101,7.895,26.223,POTABLE,POTABLE,1523
5.535,69.44,937.477,2.026,36.554,NON_POTABLE,NON_POTABLE,1524
8.277,0.11,334.402,9.916,22.969,POTABLE,POTABLE,1525
7.442,0.0,384.982,8.661,26.106,POTABLE,POTABLE,1526
7.289,91.422,843.698,0.617,28.181,NON_POTABLE,NON_POTABLE,1527
6.931,0.0,164.75,8.991,23.71,POTABLE,POTABLE,1528
7.835,7.05,500.875,5.146,19.263,MARGINAL,MARGINAL,1529
7.376,2.94,283.027,8.17,23.74,POTABLE,MARGINAL,1530
7.286,0.0,620.247,10.35,21.789,POTABLE,MARGINAL,1531
6.33,35.677,1079.843,2.997,17.687,NON_POTABLE,NON_POTABLE,1532
7.433,4.157,185.448,8.366,21.095,POTABLE,MARGINAL,1533
7.824,12.499,631.063,3.606,30.083,MARGINAL,MARGINAL,1534
7.888,0.0,414.365,9.486,20.479,POTABLE,POTABLE,1535
7.486,5.145,306.589,5.776,31.888,MARGINAL,MARGINAL,1536
6.374,100.0,1355.963,2.586,29.067,NON_POTABLE,NON_POTABLE,1537
7.3,2.521,452.579,9.287,23.133,POTABLE,MARGINAL,1538
7.194,0.003,593.97,4.537,25.302,MARGINAL,MARGINAL,1539
7.935,0.0,431.758,8.35,24.301,POTABLE,POTABLE,1540
6.75,7.818,444.834,6.882,22.227,MARGINAL,MARGINAL,1541
7.348,1.613,538.215,9.255,21.499,POTABLE,MARGINAL,1542
6.362,0.0,322.847,6.992,27.992,POTABLE,MARGINAL,1543
6.794,0.0,355.899,10.006,26.446,POTABLE,POTABLE,1544
6.771,5.761,251.911,7.099,25.689,POTABLE,MARGINAL,1545
8.295,0.382,376.181,3.269,32.507,MARGINAL,MARGINAL,1546
8.023,0.0,421.758,5.895,17.86,POTABLE,MARGINAL,1547
6.957,0.0,472.219,9.651,24.356,POTABLE,POTABLE,1548
7.076,0.0,141.248,9.678,32.146,POTABLE,POTABLE,1549
5.682,1.663,255.015,6.521,27.226,MARGINAL,MARGINAL,1550
7.317,2.864,523.199,9.736,26.702,POTABLE,MARGINAL,1551
7.475,6.451,502.134,4.448,24.952,MARGINAL,MARGINAL,1552
4.365,79.185,621.066,0.0,31.887,NON_POTABLE,NON_POTABLE,1553
7.206,0.0,81.896,8.083,23.539,POTABLE,POTABLE,1554
5.688,93.332,1165.464,3.365,32.35,NON_POTABLE,NON_POTABLE,1555
8.517,1.924,368.042,6.997,22.828,POTABLE,MARGINAL,1556
4.846,81.959,627.792,0.429,19.646,NON_POTABLE,NON_POTABLE,1557
7.042,13.778,664.401,7.063,27.873,MARGINAL,MARGINAL,1558
9.135,7.736,469.745,7.212,24.994,MARGINAL,NON_POTABLE,1559
7.114,24.42,1157.814,2.465,27.7,NON_POTABLE,NON_POTABLE,1560
4.358,48.02,1053.438,1.115,31.274,NON_POTABLE,NON_POTABLE,1561
7.067,2.203,347.009,7.129,27.448,POTABLE,MARGINAL,1562
6.147,0.0,75.025,8.38,25.899,POTABLE,MARGINAL,1563
8.287,10.137,588.78,6.971,28.118,MARGINAL,MARGINAL,1564
6.847,5.787,539.631,5.123,24.047,MARGINAL,MARGINAL,1565
8.667,10.514,596.715,4.463,31.101,MARGINAL,MARGINAL,1566
7.941,7.443,496.775,6.61,25.436,MARGINAL,MARGINAL,1567
5.881,18.737,735.043,3.988,19.707,MARGINAL,MARGINAL,1568
4.036,92.223,669.945,2.455,33.942,NON_POTABLE,NON_POTABLE,1569
7.369,10.977,551.755,4.839,22.279,MARGINAL,MARGINAL,1570
7.063,0.0,458.191,9.946,19.384,POTABLE,POTABLE,1571
7.593,35.401,954.577,3.085,23.992,NON_POTABLE,MARGINAL,1572
5.938,0.0,336.995,8.081,25.398,POTABLE,MARGINAL,1573
6.923,4.664,641.694,4.705,20.334,MARGINAL,MARGINAL,1574
8.112,4.479,422.012,6.321,32.753,MARGINAL,MARGINAL,1575
7.47,8.161,667.7,2.833,23.083,MARGINAL,MARGINAL,1576
6.129,88.143,1247.718,0.356,34.026,NON_POTABLE,NON_POTABLE,1577
8.35,0.0,227.154,8.996,28.785,POTABLE,POTABLE,1578
8.087,0.0,445.954,7.742,36.348,MARGINAL,POTABLE,1579
6.081,3.822,385.525,7.849,22.724,POTABLE,MARGINAL,1580
8.049,33.116,724.004,2.955,30.77,NON_POTABLE,MARGINAL,1581
5.994,62.726,1211.129,2.774,25.806,NON_POTABLE,NON_POTABLE,1582
3.817,68.425,907.574,0.669,30.648,NON_POTABLE,NON_POTABLE,1583
4.218,83.744,952.464,3.352,29.163,NON_POTABLE,NON_POTABLE,1584
8.656,10.802,475.821,5.019,21.838,MARGINAL,MARGINAL,1585
7.527,2.016,437.191,7.681,27.109,POTABLE,MARGINAL,1586
7.003,0.273,450.095,8.321,28.166,POTABLE,POTABLE,1587
7.211,11.66,1041.277,4.672,23.067,NON_POTABLE,NON_POTABLE,1588
8.152,2.3,395.333,5.352,26.468,MARGINAL,MARGINAL,1589
8.166,11.319,466.85,5.218,18.502,MARGINAL,MARGINAL,1590
8.74,13.141,279.824,5.166,27.157,MARGINAL,MARGINAL,1591
8.982,2.03,499.915,3.978,19.81,MARGINAL,MARGINAL,1592
8.186,74.218,839.766,3.27,14.073,NON_POTABLE,NON_POTABLE,1593
6.541,8.232,290.159,4.552,24.249,MARGINAL,MARGINAL,1594
4.183,21.587,499.048,3.252,26.758,NON_POTABLE,NON_POTABLE,1595
2.219,100.0,1027.169,2.426,29.112,NON_POTABLE,NON_POTABLE,1596
6.125,13.348,623.25,3.487,26.314,MARGINAL,MARGINAL,1597
7.427,1.291,489.078,7.889,21.173,POTABLE,MARGINAL,1598
8.573,14.272,253.292,4.506,30.413,MARGINAL,MARGINAL,1599
2.141,34.438,1139.251,0.298,27.725,NON_POTABLE,NON_POTABLE,1600
0.597,59.335,728.055,2.73,29.059,NON_POTABLE,NON_POTABLE,1601
7.005,24.547,628.122,6.0,30.224,MARGINAL,MARGINAL,1602
0.0,75.541,715.683,2.05,27.363,NON_POTABLE,NON_POTABLE,1603
6.995,1.314,347.245,8.152,24.115,POTABLE,MARGINAL,1604
10.147,64.299,1085.725,1.152,22.75,NON_POTABLE,NON_POTABLE,1605
5.986,0.0,560.727,6.399,23.823,MARGINAL,MARGINAL,1606
7.432,17.688,525.716,4.683,24.425,MARGINAL,MARGINAL,1607
3.535,42.875,1165.347,1.482,28.537,NON_POTABLE,NON_POTABLE,1608
6.45,9.188,306.483,7.192,23.587,MARGINAL,MARGINAL,1609
8.052,1.925,244.861,8.752,30.204,POTABLE,MARGINAL,1610
6.825,0.0,133.927,7.948,19.979,POTABLE,POTABLE,1611
9.016,14.777,609.78,6.429,27.63,MARGINAL,NON_POTABLE,1612
7.637,0.0,236.003,8.753,30.118,POTABLE,POTABLE,1613
5.898,0.0,628.231,7.112,27.772,MARGINAL,MARGINAL,1614
8.044,10.725,631.023,4.357,27.043,MARGINAL,MARGINAL,1615
6.78,6.8,608.016,6.325,24.611,MARGINAL,MARGINAL,1616
6.969,0.0,463.91,8.133,25.337,POTABLE,POTABLE,1617
7.106,1.916,379.009,8.607,16.751,POTABLE,MARGINAL,1618
6.38,0.0,455.131,8.064,26.207,POTABLE,MARGINAL,1619
7.434,2.676,425.813,8.299,24.284,POTABLE,MARGINAL,1620
6.963,0.0,348.417,5.018,18.695,MARGINAL,MARGINAL,1621
6.263,0.0,304.799,8.609,26.595,POTABLE,MARGINAL,1622
7.279,13.048,301.067,5.479,26.678,MARGINAL,MARGINAL,1623
7.26,4.108,478.94,8.012,21.534,POTABLE,MARGINAL,1624
7.142,0.0,144.321,9.367,18.187,POTABLE,POTABLE,1625
8.285,11.075,518.451,5.338,31.0,MARGINAL,MARGINAL,1626
6.322,4.842,621.543,5.182,28.909,MARGINAL,MARGINAL,1627
7.531,11.774,486.042,4.326,27.086,MARGINAL,MARGINAL,1628
7.018,6.941,767.707,5.233,19.091,MARGINAL,MARGINAL,1629
8.446,8.989,516.091,5.858,27.747,MARGINAL,MARGINAL,1630
6.182,2.559,538.122,5.182,32.582,MARGINAL,MARGINAL,1631
6.713,10.006,410.974,7.093,32.83,MARGINAL,MARGINAL,1632
7.45,20.709,746.715,5.903,25.811,MARGINAL,MARGINAL,1633
7.509,59.095,1182.173,1.793,33.247,NON_POTABLE,NON_POTABLE,1634
7.901,9.907,396.919,6.566,25.297,MARGINAL,MARGINAL,1635
7.071,0.0,238.31,7.578,26.525,POTABLE,POTABLE,1636
6.259,2.701,342.511,6.396,26.244,POTABLE,MARGINAL,1637
7.965,10.394,406.66,6.29,24.894,MARGINAL,MARGINAL,1638
7.522,4.621,500.166,10.316,21.045,POTABLE,MARGINAL,1639
6.759,0.0,520.24,8.786,23.183,POTABLE,MARGINAL,1640
7.353,2.368,387.588,4.143,18.209,MARGINAL,MARGINAL,1641
5.758,4.014,912.803,3.932,30.914,NON_POTABLE,MARGINAL,1642
8.425,0.0,404.575,3.786,24.956,MARGINAL,MARGINAL,1643
6.905,0.412,345.181,9.133,24.394,POTABLE,POTABLE,1644
8.074,12.141,435.58,8.193,25.62,MARGINAL,MARGINAL,1645
7.687,1.45,439.375,11.731,22.74,POTABLE,MARGINAL,1646
6.713,5.625,578.956,4.524,30.092,MARGINAL,MARGINAL,1647
5.397,36.706,747.268,0.0,22.59,NON_POTABLE,NON_POTABLE,1648
7.113,0.0,346.453,8.118,30.454,POTABLE,POTABLE,1649
6.709,7.596,459.571,3.767,18.349,MARGINAL,MARGINAL,1650
7.653,0.0,347.34,9.026,22.868,POTABLE,POTABLE,1651
6.289,3.083,543.007,7.909,21.418,POTABLE,MARGINAL,1652
8.353,0.0,268.918,7.253,27.124,POTABLE,POTABLE,1653
7.082,0.0,407.678,10.739,22.966,POTABLE,POTABLE,1654
7.834,0.0,228.295,8.013,24.77,POTABLE,POTABLE,1655
6.45,0.0,512.871,8.53,16.769,POTABLE,MARGINAL,1656
7.735,0.0,100.033,8.008,28.834,POTABLE,POTABLE,1657
7.023,1.13,305.716,7.616,28.267,POTABLE,MARGINAL,1658
6.657,0.0,157.386,10.465,23.948,POTABLE,POTABLE,1659
4.81,5.141,759.417,1.503,28.427,NON_POTABLE,NON_POTABLE,1660
7.309,58.872,659.107,2.764,31.012,NON_POTABLE,NON_POTABLE,1661
5.583,0.0,421.906,9.56,20.652,POTABLE,MARGINAL,1662
6.339,0.0,469.618,9.11,22.55,POTABLE,MARGINAL,1663
7.097,0.904,184.366,7.397,28.993,POTABLE,POTABLE,1664
8.322,13.868,470.193,4.573,22.948,MARGINAL,MARGINAL,1665
7.518,1.646,357.442,6.447,28.791,MARGINAL,MARGINAL,1666
6.117,13.206,702.649,4.821,23.733,MARGINAL,MARGINAL,1667
7.517,3.04,372.465,7.453,27.906,POTABLE,MARGINAL,1668
9.99,57.17,706.174,2.688,32.607,NON_POTABLE,NON_POTABLE,1669
7.477,4.245,612.449,2.599,21.583,MARGINAL,MARGINAL,1670
6.554,3.328,209.965,7.694,28.447,POTABLE,MARGINAL,1671
9.902,35.665,974.9,4.58,28.929,NON_POTABLE,NON_POTABLE,1672
6.843,28.815,577.589,1.264,28.245,NON_POTABLE,NON_POTABLE,1673
2.907,2.762,1152.763,1.407,25.755,NON_POTABLE,NON_POTABLE,1674
7.018,15.485,556.204,6.522,18.927,MARGINAL,MARGINAL,1675
6.751,2.727,303.308,9.111,20.88,POTABLE,MARGINAL,1676
6.939,0.708,358.305,8.169,22.386,POTABLE,POTABLE,1677
8.895,6.93,532.236,7.832,22.75,MARGINAL,MARGINAL,1678
6.504,14.37,418.561,4.436,31.842,MARGINAL,MARGINAL,1679
7.61,58.395,966.855,1.857,26.499,NON_POTABLE,NON_POTABLE,1680
7.566,0.0,521.215,6.036,27.47,MARGINAL,MARGINAL,1681
6.781,6.702,377.545,9.674,22.928,POTABLE,MARGINAL,1682
7.313,68.453,1302.842,1.069,28.715,NON_POTABLE,NON_POTABLE,1683
7.389,6.538,643.066,4.932,28.402,MARGINAL,MARGINAL,1684
2.604,93.173,431.244,0.221,22.21,NON_POTABLE,NON_POTABLE,1685
6.994,7.665,349.357,7.531,25.207,POTABLE,MARGINAL,1686
6.9,1.336,403.284,9.527,24.838,POTABLE,MARGINAL,1687
7.517,2.494,243.37,9.302,24.485,POTABLE,MARGINAL,1688
6.493,4.359,342.035,11.144,27.599,POTABLE,MARGINAL,1689
3.694,3.798,853.464,2.183,27.143,NON_POTABLE,NON_POTABLE,1690
7.622,2.368,181.458,6.762,16.267,POTABLE,MARGINAL,1691
7.64,16.037,261.087,5.261,28.768,MARGINAL,MARGINAL,1692
8.661,4.788,504.317,6.188,23.21,MARGINAL,MARGINAL,1693
8.714,9.843,534.621,4.787,22.001,MARGINAL,MARGINAL,1694
6.502,7.723,499.641,3.733,26.502,MARGINAL,MARGINAL,1695
6.091,60.49,791.809,0.0,32.594,NON_POTABLE,NON_POTABLE,1696
6.815,2.043,238.443,8.807,24.754,POTABLE,MARGINAL,1697
7.244,0.0,325.996,8.386,21.351,POTABLE,POTABLE,1698
6.324,2.997,346.653,7.994,24.712,POTABLE,MARGINAL,1699
6.707,1.797,284.185,9.754,25.261,POTABLE,MARGINAL,1700
7.159,12.186,636.577,4.569,26.562,MARGINAL,MARGINAL,1701
6.937,5.746,478.461,4.747,27.352,MARGINAL,MARGINAL,1702
7.36,5.028,205.494,9.528,29.228,POTABLE,MARGINAL,1703
6.832,0.0,199.995,8.072,22.368,POTABLE,POTABLE,1704
7.593,0.0,411.537,5.64,24.267,MARGINAL,MARGINAL,1705
8.359,0.0,269.195,8.76,24.975,POTABLE,POTABLE,1706
6.788,0.0,345.853,10.03,18.548,POTABLE,POTABLE,1707
6.588,0.0,377.748,4.326,24.217,MARGINAL,MARGINAL,1708
8.166,14.319,485.999,5.945,21.497,MARGINAL,MARGINAL,1709
8.693,9.54,794.326,5.451,29.491,NON_POTABLE,MARGINAL,1710
6.765,0.0,216.787,8.511,29.831,POTABLE,POTABLE,1711
8.074,1.748,571.689,2.958,27.006,MARGINAL,MARGINAL,1712
9.315,10.702,663.489,4.277,23.675,MARGINAL,NON_POTABLE,1713
8.851,0.562,664.292,5.007,25.676,MARGINAL,MARGINAL,1714
7.234,8.795,718.737,7.073,24.142,MARGINAL,MARGINAL,1715
7.073,3.94,178.966,8.344,23.583,POTABLE,MARGINAL,1716
6.556,4.82,510.752,5.372,18.271,MARGINAL,MARGINAL,1717
5.44,59.242,1074.023,0.694,26.199,NON_POTABLE,NON_POTABLE,1718
7.472,0.0,320.515,7.007,31.928,POTABLE,POTABLE,1719
5.97,36.964,939.081,2.445,30.177,NON_POTABLE,NON_POTABLE,1720
7.102,10.713,451.924,4.529,23.557,MARGINAL,MARGINAL,1721
8.916,50.551,1497.216,2.405,24.439,NON_POTABLE,NON_POTABLE,1722
6.577,0.0,82.368,10.005,20.33,POTABLE,POTABLE,1723
6.981,0.0,482.261,6.384,21.588,MARGINAL,MARGINAL,1724
7.334,9.738,476.253,7.515,36.055,MARGINAL,MARGINAL,1725
6.526,1.666,407.599,8.856,24.122,POTABLE,MARGINAL,1726
6.571,0.0,385.598,8.445,23.013,POTABLE,POTABLE,1727
5.896,38.366,463.177,2.736,28.144,NON_POTABLE,MARGINAL,1728
5.942,7.38,346.458,5.764,27.183,MARGINAL,MARGINAL,1729
10.243,74.513,482.023,1.572,18.272,NON_POTABLE,NON_POTABLE,1730
7.329,4.576,530.765,5.358,21.82,MARGINAL,MARGINAL,1731
7.739,45.972,1230.105,1.086,24.021,NON_POTABLE,NON_POTABLE,1732
8.259,3.176,337.456,8.501,21.9,POTABLE,MARGINAL,1733
5.934,54.66,914.202,4.597,26.805,NON_POTABLE,NON_POTABLE,1734
6.771,7.844,498.325,5.451,22.03,MARGINAL,MARGINAL,1735
8.483,7.785,410.951,3.835,24.795,MARGINAL,MARGINAL,1736
7.529,15.316,468.287,5.45,13.825,MARGINAL,MARGINAL,1737
8.079,8.946,401.057,8.381,22.604,MARGINAL,MARGINAL,1738
6.498,8.5,155.046,10.265,26.078,POTABLE,MARGINAL,1739
7.346,0.0,313.85,9.038,24.183,POTABLE,POTABLE,1740
7.199,6.299,181.171,8.484,24.118,POTABLE,MARGINAL,1741
5.413,31.656,980.562,0.985,25.703,NON_POTABLE,NON_POTABLE,1742
7.008,22.112,584.34,5.504,21.121,MARGINAL,MARGINAL,1743
6.937,3.104,650.161,5.117,23.813,MARGINAL,MARGINAL,1744
6.913,0.0,365.064,7.615,25.935,POTABLE,POTABLE,1745
6.829,4.115,119.693,10.022,21.253,POTABLE,MARGINAL,1746
6.928,5.05,637.935,4.47,21.344,MARGINAL,MARGINAL,1747
6.786,0.0,474.997,5.637,21.147,MARGINAL,MARGINAL,1748
2.447,71.565,1134.309,1.858,36.488,NON_POTABLE,NON_POTABLE,1749
7.201,0.864,505.639,7.758,23.893,POTABLE,MARGINAL,1750
3.992,36.918,958.712,1.293,34.681,NON_POTABLE,NON_POTABLE,1751
7.262,76.061,1407.22,2.084,24.519,NON_POTABLE,NON_POTABLE,1752
6.677,0.0,302.869,7.281,19.74,POTABLE,POTABLE,1753
7.004,10.616,644.953,5.595,25.057,MARGINAL,MARGINAL,1754
6.804,0.0,462.283,9.03,24.117,POTABLE,POTABLE,1755
6.722,0.0,191.734,8.347,25.586,POTABLE,POTABLE,1756
6.299,0.0,323.612,8.046,22.959,POTABLE,MARGINAL,1757
7.575,0.0,342.878,7.021,28.654,POTABLE,POTABLE,1758
7.553,0.771,326.449,7.575,25.613,POTABLE,POTABLE,1759
7.474,0.0,369.491,8.797,21.734,POTABLE,POTABLE,1760
7.725,0.0,293.797,11.118,19.918,POTABLE,POTABLE,1761
5.795,70.953,646.988,1.626,29.026,NON_POTABLE,NON_POTABLE,1762
8.523,3.732,603.228,6.912,20.726,MARGINAL,MARGINAL,1763
6.335,5.255,436.726,6.033,21.509,MARGINAL,MARGINAL,1764
3.956,36.374,927.677,1.846,29.124,NON_POTABLE,NON_POTABLE,1765
4.9,36.843,825.278,3.118,22.41,NON_POTABLE,NON_POTABLE,1766
7.868,4.475,543.799,4.743,28.984,MARGINAL,MARGINAL,1767
7.546,8.827,529.691,7.423,23.368,MARGINAL,MARGINAL,1768
6.873,43.079,828.912,2.1,29.933,NON_POTABLE,NON_POTABLE,1769
6.81,0.524,289.497,9.882,29.122,POTABLE,POTABLE,1770
1.853,66.198,721.086,4.518,40.143,NON_POTABLE,NON_POTABLE,1771
2.98,33.227,815.694,2.668,28.798,NON_POTABLE,NON_POTABLE,1772
8.265,17.161,553.632,6.743,25.671,MARGINAL,MARGINAL,1773
6.993,0.0,365.525,8.86,27.301,POTABLE,POTABLE,1774
7.769,2.689,371.864,7.746,22.766,POTABLE,MARGINAL,1775
4.701,69.925,1026.946,0.89,28.179,NON_POTABLE,NON_POTABLE,1776
7.543,1.925,319.481,8.959,20.491,POTABLE,MARGINAL,1777
8.658,0.0,628.262,5.725,29.656,MARGINAL,MARGINAL,1778
7.397,0.0,180.178,8.55,31.612,POTABLE,POTABLE,1779
7.44,11.851,536.943,5.605,29.98,MARGINAL,MARGINAL,1780
7.277,11.111,415.958,5.214,24.073,MARGINAL,MARGINAL,1781
6.48,2.607,304.0,4.499,30.239,MARGINAL,MARGINAL,1782
3.584,59.183,773.95,0.56,29.925,NON_POTABLE,NON_POTABLE,1783
7.598,0.0,524.169,6.403,28.045,MARGINAL,MARGINAL,1784
6.221,15.627,404.886,4.272,21.726,MARGINAL,MARGINAL,1785
7.142,0.0,195.997,7.575,20.831,POTABLE,POTABLE,1786
7.875,1.129,282.674,8.799,28.817,POTABLE,MARGINAL,1787
6.933,0.0,382.232,8.739,22.156,POTABLE,POTABLE,1788
6.259,23.564,665.04,4.477,28.181,MARGINAL,MARGINAL,1789
7.635,0.0,481.605,5.664,25.902,MARGINAL,MARGINAL,1790
11.896,70.862,1214.937,1.79,21.167,NON_POTABLE,NON_POTABLE,1791
7.42,7.56,381.156,9.283,22.737,POTABLE,MARGINAL,1792
8.031,5.694,375.492,5.114,28.383,MARGINAL,MARGINAL,1793
6.653,0.354,314.521,9.559,19.912,POTABLE,POTABLE,1794
6.342,17.035,433.353,6.06,23.713,MARGINAL,MARGINAL,1795
7.643,1.789,338.957,8.032,24.283,POTABLE,MARGINAL,1796
7.017,0.438,249.941,9.927,22.264,POTABLE,POTABLE,1797
7.996,0.0,319.084,8.598,27.226,POTABLE,POTABLE,1798
7.587,8.69,249.784,4.051,21.203,MARGINAL,MARGINAL,1799
8.633,5.507,338.054,6.71,30.384,MARGINAL,MARGINAL,1800
6.196,0.0,349.485,8.136,17.247,POTABLE,MARGINAL,1801
9.001,7.594,570.448,6.068,31.13,MARGINAL,NON_POTABLE,1802
6.934,0.0,288.301,10.419,22.655,POTABLE,POTABLE,1803
0.521,77.427,983.973,1.697,28.018,NON_POTABLE,NON_POTABLE,1804
6.397,3.735,358.247,9.603,26.697,POTABLE,MARGINAL,1805
6.455,0.33,449.961,10.562,27.48,POTABLE,MARGINAL,1806
7.799,5.35,303.74,9.29,25.747,POTABLE,MARGINAL,1807
6.718,1.787,393.402,7.606,22.575,MARGINAL,MARGINAL,1808
6.56,0.0,250.033,9.812,25.914,POTABLE,POTABLE,1809
8.607,2.315,393.571,7.032,21.828,MARGINAL,MARGINAL,1810
2.089,81.69,1004.547,1.95,29.488,NON_POTABLE,NON_POTABLE,1811
8.36,0.065,471.058,7.122,25.815,MARGINAL,POTABLE,1812
6.32,12.729,474.517,7.429,24.05,MARGINAL,MARGINAL,1813
6.538,97.141,709.69,1.132,38.333,NON_POTABLE,NON_POTABLE,1814
6.229,6.931,354.106,5.782,27.733,MARGINAL,MARGINAL,1815
7.599,0.0,283.113,9.559,23.217,POTABLE,POTABLE,1816
6.226,41.267,980.297,2.937,35.036,NON_POTABLE,NON_POTABLE,1817
7.228,0.0,354.302,10.283,19.681,POTABLE,POTABLE,1818
6.459,12.537,768.449,4.081,25.069,MARGINAL,MARGINAL,1819
6.883,3.922,477.637,7.616,24.424,POTABLE,MARGINAL,1820
6.544,0.275,367.184,8.898,26.545,POTABLE,POTABLE,1821
6.509,0.185,451.313,6.368,24.665,MARGINAL,MARGINAL,1822
7.086,8.534,517.369,6.2,21.713,MARGINAL,MARGINAL,1823
7.291,0.0,420.502,8.527,20.566,POTABLE,POTABLE,1824
7.421,49.866,1213.828,1.798,29.006,NON_POTABLE,NON_POTABLE,1825
7.213,0.0,329.884,8.346,21.432,POTABLE,POTABLE,1826
6.786,0.0,481.152,8.341,15.7,POTABLE,POTABLE,1827
2.26,7.526,1282.441,2.507,30.819,NON_POTABLE,NON_POTABLE,1828
8.508,5.154,455.52,4.503,20.309,MARGINAL,MARGINAL,1829
7.399,3.822,210.411,8.755,25.422,POTABLE,MARGINAL,1830
6.971,0.808,364.103,9.256,19.02,POTABLE,POTABLE,1831
6.607,1.015,329.341,10.325,27.691,POTABLE,MARGINAL,1832
6.032,33.186,900.63,3.66,33.901,NON_POTABLE,MARGINAL,1833
6.025,0.0,311.625,6.43,26.046,POTABLE,MARGINAL,1834
7.911,0.0,474.986,4.939,33.952,MARGINAL,MARGINAL,1835
0.0,72.377,935.23,0.883,28.408,NON_POTABLE,NON_POTABLE,1836
6.732,0.0,279.98,5.795,30.075,POTABLE,MARGINAL,1837
6.961,0.0,49.998,8.708,19.645,POTABLE,POTABLE,1838
7.715,0.31,327.859,4.062,28.28,MARGINAL,MARGINAL,1839
7.412,6.913,634.793,5.455,24.07,MARGINAL,MARGINAL,1840
8.175,10.271,554.905,6.929,30.639,MARGINAL,MARGINAL,1841
7.125,0.0,466.194,7.123,21.076,POTABLE,POTABLE,1842
7.979,0.0,398.621,8.7,28.998,POTABLE,POTABLE,1843
2.987,76.285,718.953,1.801,28.29,NON_POTABLE,NON_POTABLE,1844
8.454,0.0,658.84,6.847,18.122,MARGINAL,MARGINAL,1845
6.79,0.259,491.731,6.51,19.638,MARGINAL,POTABLE,1846
5.952,97.964,848.367,3.78,27.815,NON_POTABLE,NON_POTABLE,1847
1.371,86.818,775.48,3.559,29.623,NON_POTABLE,NON_POTABLE,1848
2.227,3.615,553.258,0.737,16.958,NON_POTABLE,NON_POTABLE,1849
7.695,13.16,532.12,5.504,21.478,MARGINAL,MARGINAL,1850
5.173,39.89,1058.455,2.077,27.104,NON_POTABLE,NON_POTABLE,1851
12.511,88.588,466.845,0.573,23.967,NON_POTABLE,NON_POTABLE,1852
8.899,13.365,470.562,5.516,28.574,MARGINAL,MARGINAL,1853
7.234,36.438,877.396,1.529,31.373,NON_POTABLE,NON_POTABLE,1854
6.554,12.744,498.261,5.409,22.899,MARGINAL,MARGINAL,1855
1.973,74.334,959.816,2.109,21.252,NON_POTABLE,NON_POTABLE,1856
6.328,2.321,117.359,8.309,22.712,POTABLE,MARGINAL,1857
4.339,80.562,1261.493,0.0,25.894,NON_POTABLE,NON_POTABLE,1858
7.496,22.857,597.444,6.472,24.628,MARGINAL,MARGINAL,1859
7.799,0.0,342.928,11.184,26.402,POTABLE,POTABLE,1860
6.75,0.0,454.73,6.882,27.542,POTABLE,POTABLE,1861
6.945,8.244,673.453,5.235,27.075,MARGINAL,MARGINAL,1862
7.417,0.256,345.639,7.689,22.398,POTABLE,POTABLE,1863
9.244,0.0,632.169,4.537,20.981,MARGINAL,NON_POTABLE,1864
6.99,0.0,519.452,9.858,15.769,POTABLE,MARGINAL,1865
7.21,9.671,458.144,3.714,20.325,MARGINAL,MARGINAL,1866
7.926,5.687,650.781,4.286,20.159,MARGINAL,MARGINAL,1867
6.992,7.017,512.389,8.61,24.306,POTABLE,MARGINAL,1868
6.805,52.056,742.192,2.611,27.395,NON_POTABLE,NON_POTABLE,1869
6.883,4.998,576.523,7.315,31.012,MARGINAL,MARGINAL,1870
7.682,0.0,384.808,10.049,25.101,POTABLE,POTABLE,1871
6.924,16.574,401.132,5.775,26.644,MARGINAL,MARGINAL,1872
6.676,0.334,386.655,6.47,25.802,MARGINAL,MARGINAL,1873
8.195,11.476,455.109,3.111,26.172,MARGINAL,MARGINAL,1874
7.426,8.499,454.8,6.177,35.131,MARGINAL,MARGINAL,1875
3.462,99.536,785.911,0.0,26.866,NON_POTABLE,NON_POTABLE,1876
8.241,4.176,286.259,5.583,28.169,MARGINAL,MARGINAL,1877
4.758,51.507,1082.86,3.822,31.54,NON_POTABLE,NON_POTABLE,1878
9.206,10.411,652.243,4.397,24.565,MARGINAL,NON_POTABLE,1879
7.838,2.261,175.77,8.3,24.462,POTABLE,MARGINAL,1880
3.907,60.245,767.112,0.963,29.099,NON_POTABLE,NON_POTABLE,1881
7.166,5.428,286.048,10.54,23.405,POTABLE,MARGINAL,1882
6.72,0.0,263.399,7.145,26.714,POTABLE,POTABLE,1883
4.88,68.552,767.41,2.63,28.594,NON_POTABLE,NON_POTABLE,1884
3.596,43.073,1043.175,3.469,24.256,NON_POTABLE,NON_POTABLE,1885
7.139,0.0,222.207,8.583,19.055,POTABLE,POTABLE,1886
5.008,78.832,1314.783,0.405,16.18,NON_POTABLE,NON_POTABLE,1887
8.513,57.645,892.533,1.892,31.219,NON_POTABLE,NON_POTABLE,1888
7.572,6.104,590.551,6.335,32.994,MARGINAL,MARGINAL,1889
7.987,9.642,390.569,7.06,32.593,MARGINAL,MARGINAL,1890
6.472,6.88,575.685,3.802,28.56,MARGINAL,MARGINAL,1891
7.588,2.926,275.518,7.677,31.982,POTABLE,MARGINAL,1892
1.921,58.8,561.763,0.668,30.454,NON_POTABLE,NON_POTABLE,1893
6.894,0.403,251.411,10.665,20.62,POTABLE,POTABLE,1894
8.368,10.911,758.162,6.106,24.318,MARGINAL,MARGINAL,1895
6.534,4.133,481.092,7.272,27.005,MARGINAL,MARGINAL,1896
6.625,1.019,265.708,9.437,27.467,POTABLE,MARGINAL,1897
7.224,2.663,525.856,7.563,25.744,POTABLE,MARGINAL,1898
6.302,6.004,500.157,6.25,23.373,MARGINAL,MARGINAL,1899
6.665,0.0,330.354,8.085,22.312,POTABLE,POTABLE,1900
2.787,92.506,885.548,2.736,29.799,NON_POTABLE,NON_POTABLE,1901
7.369,0.85,277.863,10.679,21.57,POTABLE,POTABLE,1902
7.603,0.0,297.472,8.43,20.899,POTABLE,POTABLE,1903
2.713,64.787,560.265,1.817,28.573,NON_POTABLE,NON_POTABLE,1904
6.834,0.0,382.62,6.19,24.761,POTABLE,MARGINAL,1905
5.148,26.951,736.377,0.147,21.945,NON_POTABLE,NON_POTABLE,1906
6.879,0.55,112.86,8.043,21.031,POTABLE,POTABLE,1907
6.262,9.179,670.616,3.533,34.222,MARGINAL,MARGINAL,1908
5.439,56.204,1088.144,1.801,28.427,NON_POTABLE,NON_POTABLE,1909
5.914,46.899,1098.091,0.0,34.094,NON_POTABLE,NON_POTABLE,1910
6.965,0.0,532.921,5.621,23.631,MARGINAL,MARGINAL,1911
8.848,7.021,519.373,5.322,22.696,MARGINAL,MARGINAL,1912
7.482,1.038,208.402,7.78,24.564,POTABLE,MARGINAL,1913
7.073,0.0,782.629,5.43,25.303,MARGINAL,MARGINAL,1914
7.774,10.649,308.589,5.076,22.032,MARGINAL,MARGINAL,1915
8.796,10.094,484.96,4.553,20.09,MARGINAL,MARGINAL,1916
7.292,1.612,256.556,6.368,23.053,POTABLE,MARGINAL,1917
7.524,1.314,398.059,5.168,25.742,MARGINAL,MARGINAL,1918
8.378,4.365,384.436,6.049,27.618,MARGINAL,MARGINAL,1919
8.343,0.497,208.273,10.817,24.516,POTABLE,POTABLE,1920
6.76,5.421,360.29,8.377,22.049,POTABLE,MARGINAL,1921
7.867,1.29,301.233,8.502,22.75,POTABLE,MARGINAL,1922
3.358,57.362,553.915,4.07,25.683,NON_POTABLE,NON_POTABLE,1923
6.553,46.5,609.515,3.054,36.563,NON_POTABLE,NON_POTABLE,1924
6.604,0.61,180.364,7.204,30.384,POTABLE,POTABLE,1925
6.564,12.12,511.768,4.746,18.887,MARGINAL,MARGINAL,1926
6.578,0.185,425.708,10.92,30.205,POTABLE,POTABLE,1927
6.897,2.874,444.706,8.136,22.855,POTABLE,MARGINAL,1928
6.191,50.998,898.039,0.044,35.398,NON_POTABLE,NON_POTABLE,1929
2.288,28.153,644.088,3.298,27.403,NON_POTABLE,NON_POTABLE,1930
7.44,9.685,755.218,4.996,31.343,MARGINAL,MARGINAL,1931
7.095,0.0,257.985,10.006,25.965,POTABLE,POTABLE,1932
6.823,3.842,208.887,7.608,20.646,POTABLE,MARGINAL,1933
4.219,74.16,744.32,2.981,30.923,NON_POTABLE,NON_POTABLE,1934
7.681,11.65,482.052,5.371,21.006,MARGINAL,MARGINAL,1935
5.438,8.349,576.533,2.711,31.332,MARGINAL,NON_POTABLE,1936
7.269,5.911,326.198,7.106,26.353,POTABLE,MARGINAL,1937
6.729,2.024,277.105,9.274,16.47,POTABLE,MARGINAL,1938
7.061,2.892,201.206,8.985,25.728,POTABLE,MARGINAL,1939
6.995,0.0,370.961,8.167,28.598,POTABLE,POTABLE,1940
5.776,67.249,1500.0,1.374,32.335,NON_POTABLE,NON_POTABLE,1941
5.402,11.281,625.832,4.468,22.743,MARGINAL,NON_POTABLE,1942
7.05,7.91,537.625,2.904,26.859,MARGINAL,MARGINAL,1943
7.106,11.07,544.023,5.861,23.593,MARGINAL,MARGINAL,1944
6.97,0.0,224.512,9.486,26.633,POTABLE,POTABLE,1945
6.402,5.873,463.27,7.152,22.391,MARGINAL,MARGINAL,1946
8.628,4.144,707.983,3.782,27.547,MARGINAL,MARGINAL,1947
6.23,0.0,313.371,7.04,23.536,POTABLE,MARGINAL,1948
5.4,35.251,855.055,2.951,26.154,NON_POTABLE,NON_POTABLE,1949
5.94,15.729,292.458,3.639,29.054,MARGINAL,MARGINAL,1950
7.627,16.629,374.727,4.158,30.076,MARGINAL,MARGINAL,1951
7.252,0.0,300.7,9.851,27.217,POTABLE,POTABLE,1952
7.359,0.0,329.64,5.896,25.423,POTABLE,MARGINAL,1953
8.112,62.196,1349.002,1.287,26.647,NON_POTABLE,NON_POTABLE,1954
10.473,4.286,943.999,2.363,30.486,NON_POTABLE,NON_POTABLE,1955
7.868,3.217,433.375,6.911,26.968,MARGINAL,MARGINAL,1956
6.763,0.924,303.486,8.696,21.412,POTABLE,POTABLE,1957
7.864,8.652,361.698,6.625,26.611,MARGINAL,MARGINAL,1958
3.429,58.142,988.969,2.905,23.445,NON_POTABLE,NON_POTABLE,1959
2.899,77.313,889.924,3.503,20.601,NON_POTABLE,NON_POTABLE,1960
9.968,6.64,671.176,3.625,30.164,NON_POTABLE,NON_POTABLE,1961
8.44,3.733,277.376,8.167,22.308,POTABLE,MARGINAL,1962
7.278,2.405,158.971,8.879,22.866,POTABLE,MARGINAL,1963
4.768,19.439,807.036,2.917,30.29,NON_POTABLE,NON_POTABLE,1964
7.214,2.289,211.504,8.694,21.412,POTABLE,MARGINAL,1965
3.898,46.097,826.397,0.0,21.011,NON_POTABLE,NON_POTABLE,1966
6.331,7.078,332.793,9.558,18.9,POTABLE,MARGINAL,1967
6.239,1.049,492.49,6.914,25.503,POTABLE,MARGINAL,1968
6.159,3.371,343.517,9.104,22.475,POTABLE,MARGINAL,1969
6.315,0.0,346.098,7.627,32.675,POTABLE,MARGINAL,1970
8.21,15.811,578.97,6.127,27.769,MARGINAL,MARGINAL,1971
2.861,22.146,756.001,2.411,26.726,NON_POTABLE,NON_POTABLE,1972
8.01,15.153,585.756,4.566,28.737,MARGINAL,MARGINAL,1973
3.678,27.345,1213.46,0.101,40.391,NON_POTABLE,NON_POTABLE,1974
7.245,0.0,452.226,8.322,26.35,POTABLE,POTABLE,1975
7.385,2.83,262.003,7.252,21.891,POTABLE,MARGINAL,1976
6.523,2.28,262.654,7.739,26.968,POTABLE,MARGINAL,1977
7.062,6.449,388.198,5.024,31.542,MARGINAL,MARGINAL,1978
0.441,75.12,1022.57,2.68,15.836,NON_POTABLE,NON_POTABLE,1979
5.423,7.363,952.917,3.078,34.567,NON_POTABLE,NON_POTABLE,1980
6.522,21.455,399.773,6.935,20.933,MARGINAL,MARGINAL,1981
6.736,0.053,336.795,8.148,23.318,POTABLE,POTABLE,1982
9.7,5.522,502.761,6.929,24.94,MARGINAL,NON_POTABLE,1983
6.436,34.824,956.167,3.112,17.232,NON_POTABLE,MARGINAL,1984
6.922,9.164,629.002,2.905,20.118,MARGINAL,MARGINAL,1985
7.896,0.413,312.217,9.422,18.673,POTABLE,POTABLE,1986
8.734,8.765,305.367,6.743,23.405,MARGINAL,MARGINAL,1987
6.994,4.546,146.272,9.342,26.493,POTABLE,MARGINAL,1988
7.052,0.0,484.077,9.775,21.764,POTABLE,POTABLE,1989
4.98,69.404,1115.543,2.796,27.358,NON_POTABLE,NON_POTABLE,1990
7.506,4.635,672.753,3.441,32.238,MARGINAL,MARGINAL,1991
7.263,59.811,1115.028,1.939,36.698,NON_POTABLE,NON_POTABLE,1992
6.825,0.0,327.26,6.806,29.417,POTABLE,POTABLE,1993
7.323,0.753,542.214,9.037,20.946,POTABLE,MARGINAL,1994
6.271,0.569,448.515,7.725,23.721,POTABLE,MARGINAL,1995
6.825,0.0,302.594,7.857,30.846,POTABLE,POTABLE,1996
6.961,5.73,496.079,7.379,25.916,MARGINAL,MARGINAL,1997
7.736,1.25,368.789,9.013,24.973,POTABLE,MARGINAL,1998
6.805,2.025,190.276,9.583,26.985,POTABLE,MARGINAL,1999
6.641,1.261,492.24,6.771,28.09,MARGINAL,MARGINAL,2000
4.116,23.382,726.208,1.172,24.474,NON_POTABLE,NON_POTABLE,2001
6.446,1.135,455.227,7.155,28.918,POTABLE,MARGINAL,2002
6.789,1.347,248.108,7.817,18.958,POTABLE,MARGINAL,2003
6.599,0.285,431.967,7.405,24.907,POTABLE,POTABLE,2004
7.799,78.244,770.72,2.73,29.263,NON_POTABLE,NON_POTABLE,2005
6.193,1.655,321.277,9.471,23.449,POTABLE,MARGINAL,2006
2.333,36.027,711.743,1.467,31.325,NON_POTABLE,NON_POTABLE,2007
7.536,6.773,428.989,3.677,25.285,MARGINAL,MARGINAL,2008
7.975,0.027,302.807,8.904,27.377,POTABLE,POTABLE,2009
7.05,4.637,272.098,7.67,26.785,POTABLE,MARGINAL,2010
6.713,3.621,608.763,8.353,24.959,POTABLE,MARGINAL,2011
7.168,0.699,399.107,5.548,26.353,MARGINAL,MARGINAL,2012
7.011,5.617,451.283,10.791,21.666,POTABLE,MARGINAL,2013
6.074,55.675,1152.932,4.361,26.61,NON_POTABLE,NON_POTABLE,2014
7.297,84.802,1079.509,0.0,39.618,NON_POTABLE,NON_POTABLE,2015
7.09,0.0,262.46,6.564,21.217,POTABLE,POTABLE,2016
6.718,0.0,419.194,8.105,26.782,POTABLE,POTABLE,2017
7.312,14.363,297.289,3.469,27.708,MARGINAL,MARGINAL,2018
4.767,52.105,531.89,1.26,18.274,NON_POTABLE,NON_POTABLE,2019
6.623,2.23,237.46,7.803,21.944,POTABLE,MARGINAL,2020
2.681,53.919,1067.879,2.17,34.042,NON_POTABLE,NON_POTABLE,2021
6.588,75.164,777.831,0.49,27.37,NON_POTABLE,NON_POTABLE,2022
7.984,0.0,566.054,7.511,21.545,MARGINAL,MARGINAL,2023
1.799,100.0,952.361,2.246,23.114,NON_POTABLE,NON_POTABLE,2024
5.424,73.668,1050.919,4.485,30.293,NON_POTABLE,NON_POTABLE,2025
5.518,21.136,592.3,2.715,23.74,MARGINAL,MARGINAL,2026
1.917,65.869,1208.482,0.0,30.846,NON_POTABLE,NON_POTABLE,2027
7.051,0.0,130.826,7.911,23.891,POTABLE,POTABLE,2028
8.667,56.773,524.355,2.827,33.009,NON_POTABLE,NON_POTABLE,2029
5.986,64.649,1244.228,0.0,34.461,NON_POTABLE,NON_POTABLE,2030
6.201,2.901,354.855,7.211,30.882,MARGINAL,MARGINAL,2031
6.888,0.0,553.166,7.323,35.903,MARGINAL,MARGINAL,2032
4.561,37.763,1114.327,2.461,24.197,NON_POTABLE,NON_POTABLE,2033
8.093,7.063,474.98,5.891,23.773,MARGINAL,MARGINAL,2034
6.862,4.707,770.555,6.191,24.982,MARGINAL,MARGINAL,2035
6.876,0.0,325.687,7.477,22.534,POTABLE,POTABLE,2036
3.93,88.606,746.103,3.303,25.86,NON_POTABLE,NON_POTABLE,2037
5.136,68.505,712.114,0.441,18.49,NON_POTABLE,NON_POTABLE,2038
8.69,8.769,541.032,5.492,25.48,MARGINAL,MARGINAL,2039
7.635,6.822,264.149,6.463,22.345,POTABLE,MARGINAL,2040
0.746,65.82,1170.798,2.69,34.595,NON_POTABLE,NON_POTABLE,2041
7.986,11.38,760.673,6.786,28.834,MARGINAL,MARGINAL,2042
6.395,0.0,429.124,9.301,20.16,POTABLE,MARGINAL,2043
5.588,89.589,908.25,2.98,19.555,NON_POTABLE,NON_POTABLE,2044
7.529,3.553,317.406,7.144,20.757,MARGINAL,MARGINAL,2045
8.072,45.082,624.656,3.53,23.663,NON_POTABLE,NON_POTABLE,2046
6.615,0.0,144.247,8.441,28.714,POTABLE,POTABLE,2047
6.95,6.879,741.411,6.404,24.42,MARGINAL,MARGINAL,2048
7.824,13.593,416.532,6.942,24.673,MARGINAL,MARGINAL,2049
2.334,66.681,1000.853,1.696,26.015,NON_POTABLE,NON_POTABLE,2050
1.684,8.056,986.146,1.538,27.872,NON_POTABLE,NON_POTABLE,2051
7.019,0.0,260.057,8.177,21.282,POTABLE,POTABLE,2052
6.462,0.0,175.887,8.273,20.185,POTABLE,MARGINAL,2053
7.102,10.252,718.369,6.09,19.081,MARGINAL,MARGINAL,2054
6.909,8.393,635.598,4.592,31.913,MARGINAL,MARGINAL,2055
6.658,9.084,635.208,4.863,24.306,MARGINAL,MARGINAL,2056
7.762,8.06,997.337,1.11,25.073,NON_POTABLE,NON_POTABLE,2057
6.665,76.887,837.074,2.246,31.056,NON_POTABLE,NON_POTABLE,2058
8.793,8.578,577.627,5.796,24.82,MARGINAL,MARGINAL,2059
7.102,0.0,97.676,9.079,25.141,POTABLE,POTABLE,2060
6.448,0.999,364.188,9.875,24.13,POTABLE,MARGINAL,2061
7.064,10.018,315.763,3.397,31.515,MARGINAL,MARGINAL,2062
7.375,14.037,973.672,0.154,22.158,NON_POTABLE,NON_POTABLE,2063
7.12,12.045,443.059,7.919,29.219,MARGINAL,MARGINAL,2064
7.271,0.55,333.243,9.275,19.195,POTABLE,POTABLE,2065
7.101,0.0,254.866,8.511,22.674,POTABLE,POTABLE,2066
7.479,0.0,316.945,8.674,21.88,POTABLE,POTABLE,2067
6.571,2.61,315.835,6.796,23.295,POTABLE,MARGINAL,2068
7.013,3.267,511.67,4.698,24.928,MARGINAL,MARGINAL,2069
7.461,0.431,340.852,9.766,22.317,POTABLE,POTABLE,2070
4.666,63.028,953.113,3.834,30.259,NON_POTABLE,NON_POTABLE,2071
7.981,19.081,515.433,5.452,22.411,MARGINAL,MARGINAL,2072
6.921,6.295,475.869,8.017,26.803,MARGINAL,MARGINAL,2073
5.643,87.755,1231.477,2.689,24.386,NON_POTABLE,NON_POTABLE,2074
8.986,18.272,485.61,4.925,22.157,MARGINAL,MARGINAL,2075
7.07,1.869,110.621,9.727,28.242,POTABLE,MARGINAL,2076
6.796,52.229,722.388,1.747,39.646,NON_POTABLE,NON_POTABLE,2077
6.912,0.0,319.675,9.532,30.036,POTABLE,POTABLE,2078
2.883,36.529,863.956,2.321,22.574,NON_POTABLE,NON_POTABLE,2079
6.133,14.665,614.122,5.967,25.221,MARGINAL,MARGINAL,2080
6.036,7.209,507.656,3.456,36.062,MARGINAL,MARGINAL,2081
7.138,1.959,311.152,6.745,23.048,POTABLE,MARGINAL,2082
8.876,7.416,390.321,5.993,27.956,MARGINAL,MARGINAL,2083
7.139,0.192,276.573,9.526,25.973,POTABLE,POTABLE,2084
6.711,0.0,335.942,9.841,21.585,POTABLE,POTABLE,2085
7.748,7.277,297.401,8.718,29.347,POTABLE,MARGINAL,2086
6.324,2.235,275.188,7.763,22.351,POTABLE,MARGINAL,2087
8.738,5.463,391.331,6.683,26.452,MARGINAL,MARGINAL,2088
7.005,13.81,735.838,7.132,26.744,MARGINAL,MARGINAL,2089
7.206,0.0,292.454,9.805,25.395,POTABLE,POTABLE,2090
7.392,0.444,623.882,4.179,25.139,MARGINAL,MARGINAL,2091
6.934,5.801,29.661,8.473,17.576,POTABLE,MARGINAL,2092
7.974,6.477,613.517,5.026,24.504,MARGINAL,MARGINAL,2093
7.52,0.0,309.518,5.93,23.106,POTABLE,MARGINAL,2094
7.659,62.634,1492.917,0.46,34.974,NON_POTABLE,NON_POTABLE,2095
7.221,1.16,714.271,6.454,17.232,MARGINAL,MARGINAL,2096
7.072,0.861,229.074,9.055,22.963,POTABLE,POTABLE,2097
6.904,7.845,585.732,5.65,30.146,MARGINAL,MARGINAL,2098
6.625,1.665,339.426,8.113,22.806,POTABLE,MARGINAL,2099
7.234,1.698,253.388,8.603,24.985,POTABLE,MARGINAL,2100
6.985,9.729,818.49,5.419,28.029,MARGINAL,MARGINAL,2101
3.909,99.159,931.843,0.0,30.897,NON_POTABLE,NON_POTABLE,2102
9.572,34.925,1142.133,1.07,20.931,NON_POTABLE,NON_POTABLE,2103
8.096,0.199,194.56,8.542,31.221,POTABLE,POTABLE,2104
6.498,0.0,266.136,7.845,24.489,POTABLE,MARGINAL,2105
3.977,42.064,1449.883,2.687,31.584,NON_POTABLE,NON_POTABLE,2106
7.279,0.0,449.368,8.427,24.841,POTABLE,POTABLE,2107
6.41,31.462,703.064,2.745,24.831,NON_POTABLE,MARGINAL,2108
7.018,7.124,414.766,8.31,23.946,MARGINAL,MARGINAL,2109
8.107,0.0,392.495,8.609,23.159,POTABLE,POTABLE,2110
7.523,66.519,1018.481,2.129,34.13,NON_POTABLE,NON_POTABLE,2111
9.533,4.594,568.606,7.73,27.982,MARGINAL,NON_POTABLE,2112
6.929,0.0,313.884,8.932,28.071,POTABLE,POTABLE,2113
6.657,0.302,460.993,3.924,25.931,MARGINAL,MARGINAL,2114
9.854,52.567,586.592,3.644,26.491,NON_POTABLE,NON_POTABLE,2115
7.278,2.162,298.49,6.577,21.407,POTABLE,MARGINAL,2116
7.623,1.523,322.052,4.198,28.986,MARGINAL,MARGINAL,2117
2.628,81.242,853.94,2.216,30.745,NON_POTABLE,NON_POTABLE,2118
5.609,1.73,27.512,8.807,23.419,POTABLE,MARGINAL,2119
7.553,0.0,461.698,9.554,26.209,POTABLE,POTABLE,2120
7.397,4.247,439.59,2.668,16.844,MARGINAL,MARGINAL,2121
0.0,47.714,862.082,1.517,22.384,NON_POTABLE,NON_POTABLE,2122
8.276,4.233,406.775,6.198,26.775,MARGINAL,MARGINAL,2123
5.267,56.614,894.848,1.304,34.049,NON_POTABLE,NON_POTABLE,2124
7.932,0.064,545.295,5.554,21.49,MARGINAL,MARGINAL,2125
7.27,1.061,407.92,7.155,21.103,POTABLE,MARGINAL,2126
7.68,38.858,810.273,3.167,30.831,NON_POTABLE,MARGINAL,2127
8.655,38.958,1098.173,0.0,26.884,NON_POTABLE,NON_POTABLE,2128
7.171,0.0,242.266,9.068,22.822,POTABLE,POTABLE,2129
4.951,74.06,512.818,3.511,32.101,NON_POTABLE,NON_POTABLE,2130
7.336,0.514,483.166,2.98,18.388,MARGINAL,MARGINAL,2131
1.283,68.097,1132.927,0.546,26.52,NON_POTABLE,NON_POTABLE,2132
7.852,92.459,590.538,1.237,23.144,NON_POTABLE,NON_POTABLE,2133
6.761,0.0,289.69,7.411,28.748,POTABLE,POTABLE,2134
7.507,4.694,556.516,4.757,23.161,MARGINAL,MARGINAL,2135
6.331,5.207,706.954,6.273,22.982,MARGINAL,MARGINAL,2136
3.598,47.34,861.831,3.234,23.962,NON_POTABLE,NON_POTABLE,2137
4.585,49.407,972.802,1.376,28.501,NON_POTABLE,NON_POTABLE,2138
6.558,4.116,315.919,8.615,22.395,POTABLE,MARGINAL,2139
6.491,8.045,518.785,6.225,26.428,MARGINAL,MARGINAL,2140
5.28,51.073,465.878,2.728,26.885,NON_POTABLE,NON_POTABLE,2141
7.925,11.99,380.875,3.576,23.259,MARGINAL,MARGINAL,2142
7.347,12.032,446.618,6.034,22.427,MARGINAL,MARGINAL,2143
7.492,10.819,660.386,6.519,22.052,MARGINAL,MARGINAL,2144
7.247,55.692,916.806,0.313,23.462,NON_POTABLE,NON_POTABLE,2145
6.403,0.0,279.415,8.438,24.304,POTABLE,MARGINAL,2146
6.976,6.801,273.86,7.566,28.72,POTABLE,MARGINAL,2147
7.592,0.0,175.722,7.286,25.4,POTABLE,POTABLE,2148
3.763,50.101,528.403,1.868,31.007,NON_POTABLE,NON_POTABLE,2149
6.956,1.221,455.231,7.314,22.795,POTABLE,MARGINAL,2150
1.129,99.993,673.77,2.276,25.665,NON_POTABLE,NON_POTABLE,2151
7.814,7.657,464.503,3.426,26.71,MARGINAL,MARGINAL,2152
7.389,0.0,446.844,7.759,25.736,POTABLE,POTABLE,2153
5.856,6.165,599.947,4.232,22.566,MARGINAL,MARGINAL,2154
7.721,1.297,370.913,7.814,25.858,POTABLE,MARGINAL,2155
7.424,78.969,1076.487,4.75,29.054,NON_POTABLE,NON_POTABLE,2156
7.509,0.309,401.333,6.009,29.083,MARGINAL,MARGINAL,2157
7.306,0.23,378.639,8.034,19.666,POTABLE,POTABLE,2158
6.204,13.053,599.326,5.621,25.919,MARGINAL,MARGINAL,2159
7.161,2.664,367.733,8.048,27.189,POTABLE,MARGINAL,2160
6.92,1.904,323.49,10.173,19.375,POTABLE,MARGINAL,2161
4.955,61.948,586.441,1.532,35.557,NON_POTABLE,NON_POTABLE,2162
7.238,4.096,265.783,7.034,27.997,POTABLE,MARGINAL,2163
8.388,9.017,442.497,4.642,25.471,MARGINAL,MARGINAL,2164
6.289,0.0,253.16,9.026,24.363,POTABLE,MARGINAL,2165
2.669,62.444,1205.76,1.232,33.031,NON_POTABLE,NON_POTABLE,2166
9.464,14.227,430.828,6.799,20.279,MARGINAL,NON_POTABLE,2167
6.242,100.0,893.811,2.806,32.457,NON_POTABLE,NON_POTABLE,2168
0.448,41.13,1149.177,1.889,29.977,NON_POTABLE,NON_POTABLE,2169
7.244,10.114,608.148,6.637,27.824,MARGINAL,MARGINAL,2170
8.334,26.782,566.987,2.119,19.899,NON_POTABLE,NON_POTABLE,2171
6.695,4.93,400.685,6.446,17.544,POTABLE,MARGINAL,2172
7.072,0.926,438.019,10.571,19.369,POTABLE,POTABLE,2173
8.706,16.451,549.87,6.182,25.024,MARGINAL,MARGINAL,2174
4.467,65.493,1050.964,2.544,35.242,NON_POTABLE,NON_POTABLE,2175
7.216,0.0,284.895,8.955,24.858,POTABLE,POTABLE,2176
7.9,0.0,312.533,9.509,27.147,POTABLE,POTABLE,2177
6.871,12.219,713.74,4.899,21.301,MARGINAL,MARGINAL,2178
7.344,4.249,401.491,7.059,21.505,POTABLE,MARGINAL,2179
7.669,0.0,341.839,7.722,28.621,POTABLE,POTABLE,2180
7.525,75.306,405.489,2.91,37.497,NON_POTABLE,NON_POTABLE,2181
6.801,2.815,25.265,8.539,26.176,POTABLE,MARGINAL,2182
7.495,2.663,425.732,10.396,23.808,POTABLE,MARGINAL,2183
6.138,0.0,98.342,7.169,27.27,POTABLE,MARGINAL,2184
8.145,2.431,404.173,6.212,29.869,POTABLE,MARGINAL,2185
8.176,38.405,650.839,2.013,25.228,NON_POTABLE,NON_POTABLE,2186
6.8,0.449,460.531,6.182,23.034,POTABLE,MARGINAL,2187
7.722,0.676,335.251,11.614,26.311,POTABLE,POTABLE,2188
8.555,13.748,486.462,5.471,28.839,MARGINAL,MARGINAL,2189
7.822,5.28,95.011,8.408,21.294,POTABLE,MARGINAL,2190
8.34,0.419,638.963,3.706,22.671,MARGINAL,MARGINAL,2191
6.571,5.504,537.111,6.264,24.473,MARGINAL,MARGINAL,2192
7.468,3.073,359.414,8.319,22.286,POTABLE,MARGINAL,2193
2.478,18.443,855.717,2.141,25.324,NON_POTABLE,NON_POTABLE,2194
7.32,1.301,506.511,9.916,28.599,POTABLE,MARGINAL,2195
7.692,0.444,256.541,11.522,25.553,POTABLE,POTABLE,2196
7.589,0.599,297.434,9.205,20.056,POTABLE,POTABLE,2197
6.228,14.433,683.668,6.921,22.302,MARGINAL,MARGINAL,2198
8.428,9.933,680.537,5.583,31.904,MARGINAL,MARGINAL,2199
6.078,0.0,372.653,9.314,21.636,POTABLE,MARGINAL,2200
7.776,3.05,318.966,8.176,15.52,POTABLE,MARGINAL,2201
6.478,0.0,369.296,9.112,25.921,POTABLE,MARGINAL,2202
8.038,13.73,821.253,2.501,17.513,MARGINAL,MARGINAL,2203
8.243,4.426,209.96,9.601,24.903,POTABLE,MARGINAL,2204
6.28,2.704,269.384,7.615,26.613,POTABLE,MARGINAL,2205
0.0,63.779,1236.611,2.763,28.069,NON_POTABLE,NON_POTABLE,2206
7.177,0.0,338.572,7.383,23.005,POTABLE,POTABLE,2207
6.043,0.0,287.732,8.415,25.301,POTABLE,MARGINAL,2208
7.095,3.348,596.558,5.825,29.084,MARGINAL,MARGINAL,2209
4.788,34.877,913.454,2.821,25.876,NON_POTABLE,NON_POTABLE,2210
6.661,3.236,389.79,7.144,29.149,POTABLE,MARGINAL,2211
7.944,0.964,468.224,5.749,29.798,MARGINAL,MARGINAL,2212
7.168,1.676,239.164,8.148,20.5,POTABLE,MARGINAL,2213
0.885,59.756,1416.57,0.0,30.659,NON_POTABLE,NON_POTABLE,2214
7.473,0.843,242.617,6.858,24.229,POTABLE,POTABLE,2215
3.536,58.945,774.469,2.757,28.683,NON_POTABLE,NON_POTABLE,2216
3.998,53.105,834.032,3.355,32.799,NON_POTABLE,NON_POTABLE,2217
2.344,80.229,1008.453,1.634,27.652,NON_POTABLE,NON_POTABLE,2218
6.754,2.454,272.935,8.369,28.029,POTABLE,MARGINAL,2219
6.941,1.196,278.293,10.321,24.513,POTABLE,MARGINAL,2220
6.95,0.0,191.819,9.653,24.528,POTABLE,POTABLE,2221
8.826,7.259,451.105,5.122,25.006,MARGINAL,MARGINAL,2222
6.833,4.535,400.859,4.382,29.214,MARGINAL,MARGINAL,2223
7.779,0.515,540.007,8.308,20.574,POTABLE,MARGINAL,2224
5.671,5.514,674.136,3.862,25.912,MARGINAL,MARGINAL,2225
6.523,0.281,748.385,6.534,32.0,MARGINAL,MARGINAL,2226
7.46,4.455,255.839,7.503,20.338,POTABLE,MARGINAL,2227
8.893,0.0,387.931,9.732,25.869,POTABLE,MARGINAL,2228
4.233,78.196,1043.823,2.142,30.65,NON_POTABLE,NON_POTABLE,2229
4.538,100.0,943.613,1.6,33.742,NON_POTABLE,NON_POTABLE,2230
7.458,8.973,388.346,3.8,28.529,MARGINAL,MARGINAL,2231
7.228,1.069,166.512,10.347,24.311,POTABLE,MARGINAL,2232
6.983,13.153,589.912,5.766,28.358,MARGINAL,MARGINAL,2233
6.725,17.778,468.393,6.658,30.822,MARGINAL,MARGINAL,2234
7.744,0.388,528.447,8.93,24.747,POTABLE,MARGINAL,2235
7.728,5.232,420.75,8.002,28.117,POTABLE,MARGINAL,2236
4.751,72.236,1073.752,1.911,31.519,NON_POTABLE,NON_POTABLE,2237
7.102,2.809,500.591,8.101,23.55,POTABLE,MARGINAL,2238
7.936,0.0,257.448,10.565,25.197,POTABLE,POTABLE,2239
8.291,6.267,214.513,5.774,29.807,MARGINAL,MARGINAL,2240
7.475,9.384,510.93,6.066,19.019,MARGINAL,MARGINAL,2241
2.547,43.929,738.138,2.909,28.75,NON_POTABLE,NON_POTABLE,2242
7.621,0.0,220.538,6.362,24.329,POTABLE,MARGINAL,2243
8.2,7.199,653.161,6.425,27.477,MARGINAL,MARGINAL,2244
7.726,13.174,330.444,5.85,27.156,MARGINAL,MARGINAL,2245
7.407,0.594,473.779,7.974,26.862,MARGINAL,POTABLE,2246
7.739,6.01,524.661,8.191,23.546,MARGINAL,MARGINAL,2247
5.804,42.402,1244.493,1.767,24.935,NON_POTABLE,NON_POTABLE,2248
7.591,12.208,383.561,3.883,28.373,MARGINAL,MARGINAL,2249
3.311,15.48,941.538,2.855,18.45,NON_POTABLE,NON_POTABLE,2250
6.539,9.508,379.511,6.679,32.419,MARGINAL,MARGINAL,2251
6.757,0.0,205.097,9.966,20.63,POTABLE,POTABLE,2252
7.053,0.0,98.034,8.303,26.363,POTABLE,POTABLE,2253
7.493,3.355,212.715,10.792,24.686,POTABLE,MARGINAL,2254
8.033,0.0,319.805,8.787,25.331,POTABLE,POTABLE,2255
7.515,10.405,342.113,4.973,25.52,MARGINAL,MARGINAL,2256
5.716,79.737,860.651,1.644,23.892,NON_POTABLE,NON_POTABLE,2257
6.853,0.757,369.121,7.255,23.507,POTABLE,POTABLE,2258
7.904,4.686,595.354,3.58,30.967,MARGINAL,MARGINAL,2259
2.809,85.861,993.249,1.732,28.743,NON_POTABLE,NON_POTABLE,2260
6.465,0.0,372.339,6.8,23.198,POTABLE,MARGINAL,2261
7.506,3.257,286.342,4.067,32.013,MARGINAL,MARGINAL,2262
2.719,54.456,1063.069,1.293,32.641,NON_POTABLE,NON_POTABLE,2263
7.971,11.928,378.649,6.335,24.211,MARGINAL,MARGINAL,2264
7.348,37.236,476.209,1.284,21.89,NON_POTABLE,NON_POTABLE,2265
7.838,4.057,581.563,5.32,26.096,MARGINAL,MARGINAL,2266
7.814,82.422,747.766,3.37,28.518,NON_POTABLE,NON_POTABLE,2267
7.769,1.935,303.342,8.43,24.077,POTABLE,MARGINAL,2268
9.399,28.882,886.133,2.541,27.603,NON_POTABLE,NON_POTABLE,2269
7.637,15.188,583.768,5.514,26.507,MARGINAL,MARGINAL,2270
7.717,2.623,282.615,10.164,23.807,POTABLE,MARGINAL,2271
7.79,0.0,459.972,6.349,23.782,MARGINAL,MARGINAL,2272
8.048,9.803,711.221,4.812,25.296,MARGINAL,MARGINAL,2273
5.331,86.825,559.533,1.894,25.514,NON_POTABLE,NON_POTABLE,2274
7.86,0.0,412.73,8.976,31.208,POTABLE,POTABLE,2275
7.425,3.307,468.779,8.237,17.671,POTABLE,MARGINAL,2276
8.234,16.153,557.835,3.775,22.298,MARGINAL,MARGINAL,2277
4.274,21.615,1355.811,4.085,27.324,NON_POTABLE,NON_POTABLE,2278
6.826,2.973,301.625,10.25,26.532,POTABLE,MARGINAL,2279
7.743,17.322,600.17,7.898,23.956,MARGINAL,MARGINAL,2280
7.621,0.342,348.818,9.528,22.057,POTABLE,POTABLE,2281
5.554,4.609,690.882,2.299,26.238,NON_POTABLE,NON_POTABLE,2282
8.042,0.0,107.256,7.791,19.853,POTABLE,POTABLE,2283
6.635,0.847,288.204,8.495,23.249,POTABLE,POTABLE,2284
7.484,0.0,326.001,6.472,19.386,POTABLE,MARGINAL,2285
7.526,0.0,667.174,3.419,23.008,MARGINAL,MARGINAL,2286
6.724,0.0,114.484,8.247,21.281,POTABLE,POTABLE,2287
7.494,1.928,462.368,10.507,26.713,POTABLE,MARGINAL,2288
7.528,7.136,669.859,8.275,21.158,MARGINAL,MARGINAL,2289
7.156,0.3,274.695,8.175,19.627,POTABLE,POTABLE,2290
6.486,0.0,548.602,8.821,25.483,POTABLE,MARGINAL,2291
6.667,6.313,425.161,5.558,26.836,MARGINAL,MARGINAL,2292
7.356,20.912,404.573,4.158,27.282,MARGINAL,MARGINAL,2293
3.342,85.342,836.193,2.052,33.015,NON_POTABLE,NON_POTABLE,2294
6.796,0.0,341.899,7.617,30.089,POTABLE,POTABLE,2295
4.19,72.298,1195.949,2.984,21.961,NON_POTABLE,NON_POTABLE,2296
6.799,0.0,394.305,9.676,27.796,POTABLE,POTABLE,2297
7.741,0.0,376.668,8.305,24.202,POTABLE,POTABLE,2298
7.025,11.2,298.555,4.793,32.283,MARGINAL,MARGINAL,2299
2.76,55.415,477.976,4.232,30.948,NON_POTABLE,NON_POTABLE,2300
1.684,63.817,943.545,5.212,34.934,NON_POTABLE,NON_POTABLE,2301
8.744,12.538,417.041,6.197,23.68,MARGINAL,MARGINAL,2302
4.626,81.729,531.973,0.92,27.819,NON_POTABLE,NON_POTABLE,2303
3.936,80.269,540.03,4.129,34.669,NON_POTABLE,NON_POTABLE,2304
2.828,7.384,750.274,2.656,26.592,NON_POTABLE,NON_POTABLE,2305
6.284,5.016,277.436,9.715,19.432,POTABLE,MARGINAL,2306
6.824,1.967,432.309,8.602,22.96,POTABLE,MARGINAL,2307
4.494,58.635,1459.954,1.16,21.426,NON_POTABLE,NON_POTABLE,2308
6.88,4.871,352.264,8.896,26.828,POTABLE,MARGINAL,2309
6.499,100.0,1192.095,2.467,31.814,NON_POTABLE,NON_POTABLE,2310
6.352,46.195,1019.514,3.463,31.47,NON_POTABLE,NON_POTABLE,2311
9.309,19.292,504.566,2.889,28.198,MARGINAL,NON_POTABLE,2312
7.04,8.156,655.302,5.455,30.985,MARGINAL,MARGINAL,2313
5.493,78.415,892.345,1.059,24.94,NON_POTABLE,NON_POTABLE,2314
7.979,3.553,302.212,4.972,30.719,MARGINAL,MARGINAL,2315
7.965,9.473,338.393,6.31,23.761,MARGINAL,MARGINAL,2316
9.97,7.776,581.152,5.963,16.682,MARGINAL,NON_POTABLE,2317
6.154,2.684,312.373,9.868,20.679,POTABLE,MARGINAL,2318
7.314,0.0,122.311,8.943,23.207,POTABLE,POTABLE,2319
6.361,13.547,525.766,4.213,24.857,MARGINAL,MARGINAL,2320
6.949,0.0,565.876,9.85,26.667,POTABLE,MARGINAL,2321
6.742,8.313,746.633,5.076,20.927,MARGINAL,MARGINAL,2322
7.078,16.638,355.412,5.507,28.84,MARGINAL,MARGINAL,2323
9.113,1.388,355.04,7.521,19.301,POTABLE,NON_POTABLE,2324
7.532,2.725,376.106,7.269,18.41,POTABLE,MARGINAL,2325
7.082,3.435,607.365,5.243,20.689,MARGINAL,MARGINAL,2326
5.106,58.124,1038.292,3.466,33.63,NON_POTABLE,NON_POTABLE,2327
5.886,8.886,544.351,4.362,27.389,MARGINAL,MARGINAL,2328
6.384,66.709,1149.585,1.46,24.626,NON_POTABLE,NON_POTABLE,2329
9.363,34.879,1047.489,2.868,25.908,NON_POTABLE,NON_POTABLE,2330
5.921,78.014,1085.804,1.548,23.424,NON_POTABLE,NON_POTABLE,2331
7.965,88.902,1016.126,1.151,25.41,NON_POTABLE,NON_POTABLE,2332
7.387,0.0,423.58,9.298,29.233,POTABLE,POTABLE,2333
7.217,3.962,329.141,10.795,25.004,POTABLE,MARGINAL,2334
7.046,2.239,576.437,5.582,26.569,MARGINAL,MARGINAL,2335
3.161,69.422,1434.145,2.817,28.635,NON_POTABLE,NON_POTABLE,2336
8.273,0.976,487.051,4.702,19.97,MARGINAL,MARGINAL,2337
3.627,58.854,971.276,4.756,27.003,NON_POTABLE,NON_POTABLE,2338
7.333,0.0,424.832,7.208,29.312,POTABLE,POTABLE,2339
8.944,44.943,764.218,0.0,23.425,NON_POTABLE,NON_POTABLE,2340
8.805,10.112,584.093,6.05,31.317,MARGINAL,MARGINAL,2341
6.461,6.782,457.563,3.227,31.037,MARGINAL,MARGINAL,2342
7.112,4.248,347.024,7.996,22.62,POTABLE,MARGINAL,2343
7.018,3.477,152.329,8.677,19.357,POTABLE,MARGINAL,2344
2.751,35.516,875.128,0.0,26.561,NON_POTABLE,NON_POTABLE,2345
7.097,4.652,321.062,7.126,25.721,POTABLE,MARGINAL,2346
7.859,7.58,618.309,5.139,33.732,MARGINAL,MARGINAL,2347
3.915,60.813,1284.143,2.12,24.406,NON_POTABLE,NON_POTABLE,2348
7.34,9.917,302.047,8.82,23.089,POTABLE,MARGINAL,2349
4.686,75.651,586.053,0.186,31.039,NON_POTABLE,NON_POTABLE,2350
6.646,0.977,311.993,9.391,28.335,POTABLE,POTABLE,2351
1.684,48.592,941.706,0.5,32.515,NON_POTABLE,NON_POTABLE,2352
7.23,0.972,486.361,8.72,23.467,POTABLE,POTABLE,2353
7.329,0.0,279.798,7.771,23.087,POTABLE,POTABLE,2354
8.01,74.037,1064.086,0.0,29.287,NON_POTABLE,NON_POTABLE,2355
6.134,0.808,351.558,8.622,26.301,POTABLE,MARGINAL,2356
3.23,52.682,617.348,3.785,42.712,NON_POTABLE,NON_POTABLE,2357
1.47,53.055,994.256,2.028,28.531,NON_POTABLE,NON_POTABLE,2358
7.2,16.08,595.754,5.014,24.698,MARGINAL,MARGINAL,2359
7.224,10.973,607.668,5.531,23.887,MARGINAL,MARGINAL,2360
6.803,6.996,509.014,4.774,25.875,MARGINAL,MARGINAL,2361
7.123,0.0,459.151,9.869,20.919,POTABLE,POTABLE,2362
7.532,0.0,241.797,9.974,27.192,POTABLE,POTABLE,2363
6.187,2.102,403.583,4.569,22.353,MARGINAL,MARGINAL,2364
7.534,18.203,713.63,7.151,26.084,MARGINAL,MARGINAL,2365
8.102,4.154,326.364,8.975,22.863,POTABLE,MARGINAL,2366
6.693,0.0,383.706,8.642,25.351,POTABLE,POTABLE,2367
7.025,2.749,447.152,9.634,18.322,POTABLE,MARGINAL,2368
6.708,0.885,336.086,7.778,28.979,POTABLE,POTABLE,2369
6.646,2.923,278.064,6.932,20.52,POTABLE,MARGINAL,2370
7.343,0.0,199.615,9.533,25.946,POTABLE,POTABLE,2371
7.473,5.468,407.076,9.039,20.922,POTABLE,MARGINAL,2372
1.129,39.327,1085.385,4.87,23.202,NON_POTABLE,NON_POTABLE,2373
7.801,4.268,544.867,4.049,25.705,MARGINAL,MARGINAL,2374
7.626,13.718,519.946,5.885,28.29,MARGINAL,MARGINAL,2375
7.7,22.649,1175.711,0.351,34.392,NON_POTABLE,NON_POTABLE,2376
6.874,1.793,400.803,7.643,23.233,POTABLE,MARGINAL,2377
7.892,11.793,396.145,3.681,26.305,MARGINAL,MARGINAL,2378
7.438,3.408,288.866,9.16,21.387,POTABLE,MARGINAL,2379
7.384,18.322,623.493,5.211,33.466,MARGINAL,MARGINAL,2380
4.022,63.556,892.425,4.425,26.339,NON_POTABLE,NON_POTABLE,2381
5.929,2.727,519.28,9.509,18.091,POTABLE,MARGINAL,2382
6.69,12.956,600.009,6.19,24.656,MARGINAL,MARGINAL,2383
6.271,16.367,705.237,4.225,23.302,MARGINAL,MARGINAL,2384
9.408,12.867,469.962,5.439,34.007,MARGINAL,NON_POTABLE,2385
7.135,0.0,463.596,7.046,24.865,POTABLE,POTABLE,2386
7.067,0.848,383.315,7.918,22.842,POTABLE,POTABLE,2387
6.573,2.816,513.837,7.812,17.741,POTABLE,MARGINAL,2388
7.23,9.965,509.327,5.322,26.683,MARGINAL,MARGINAL,2389
6.439,16.096,460.247,5.24,25.295,MARGINAL,MARGINAL,2390
7.216,18.719,178.112,3.359,25.952,MARGINAL,MARGINAL,2391
6.831,64.391,693.389,0.849,28.685,NON_POTABLE,NON_POTABLE,2392
6.888,0.0,462.355,6.525,29.095,MARGINAL,POTABLE,2393
7.259,9.516,719.635,6.288,26.857,MARGINAL,MARGINAL,2394
3.532,84.564,835.107,2.64,25.919,NON_POTABLE,NON_POTABLE,2395
7.548,1.573,653.654,4.8,26.93,MARGINAL,MARGINAL,2396
7.373,0.0,441.684,6.913,22.365,POTABLE,POTABLE,2397
7.193,49.731,460.295,2.778,25.916,NON_POTABLE,NON_POTABLE,2398
6.554,1.061,184.952,8.749,24.718,POTABLE,MARGINAL,2399
8.506,16.437,445.266,6.402,31.89,MARGINAL,MARGINAL,2400
7.634,54.618,1168.7,0.664,31.33,NON_POTABLE,NON_POTABLE,2401
6.502,0.0,297.272,8.158,20.211,POTABLE,POTABLE,2402
8.695,2.91,295.57,4.719,29.176,MARGINAL,MARGINAL,2403
6.655,4.857,456.017,9.422,25.753,POTABLE,MARGINAL,2404
7.452,1.141,446.158,8.657,27.326,POTABLE,MARGINAL,2405
7.605,5.075,617.052,8.244,25.826,MARGINAL,MARGINAL,2406
2.765,47.863,554.052,1.985,28.921,NON_POTABLE,NON_POTABLE,2407
6.729,3.461,288.977,8.978,17.965,POTABLE,MARGINAL,2408
6.424,8.197,547.639,6.566,28.448,MARGINAL,MARGINAL,2409
6.685,0.0,360.232,9.936,23.265,POTABLE,POTABLE,2410
7.932,38.365,1064.195,1.795,36.966,NON_POTABLE,NON_POTABLE,2411
7.425,8.579,664.008,5.097,26.66,MARGINAL,MARGINAL,2412
7.003,4.485,344.068,8.839,25.019,POTABLE,MARGINAL,2413
8.025,0.0,365.049,5.324,33.046,MARGINAL,MARGINAL,2414
7.289,5.549,224.869,9.25,25.777,POTABLE,MARGINAL,2415
6.774,0.0,254.57,7.807,22.539,POTABLE,POTABLE,2416
6.877,4.016,727.656,5.31,27.943,MARGINAL,MARGINAL,2417
9.02,61.754,864.365,1.23,32.716,NON_POTABLE,NON_POTABLE,2418
7.083,1.047,112.277,8.628,28.351,POTABLE,MARGINAL,2419
9.131,14.12,553.468,6.576,34.366,MARGINAL,NON_POTABLE,2420
6.804,14.285,404.475,4.722,20.478,MARGINAL,MARGINAL,2421
9.348,6.5,435.056,6.18,23.765,MARGINAL,NON_POTABLE,2422
6.212,13.469,413.377,4.003,27.925,MARGINAL,MARGINAL,2423
6.642,68.011,1084.365,0.267,35.246,NON_POTABLE,NON_POTABLE,2424
6.084,9.503,352.644,4.337,21.979,MARGINAL,MARGINAL,2425
7.621,0.0,370.065,9.629,22.174,POTABLE,POTABLE,2426
6.299,3.366,397.527,8.358,33.053,POTABLE,MARGINAL,2427
6.752,1.922,244.843,8.574,26.645,POTABLE,MARGINAL,2428
8.39,80.553,856.644,4.2,25.489,NON_POTABLE,NON_POTABLE,2429
6.997,9.874,457.118,5.304,27.478,MARGINAL,MARGINAL,2430
5.961,39.386,658.539,2.747,33.619,NON_POTABLE,MARGINAL,2431
7.373,6.481,566.573,4.193,26.721,MARGINAL,MARGINAL,2432
7.109,1.716,422.344,7.344,28.926,POTABLE,MARGINAL,2433
9.339,0.0,408.14,5.256,30.366,MARGINAL,NON_POTABLE,2434
6.806,0.498,310.647,9.033,28.532,POTABLE,POTABLE,2435
5.866,15.119,857.698,1.421,21.689,NON_POTABLE,NON_POTABLE,2436
6.853,5.005,522.44,6.675,19.684,MARGINAL,MARGINAL,2437
6.815,0.0,282.712,7.413,27.382,POTABLE,POTABLE,2438
7.368,2.873,103.097,8.894,21.346,POTABLE,MARGINAL,2439
7.076,0.0,321.81,7.918,22.873,POTABLE,POTABLE,2440
8.489,8.053,553.036,5.399,18.695,MARGINAL,MARGINAL,2441
7.654,6.802,195.643,8.523,15.116,POTABLE,MARGINAL,2442
7.294,7.657,373.846,5.87,32.185,MARGINAL,MARGINAL,2443
10.13,0.0,472.461,7.78,20.269,MARGINAL,NON_POTABLE,2444
9.967,84.651,632.777,1.907,30.242,NON_POTABLE,NON_POTABLE,2445
3.067,50.14,1061.34,4.278,30.175,NON_POTABLE,NON_POTABLE,2446
7.065,14.642,614.554,5.924,21.857,MARGINAL,MARGINAL,2447
7.368,5.189,199.37,8.448,24.801,POTABLE,MARGINAL,2448
7.298,0.0,149.32,9.709,23.618,POTABLE,POTABLE,2449
6.653,0.0,397.442,8.117,25.733,POTABLE,POTABLE,2450
6.782,0.0,255.197,7.172,21.426,POTABLE,POTABLE,2451
7.628,5.699,684.362,8.514,31.94,MARGINAL,MARGINAL,2452
7.307,0.0,391.444,9.71,26.305,POTABLE,POTABLE,2453
7.616,2.56,412.394,7.393,27.926,POTABLE,MARGINAL,2454
8.224,0.0,346.867,7.988,27.223,POTABLE,POTABLE,2455
6.924,4.106,555.883,5.736,28.518,MARGINAL,MARGINAL,2456
6.654,2.917,455.832,10.062,23.199,POTABLE,MARGINAL,2457
7.471,0.0,154.038,7.503,25.492,POTABLE,POTABLE,2458
7.007,1.955,416.535,7.56,28.77,MARGINAL,MARGINAL,2459
7.392,0.0,335.962,10.527,25.449,POTABLE,POTABLE,2460
6.782,33.875,1213.518,2.608,27.375,NON_POTABLE,NON_POTABLE,2461
8.136,12.907,602.085,4.946,19.962,MARGINAL,MARGINAL,2462
3.963,48.594,656.871,2.056,34.535,NON_POTABLE,NON_POTABLE,2463
5.776,1.987,453.67,7.309,35.536,MARGINAL,MARGINAL,2464
6.581,0.629,162.318,9.747,22.887,POTABLE,POTABLE,2465
6.161,72.909,1069.531,1.557,28.74,NON_POTABLE,NON_POTABLE,2466
8.619,11.29,526.997,5.784,26.721,MARGINAL,MARGINAL,2467
4.053,26.753,710.681,0.945,27.181,NON_POTABLE,NON_POTABLE,2468
7.887,9.357,344.853,3.537,27.256,MARGINAL,MARGINAL,2469
5.928,10.675,377.061,3.014,28.717,MARGINAL,MARGINAL,2470
5.841,41.014,966.343,0.0,31.868,NON_POTABLE,NON_POTABLE,2471
6.757,0.0,381.098,6.968,21.682,POTABLE,POTABLE,2472
5.725,100.0,1198.673,4.47,24.236,NON_POTABLE,NON_POTABLE,2473
6.091,2.972,389.28,5.376,26.995,MARGINAL,MARGINAL,2474
8.169,57.144,1170.842,0.596,21.298,NON_POTABLE,NON_POTABLE,2475
6.68,6.815,610.753,4.428,24.02,MARGINAL,MARGINAL,2476
0.246,66.865,1360.12,1.296,40.386,NON_POTABLE,NON_POTABLE,2477
6.341,0.0,398.444,8.476,23.493,POTABLE,MARGINAL,2478
8.369,3.265,387.05,6.548,27.414,MARGINAL,MARGINAL,2479
3.811,86.172,662.889,1.913,29.615,NON_POTABLE,NON_POTABLE,2480
6.793,12.367,444.034,8.459,27.65,MARGINAL,MARGINAL,2481
9.286,12.363,456.434,4.285,23.049,MARGINAL,NON_POTABLE,2482
8.075,11.53,372.084,5.217,23.403,MARGINAL,MARGINAL,2483
6.646,5.564,370.467,8.596,22.564,POTABLE,MARGINAL,2484
8.698,0.801,213.548,7.419,23.408,POTABLE,MARGINAL,2485
6.465,0.163,422.59,6.563,24.473,POTABLE,MARGINAL,2486
6.693,15.439,346.252,3.854,22.987,MARGINAL,MARGINAL,2487
8.196,12.806,710.455,5.102,28.878,MARGINAL,MARGINAL,2488
6.923,2.176,488.455,8.948,21.98,MARGINAL,MARGINAL,2489
7.618,1.254,468.702,8.309,22.849,POTABLE,MARGINAL,2490
6.635,1.728,378.732,8.487,20.66,POTABLE,MARGINAL,2491
7.68,0.0,451.7,8.321,27.238,POTABLE,POTABLE,2492
6.926,2.711,446.029,6.441,25.91,MARGINAL,MARGINAL,2493
8.112,25.184,864.171,3.28,27.323,NON_POTABLE,MARGINAL,2494
7.684,2.25,314.296,5.902,29.291,MARGINAL,MARGINAL,2495
6.581,11.76,586.005,5.458,32.085,MARGINAL,MARGINAL,2496
6.536,4.382,551.19,6.236,30.911,MARGINAL,MARGINAL,2497
6.256,15.433,565.775,6.392,27.258,MARGINAL,MARGINAL,2498
3.526,59.983,1214.649,0.978,28.45,NON_POTABLE,NON_POTABLE,2499
7.089,6.542,540.275,5.746,19.844,MARGINAL,MARGINAL,2500
7.767,0.0,198.456,7.857,25.174,POTABLE,POTABLE,2501
6.561,6.879,351.4,9.25,17.972,POTABLE,MARGINAL,2502
7.963,0.0,302.876,10.279,16.399,POTABLE,POTABLE,2503
2.229,62.852,644.09,0.888,24.898,NON_POTABLE,NON_POTABLE,2504
9.374,9.917,507.448,6.262,30.147,MARGINAL,NON_POTABLE,2505
7.589,4.259,393.041,8.128,26.465,POTABLE,MARGINAL,2506
6.695,51.404,491.218,2.203,31.878,NON_POTABLE,NON_POTABLE,2507
7.698,0.0,263.372,7.383,24.198,POTABLE,POTABLE,2508
8.465,7.119,340.75,4.951,24.853,MARGINAL,MARGINAL,2509
6.135,11.328,538.99,8.926,27.096,MARGINAL,MARGINAL,2510
8.817,13.032,444.084,5.03,24.521,MARGINAL,MARGINAL,2511
8.469,8.201,426.451,5.154,29.068,MARGINAL,MARGINAL,2512
6.614,0.0,214.73,7.832,25.022,POTABLE,POTABLE,2513
8.03,7.673,708.117,5.008,24.781,MARGINAL,MARGINAL,2514
6.963,3.349,166.703,10.126,24.471,POTABLE,MARGINAL,2515
7.592,10.711,173.092,2.692,36.516,MARGINAL,MARGINAL,2516
2.177,77.043,748.531,3.591,28.445,NON_POTABLE,NON_POTABLE,2517
7.985,2.545,339.46,7.921,25.517,MARGINAL,MARGINAL,2518
2.167,24.726,914.028,3.313,27.768,NON_POTABLE,NON_POTABLE,2519
8.142,4.742,455.607,6.285,23.518,MARGINAL,MARGINAL,2520
8.065,15.008,478.911,6.519,25.591,MARGINAL,MARGINAL,2521
9.968,86.742,805.802,2.094,33.147,NON_POTABLE,NON_POTABLE,2522
6.269,49.422,907.571,1.127,28.323,NON_POTABLE,NON_POTABLE,2523
8.034,7.49,574.37,5.236,20.313,MARGINAL,MARGINAL,2524
7.193,0.0,586.15,7.105,32.034,MARGINAL,MARGINAL,2525
8.092,16.167,485.17,4.392,32.579,MARGINAL,MARGINAL,2526
6.866,48.798,486.599,1.445,27.231,NON_POTABLE,NON_POTABLE,2527
7.594,0.704,419.31,6.245,25.368,POTABLE,MARGINAL,2528
6.265,0.167,501.647,9.612,17.6,POTABLE,MARGINAL,2529
3.215,30.59,1076.633,1.516,28.103,NON_POTABLE,NON_POTABLE,2530
1.771,10.376,815.315,2.79,25.685,NON_POTABLE,NON_POTABLE,2531
6.759,0.771,101.165,8.807,26.451,POTABLE,POTABLE,2532
6.778,2.613,266.203,8.681,19.997,POTABLE,MARGINAL,2533
7.567,3.861,428.8,5.173,25.567,MARGINAL,MARGINAL,2534
6.52,0.0,392.636,8.533,26.795,POTABLE,POTABLE,2535
6.933,1.987,182.677,10.748,23.672,POTABLE,MARGINAL,2536
7.424,0.0,351.323,7.255,27.8,POTABLE,POTABLE,2537
7.102,24.329,745.804,6.0,23.896,MARGINAL,MARGINAL,2538
7.692,2.185,405.564,8.969,20.675,POTABLE,MARGINAL,2539
4.215,45.362,886.389,2.209,26.999,NON_POTABLE,NON_POTABLE,2540
5.57,50.77,1211.243,2.312,24.066,NON_POTABLE,NON_POTABLE,2541
5.671,94.766,1296.259,1.965,36.214,NON_POTABLE,NON_POTABLE,2542
6.954,0.0,280.497,6.932,22.377,POTABLE,POTABLE,2543
7.394,9.112,542.193,5.809,25.71,MARGINAL,MARGINAL,2544
6.484,6.607,241.275,8.987,28.991,POTABLE,MARGINAL,2545
7.359,0.0,300.504,10.491,22.139,POTABLE,POTABLE,2546
6.865,2.806,295.819,8.721,30.489,POTABLE,MARGINAL,2547
6.125,26.885,461.34,3.687,28.398,MARGINAL,MARGINAL,2548
0.406,70.304,790.067,1.633,25.064,NON_POTABLE,NON_POTABLE,2549
5.222,43.596,436.489,2.109,27.608,NON_POTABLE,NON_POTABLE,2550
6.935,21.228,495.946,2.219,30.573,NON_POTABLE,NON_POTABLE,2551
8.705,9.573,575.977,5.813,27.811,MARGINAL,MARGINAL,2552
6.273,0.833,422.45,9.437,25.463,POTABLE,MARGINAL,2553
6.551,2.584,424.614,9.609,21.298,POTABLE,MARGINAL,2554
5.959,8.767,422.526,4.523,23.781,MARGINAL,MARGINAL,2555
4.537,46.086,692.213,2.761,32.421,NON_POTABLE,NON_POTABLE,2556
5.984,11.155,655.088,3.937,28.489,MARGINAL,MARGINAL,2557
7.507,100.0,1329.588,4.532,26.254,NON_POTABLE,NON_POTABLE,2558
8.1,4.057,378.992,5.456,27.462,MARGINAL,MARGINAL,2559
8.45,8.006,669.712,5.742,27.106,MARGINAL,MARGINAL,2560
7.129,6.78,699.792,7.813,21.794,MARGINAL,MARGINAL,2561
8.496,40.933,672.835,2.067,34.198,NON_POTABLE,NON_POTABLE,2562
4.396,44.965,880.058,2.908,22.441,NON_POTABLE,NON_POTABLE,2563
6.86,3.047,494.332,3.902,25.422,MARGINAL,MARGINAL,2564
7.712,0.0,468.621,4.78,23.605,MARGINAL,MARGINAL,2565
6.875,2.46,253.081,9.982,25.393,POTABLE,MARGINAL,2566
7.794,0.0,278.597,9.738,20.72,POTABLE,POTABLE,2567
1.907,40.602,640.803,0.95,20.533,NON_POTABLE,NON_POTABLE,2568
8.446,15.203,599.2,5.844,23.402,MARGINAL,MARGINAL,2569
7.447,0.916,342.502,8.206,30.5,POTABLE,POTABLE,2570
3.876,45.037,1161.599,2.66,36.816,NON_POTABLE,NON_POTABLE,2571
5.856,58.13,743.644,1.165,29.99,NON_POTABLE,NON_POTABLE,2572
6.388,0.0,425.646,7.93,20.772,POTABLE,MARGINAL,2573
6.305,1.275,51.189,9.18,19.822,POTABLE,MARGINAL,2574
5.726,10.852,287.103,5.014,27.652,MARGINAL,MARGINAL,2575
8.761,10.043,486.497,6.29,24.69,MARGINAL,MARGINAL,2576
6.909,0.0,262.705,7.044,17.119,MARGINAL,POTABLE,2577
4.457,92.934,889.993,3.16,32.558,NON_POTABLE,NON_POTABLE,2578
6.798,1.024,360.643,8.148,23.807,POTABLE,MARGINAL,2579
7.67,12.457,435.079,3.057,25.79,MARGINAL,MARGINAL,2580
7.841,1.657,469.941,8.042,24.128,POTABLE,MARGINAL,2581
8.461,62.388,1105.481,2.543,33.693,NON_POTABLE,NON_POTABLE,2582
6.493,94.077,709.794,1.822,34.285,NON_POTABLE,NON_POTABLE,2583
8.097,6.094,371.952,5.55,29.756,MARGINAL,MARGINAL,2584
6.141,0.439,294.032,10.592,25.527,POTABLE,MARGINAL,2585
7.992,1.174,468.989,4.659,24.51,MARGINAL,MARGINAL,2586
7.242,0.0,231.226,7.551,23.636,POTABLE,POTABLE,2587
7.084,0.475,451.714,8.134,21.013,POTABLE,POTABLE,2588
8.44,13.131,220.839,3.65,17.729,MARGINAL,MARGINAL,2589
4.754,42.177,1003.745,2.782,37.454,NON_POTABLE,NON_POTABLE,2590
6.506,1.478,243.824,8.232,25.296,POTABLE,MARGINAL,2591
7.389,4.677,456.466,7.087,18.806,POTABLE,MARGINAL,2592
4.084,80.739,1028.224,1.69,30.564,NON_POTABLE,NON_POTABLE,2593
6.085,88.663,884.531,2.951,35.312,NON_POTABLE,NON_POTABLE,2594
7.121,2.742,275.325,8.449,27.859,POTABLE,MARGINAL,2595
9.235,55.045,790.306,2.312,28.229,NON_POTABLE,NON_POTABLE,2596
0.384,57.061,875.489,2.683,22.81,NON_POTABLE,NON_POTABLE,2597
8.003,5.88,454.271,6.21,28.727,MARGINAL,MARGINAL,2598
6.344,8.117,604.778,7.371,27.404,MARGINAL,MARGINAL,2599
3.802,65.875,923.925,0.0,33.954,NON_POTABLE,NON_POTABLE,2600
7.948,1.116,566.018,5.125,24.449,MARGINAL,MARGINAL,2601
7.744,3.02,697.81,5.186,23.283,MARGINAL,MARGINAL,2602
7.769,0.0,252.451,8.885,26.638,POTABLE,POTABLE,2603
6.86,0.279,457.394,10.294,18.224,POTABLE,POTABLE,2604
7.68,7.773,727.854,6.022,30.056,MARGINAL,MARGINAL,2605
7.459,1.709,420.654,8.735,23.568,POTABLE,MARGINAL,2606
7.209,11.064,372.78,3.697,21.182,MARGINAL,MARGINAL,2607
5.867,5.731,367.325,6.066,28.094,MARGINAL,MARGINAL,2608
7.992,11.065,449.651,6.606,25.08,MARGINAL,MARGINAL,2609
5.534,51.55,793.624,0.789,29.475,NON_POTABLE,NON_POTABLE,2610
6.291,1.016,394.624,8.645,27.713,POTABLE,MARGINAL,2611
6.204,5.156,292.923,8.716,21.802,POTABLE,MARGINAL,2612
8.62,2.126,616.352,5.136,24.326,MARGINAL,MARGINAL,2613
7.739,7.326,544.011,4.745,23.203,MARGINAL,MARGINAL,2614
7.685,6.655,654.299,6.68,27.286,MARGINAL,MARGINAL,2615
6.775,0.0,248.746,10.664,27.076,POTABLE,POTABLE,2616
1.601,53.444,581.236,3.517,34.547,NON_POTABLE,NON_POTABLE,2617
7.412,2.696,339.009,5.364,20.459,MARGINAL,MARGINAL,2618
7.546,8.044,299.833,5.092,23.42,MARGINAL,MARGINAL,2619
5.89,61.664,600.041,1.05,37.388,NON_POTABLE,NON_POTABLE,2620
8.144,7.149,373.85,2.649,28.611,MARGINAL,MARGINAL,2621
6.466,0.0,202.738,6.125,20.582,POTABLE,MARGINAL,2622
8.678,73.78,478.489,1.089,23.409,NON_POTABLE,NON_POTABLE,2623
7.112,4.988,666.591,3.064,22.915,MARGINAL,MARGINAL,2624
6.734,0.0,349.674,10.068,22.268,POTABLE,POTABLE,2625
6.28,8.304,313.393,9.846,28.15,POTABLE,MARGINAL,2626
5.46,48.252,686.589,3.425,37.944,NON_POTABLE,NON_POTABLE,2627
8.584,12.106,555.216,5.765,29.555,MARGINAL,MARGINAL,2628
7.089,0.845,375.69,10.39,30.739,POTABLE,POTABLE,2629
7.652,0.0,226.814,9.495,27.34,POTABLE,POTABLE,2630
7.854,2.855,558.798,9.469,22.712,POTABLE,MARGINAL,2631
6.557,16.303,553.24,4.944,20.057,MARGINAL,MARGINAL,2632
7.488,1.901,269.151,9.01,24.016,POTABLE,MARGINAL,2633
6.872,1.055,150.841,8.896,24.544,POTABLE,MARGINAL,2634
7.639,2.017,302.548,8.65,24.083,POTABLE,MARGINAL,2635
9.048,63.046,1025.945,1.904,30.527,NON_POTABLE,NON_POTABLE,2636
6.302,2.253,114.772,6.308,29.471,POTABLE,MARGINAL,2637
7.597,18.834,369.321,5.281,25.683,MARGINAL,MARGINAL,2638
7.747,0.0,346.882,7.62,23.682,POTABLE,POTABLE,2639
5.343,55.274,689.358,0.0,28.332,NON_POTABLE,NON_POTABLE,2640
8.575,3.908,411.916,5.155,22.638,MARGINAL,MARGINAL,2641
6.53,0.0,279.322,7.495,30.194,POTABLE,POTABLE,2642
6.621,15.09,522.182,7.597,25.372,MARGINAL,MARGINAL,2643
0.408,100.0,641.793,1.642,17.064,NON_POTABLE,NON_POTABLE,2644
7.656,14.347,344.245,6.789,24.424,MARGINAL,MARGINAL,2645
7.319,0.0,233.351,6.452,24.588,POTABLE,MARGINAL,2646
7.397,0.899,373.507,8.615,28.378,POTABLE,POTABLE,2647
6.574,87.45,945.145,0.784,25.425,NON_POTABLE,NON_POTABLE,2648
6.751,1.946,392.786,6.307,25.965,POTABLE,MARGINAL,2649
7.209,2.243,186.822,10.077,21.987,POTABLE,MARGINAL,2650
5.749,63.694,545.764,0.0,35.213,NON_POTABLE,NON_POTABLE,2651
8.886,1.452,224.999,7.104,21.664,POTABLE,MARGINAL,2652
7.509,8.732,385.057,5.992,27.099,MARGINAL,MARGINAL,2653
7.163,0.994,325.848,8.101,25.131,POTABLE,POTABLE,2654
8.555,6.95,499.458,3.821,29.046,MARGINAL,MARGINAL,2655
6.2,0.317,195.834,7.288,25.931,POTABLE,MARGINAL,2656
7.98,27.516,461.829,7.353,25.814,MARGINAL,MARGINAL,2657
4.289,38.964,489.179,2.483,29.421,NON_POTABLE,NON_POTABLE,2658
8.677,3.587,595.456,5.539,24.847,MARGINAL,MARGINAL,2659
7.663,2.427,365.251,8.087,21.604,MARGINAL,MARGINAL,2660
2.329,95.913,572.156,0.898,23.317,NON_POTABLE,NON_POTABLE,2661
8.621,1.352,590.879,6.919,28.048,MARGINAL,MARGINAL,2662
6.89,1.992,389.001,8.917,17.827,POTABLE,MARGINAL,2663
7.537,0.0,325.768,10.32,25.857,POTABLE,POTABLE,2664
8.521,10.68,563.874,5.158,33.769,MARGINAL,MARGINAL,2665
6.163,42.819,1020.043,1.764,28.643,NON_POTABLE,NON_POTABLE,2666
8.868,72.687,523.266,3.031,31.168,NON_POTABLE,NON_POTABLE,2667
6.691,0.0,242.818,9.521,23.791,POTABLE,POTABLE,2668
6.562,0.697,331.756,9.452,19.025,POTABLE,POTABLE,2669
7.034,5.432,323.026,9.22,22.952,POTABLE,MARGINAL,2670
7.386,70.348,1489.938,3.425,32.519,NON_POTABLE,NON_POTABLE,2671
7.144,1.188,337.719,7.796,25.963,POTABLE,MARGINAL,2672
8.08,12.256,525.946,6.004,18.725,MARGINAL,MARGINAL,2673
7.945,82.854,1036.859,2.898,27.702,NON_POTABLE,NON_POTABLE,2674
7.561,0.0,482.719,4.978,18.785,MARGINAL,MARGINAL,2675
6.672,8.851,536.018,6.275,28.017,MARGINAL,MARGINAL,2676
7.444,0.0,320.672,7.13,23.414,POTABLE,POTABLE,2677
7.334,1.901,380.154,8.835,19.882,POTABLE,MARGINAL,2678
6.729,0.0,307.72,7.98,21.626,POTABLE,POTABLE,2679
7.647,3.908,337.174,5.32,23.193,MARGINAL,MARGINAL,2680
6.753,82.362,1056.336,0.797,32.245,NON_POTABLE,NON_POTABLE,2681
6.765,2.169,496.922,7.345,23.15,POTABLE,MARGINAL,2682
7.854,13.136,751.818,5.638,23.88,MARGINAL,MARGINAL,2683
6.741,9.775,458.366,4.591,24.411,MARGINAL,MARGINAL,2684
7.316,4.104,133.653,8.295,34.907,POTABLE,MARGINAL,2685
7.083,2.418,418.199,7.354,27.825,POTABLE,MARGINAL,2686
8.35,56.434,752.638,1.683,37.951,NON_POTABLE,NON_POTABLE,2687
6.864,3.432,268.358,7.799,28.586,POTABLE,MARGINAL,2688
6.551,0.409,406.209,6.423,26.057,MARGINAL,MARGINAL,2689
2.353,75.695,731.107,3.144,26.854,NON_POTABLE,NON_POTABLE,2690
6.387,29.016,653.818,0.0,28.465,NON_POTABLE,NON_POTABLE,2691
7.837,10.048,602.783,7.73,26.988,MARGINAL,MARGINAL,2692
6.779,7.56,434.08,4.96,28.86,MARGINAL,MARGINAL,2693
8.011,2.939,600.207,8.504,21.801,MARGINAL,MARGINAL,2694
3.655,45.033,650.438,0.0,32.3,NON_POTABLE,NON_POTABLE,2695
7.006,4.935,423.764,6.8,24.652,POTABLE,MARGINAL,2696
8.101,13.919,414.112,5.391,26.642,MARGINAL,MARGINAL,2697
9.286,59.239,1105.185,1.163,37.812,NON_POTABLE,NON_POTABLE,2698
7.098,0.0,191.516,9.25,25.335,POTABLE,POTABLE,2699
7.293,11.717,609.369,5.023,21.894,MARGINAL,MARGINAL,2700
7.238,14.435,471.186,5.607,23.876,MARGINAL,MARGINAL,2701
6.683,15.035,727.475,7.032,28.646,MARGINAL,MARGINAL,2702
6.848,67.052,724.3,2.445,29.307,NON_POTABLE,NON_POTABLE,2703
3.978,82.637,845.084,2.458,30.69,NON_POTABLE,NON_POTABLE,2704
6.791,0.0,732.501,5.123,30.067,MARGINAL,MARGINAL,2705
7.291,4.289,502.431,8.874,27.095,POTABLE,MARGINAL,2706
6.377,0.0,507.223,8.779,31.081,POTABLE,MARGINAL,2707
6.827,3.833,319.55,10.121,27.639,POTABLE,MARGINAL,2708
6.941,3.425,371.802,7.002,26.753,POTABLE,MARGINAL,2709
9.089,3.991,368.502,4.65,25.474,MARGINAL,NON_POTABLE,2710
7.255,5.776,715.673,5.177,26.36,MARGINAL,MARGINAL,2711
6.819,0.068,325.902,8.864,20.28,POTABLE,POTABLE,2712
7.251,0.0,345.735,8.348,24.006,POTABLE,POTABLE,2713
8.102,0.921,527.316,6.366,27.613,MARGINAL,MARGINAL,2714
7.494,12.855,508.899,5.569,34.628,MARGINAL,MARGINAL,2715
4.379,25.004,694.428,1.669,28.665,NON_POTABLE,NON_POTABLE,2716
6.719,0.0,367.349,7.575,23.278,POTABLE,POTABLE,2717
6.8,0.5,409.955,7.815,27.556,POTABLE,POTABLE,2718
7.862,2.226,444.246,3.14,25.353,MARGINAL,MARGINAL,2719
7.422,0.0,477.059,10.174,27.475,POTABLE,POTABLE,2720
6.441,1.87,277.983,7.601,26.65,POTABLE,MARGINAL,2721
0.0,81.976,1113.884,0.082,23.886,NON_POTABLE,NON_POTABLE,2722
7.074,0.0,135.962,8.313,27.678,POTABLE,POTABLE,2723
6.52,0.0,124.08,8.609,27.025,POTABLE,POTABLE,2724
7.315,0.571,294.897,8.376,26.208,MARGINAL,POTABLE,2725
5.831,18.299,431.106,5.929,30.322,MARGINAL,MARGINAL,2726
7.461,0.382,249.646,9.258,26.403,POTABLE,POTABLE,2727
8.669,14.318,539.345,5.563,22.878,MARGINAL,MARGINAL,2728
7.901,0.0,452.007,6.86,27.602,POTABLE,POTABLE,2729
2.384,7.905,1087.339,1.351,20.366,NON_POTABLE,NON_POTABLE,2730
8.372,69.845,1016.063,5.328,29.672,NON_POTABLE,NON_POTABLE,2731
7.203,0.0,221.91,8.152,27.653,POTABLE,POTABLE,2732
7.78,14.933,532.336,6.938,19.148,MARGINAL,MARGINAL,2733
2.388,30.285,1026.157,2.013,28.493,NON_POTABLE,NON_POTABLE,2734
7.788,11.523,540.066,4.926,22.876,MARGINAL,MARGINAL,2735
4.773,21.475,516.784,1.752,23.902,NON_POTABLE,NON_POTABLE,2736
9.34,10.948,559.11,2.961,18.242,MARGINAL,NON_POTABLE,2737
4.911,32.681,979.158,3.074,21.515,NON_POTABLE,NON_POTABLE,2738
6.299,1.902,297.907,10.489,24.761,POTABLE,MARGINAL,2739
2.822,39.321,804.026,2.803,21.825,NON_POTABLE,NON_POTABLE,2740
7.94,5.421,556.476,5.574,15.82,MARGINAL,MARGINAL,2741
8.768,5.834,356.453,6.383,28.46,MARGINAL,MARGINAL,2742
9.421,74.268,1478.549,2.177,26.296,NON_POTABLE,NON_POTABLE,2743
0.024,19.373,801.617,1.269,34.236,NON_POTABLE,NON_POTABLE,2744
1.377,55.614,1059.382,2.74,27.253,NON_POTABLE,NON_POTABLE,2745
6.769,0.648,617.722,6.424,33.334,MARGINAL,MARGINAL,2746
7.322,3.152,340.047,7.518,28.402,POTABLE,MARGINAL,2747
7.744,12.333,552.683,5.568,21.556,MARGINAL,MARGINAL,2748
7.195,60.517,1485.696,1.357,23.991,NON_POTABLE,NON_POTABLE,2749
6.406,6.841,368.36,3.879,30.863,MARGINAL,MARGINAL,2750
4.436,62.658,1007.509,2.338,21.693,NON_POTABLE,NON_POTABLE,2751
6.984,0.0,190.492,8.214,29.54,POTABLE,POTABLE,2752
2.285,51.859,1500.0,3.235,27.884,NON_POTABLE,NON_POTABLE,2753
6.127,74.326,1216.517,1.48,20.866,NON_POTABLE,NON_POTABLE,2754
8.051,15.734,358.163,6.381,24.022,MARGINAL,MARGINAL,2755
6.863,16.027,1118.028,1.478,34.154,NON_POTABLE,NON_POTABLE,2756
7.158,1.017,407.806,8.687,27.081,POTABLE,MARGINAL,2757
7.509,4.937,349.64,9.859,26.588,POTABLE,MARGINAL,2758
5.882,11.88,388.898,5.246,25.757,MARGINAL,MARGINAL,2759
7.478,4.363,207.271,8.355,28.343,POTABLE,MARGINAL,2760
6.794,1.85,648.976,5.315,28.612,MARGINAL,MARGINAL,2761
7.718,15.38,679.312,6.897,30.519,MARGINAL,MARGINAL,2762
6.55,7.42,342.409,6.539,20.594,MARGINAL,MARGINAL,2763
5.168,34.392,508.114,2.771,18.518,NON_POTABLE,NON_POTABLE,2764
7.549,7.148,627.432,5.164,21.463,MARGINAL,MARGINAL,2765
8.349,0.0,684.767,4.14,34.893,MARGINAL,MARGINAL,2766
6.257,17.641,521.383,7.43,22.414,MARGINAL,MARGINAL,2767
5.665,41.557,714.806,1.989,28.142,NON_POTABLE,NON_POTABLE,2768
7.625,5.837,573.224,5.502,22.483,MARGINAL,MARGINAL,2769
7.001,0.0,145.044,8.16,25.642,POTABLE,POTABLE,2770
7.679,3.482,463.455,6.427,25.957,MARGINAL,MARGINAL,2771
5.799,0.0,529.643,9.163,26.458,POTABLE,MARGINAL,2772
6.97,2.287,107.775,7.169,24.099,POTABLE,MARGINAL,2773
6.999,0.0,393.052,8.383,26.025,POTABLE,POTABLE,2774
7.47,6.685,613.508,5.191,26.4,MARGINAL,MARGINAL,2775
7.614,0.0,427.321,5.845,22.795,POTABLE,MARGINAL,2776
8.198,11.675,518.542,4.523,25.259,MARGINAL,MARGINAL,2777
3.683,47.66,1002.505,1.687,32.094,NON_POTABLE,NON_POTABLE,2778
2.708,72.657,609.098,3.511,20.933,NON_POTABLE,NON_POTABLE,2779
6.79,0.0,479.914,10.169,27.933,POTABLE,POTABLE,2780
6.437,45.952,730.677,2.555,30.89,NON_POTABLE,NON_POTABLE,2781
7.761,0.073,303.439,9.198,21.28,POTABLE,POTABLE,2782
5.708,94.933,1066.095,0.921,26.529,NON_POTABLE,NON_POTABLE,2783
3.642,76.421,939.956,2.433,22.211,NON_POTABLE,NON_POTABLE,2784
0.527,36.616,675.784,1.163,41.729,NON_POTABLE,NON_POTABLE,2785
6.743,0.119,429.623,6.061,24.548,POTABLE,MARGINAL,2786
7.229,5.278,678.191,5.004,23.217,MARGINAL,MARGINAL,2787
7.156,20.872,576.015,5.735,18.972,MARGINAL,MARGINAL,2788
7.801,8.774,682.502,6.547,20.202,MARGINAL,MARGINAL,2789
7.946,0.0,621.371,8.066,27.682,MARGINAL,MARGINAL,2790
6.999,7.867,495.49,4.689,28.111,MARGINAL,MARGINAL,2791
2.881,41.495,842.805,2.38,23.775,NON_POTABLE,NON_POTABLE,2792
8.719,7.588,488.672,5.443,25.739,MARGINAL,MARGINAL,2793
7.079,3.591,449.643,10.537,25.441,POTABLE,MARGINAL,2794
6.958,48.12,1049.019,1.742,29.233,NON_POTABLE,NON_POTABLE,2795
7.685,0.442,296.62,8.948,17.513,POTABLE,POTABLE,2796
3.204,66.422,757.173,2.307,25.957,NON_POTABLE,NON_POTABLE,2797
7.858,0.0,272.565,6.662,21.372,POTABLE,POTABLE,2798
3.315,57.555,1024.541,1.727,27.304,NON_POTABLE,NON_POTABLE,2799
6.439,2.291,328.807,8.727,21.213,POTABLE,MARGINAL,2800
7.314,3.425,260.875,7.66,25.305,POTABLE,MARGINAL,2801
6.984,10.18,596.345,6.731,21.486,MARGINAL,MARGINAL,2802
7.27,5.053,336.903,8.732,28.205,POTABLE,MARGINAL,2803
6.466,0.0,288.128,7.693,20.405,POTABLE,MARGINAL,2804
7.199,73.63,700.333,1.675,30.825,NON_POTABLE,NON_POTABLE,2805
6.767,0.0,229.064,7.268,23.275,POTABLE,POTABLE,2806
6.995,5.857,160.323,4.173,27.135,MARGINAL,MARGINAL,2807
6.749,0.0,411.846,7.959,21.851,POTABLE,POTABLE,2808
5.351,85.589,836.993,3.09,25.649,NON_POTABLE,NON_POTABLE,2809
8.306,14.602,548.795,8.299,29.146,MARGINAL,MARGINAL,2810
7.456,2.294,317.456,6.503,21.026,POTABLE,MARGINAL,2811
7.304,2.508,464.281,8.064,27.597,POTABLE,MARGINAL,2812
4.335,75.678,1125.238,0.0,37.444,NON_POTABLE,NON_POTABLE,2813
6.242,37.717,835.964,1.166,33.97,NON_POTABLE,NON_POTABLE,2814
6.879,1.451,440.004,6.342,37.536,MARGINAL,MARGINAL,2815
6.682,1.542,183.03,7.063,19.901,POTABLE,MARGINAL,2816
8.135,3.064,548.9,5.983,17.807,MARGINAL,MARGINAL,2817
7.506,0.0,574.8,7.067,24.465,MARGINAL,MARGINAL,2818
6.518,2.036,395.417,10.135,22.212,POTABLE,MARGINAL,2819
8.842,46.75,1008.726,0.514,33.08,NON_POTABLE,NON_POTABLE,2820
7.064,1.11,246.768,7.266,16.947,POTABLE,MARGINAL,2821
8.023,0.0,542.945,5.624,19.033,MARGINAL,MARGINAL,2822
1.363,39.838,1059.403,3.054,34.485,NON_POTABLE,NON_POTABLE,2823
7.584,0.0,589.692,6.388,29.786,MARGINAL,MARGINAL,2824
7.671,1.294,345.592,8.154,26.937,POTABLE,MARGINAL,2825
5.812,38.728,854.356,5.333,35.888,NON_POTABLE,MARGINAL,2826
6.819,3.31,418.913,7.591,23.714,POTABLE,MARGINAL,2827
5.702,60.007,558.957,1.236,27.707,NON_POTABLE,NON_POTABLE,2828
7.375,11.461,706.446,7.405,24.248,MARGINAL,MARGINAL,2829
6.707,2.974,234.556,10.206,23.264,POTABLE,MARGINAL,2830
6.834,2.59,402.807,9.008,20.913,POTABLE,MARGINAL,2831
10.561,55.087,483.84,4.584,28.318,NON_POTABLE,NON_POTABLE,2832
6.427,14.855,395.609,4.141,25.491,MARGINAL,MARGINAL,2833
8.706,53.887,903.497,2.025,23.753,NON_POTABLE,NON_POTABLE,2834
7.376,2.3,594.529,5.581,24.224,MARGINAL,MARGINAL,2835
6.367,4.367,169.296,8.204,23.838,POTABLE,MARGINAL,2836
7.705,0.0,323.959,7.558,23.541,POTABLE,POTABLE,2837
7.347,0.0,306.229,9.867,21.71,POTABLE,POTABLE,2838
6.917,0.219,324.591,9.063,25.195,POTABLE,POTABLE,2839
6.71,13.77,460.612,8.819,30.121,POTABLE,MARGINAL,2840
8.076,10.89,665.028,3.581,20.449,MARGINAL,MARGINAL,2841
0.185,49.706,898.523,2.37,33.189,NON_POTABLE,NON_POTABLE,2842
7.763,5.241,413.254,6.241,22.668,MARGINAL,MARGINAL,2843
8.628,0.0,234.584,8.741,24.084,POTABLE,MARGINAL,2844
1.274,96.587,1047.992,3.399,29.716,NON_POTABLE,NON_POTABLE,2845
7.382,10.409,524.739,2.401,28.388,MARGINAL,NON_POTABLE,2846
7.798,5.369,389.936,8.101,30.231,MARGINAL,MARGINAL,2847
4.288,54.51,767.778,2.728,32.625,NON_POTABLE,NON_POTABLE,2848
7.669,0.0,496.563,7.349,19.299,POTABLE,POTABLE,2849
4.991,74.472,1017.793,1.638,28.622,NON_POTABLE,NON_POTABLE,2850
7.135,4.735,411.688,6.571,23.688,MARGINAL,MARGINAL,2851
6.851,1.889,318.467,9.079,21.587,POTABLE,MARGINAL,2852
6.151,0.824,352.014,7.178,15.463,POTABLE,MARGINAL,2853
7.119,3.541,408.149,8.888,27.108,POTABLE,MARGINAL,2854
8.191,2.369,473.851,6.19,26.551,MARGINAL,MARGINAL,2855
6.678,4.104,818.841,5.919,25.837,MARGINAL,MARGINAL,2856
7.754,90.548,1449.439,3.058,29.795,NON_POTABLE,NON_POTABLE,2857
7.125,0.0,481.24,7.809,21.447,POTABLE,POTABLE,2858
7.15,0.0,177.258,8.199,28.452,POTABLE,POTABLE,2859
7.404,5.394,506.59,6.539,30.057,MARGINAL,MARGINAL,2860
7.615,5.442,618.156,5.925,26.971,MARGINAL,MARGINAL,2861
4.407,87.744,899.422,0.561,27.604,NON_POTABLE,NON_POTABLE,2862
3.86,56.186,1142.394,0.615,25.272,NON_POTABLE,NON_POTABLE,2863
8.198,5.269,616.442,5.828,27.696,MARGINAL,MARGINAL,2864
6.861,53.638,603.667,3.362,31.846,NON_POTABLE,NON_POTABLE,2865
6.961,8.929,513.006,7.548,28.479,MARGINAL,MARGINAL,2866
4.898,85.041,592.002,3.575,29.357,NON_POTABLE,NON_POTABLE,2867
8.485,4.412,1010.752,1.682,23.973,NON_POTABLE,NON_POTABLE,2868
6.703,4.583,290.813,6.069,28.317,MARGINAL,MARGINAL,2869
6.645,0.0,316.421,7.263,24.408,POTABLE,POTABLE,2870
4.294,100.0,778.481,4.788,25.844,NON_POTABLE,NON_POTABLE,2871
6.106,0.0,318.033,8.685,24.733,POTABLE,MARGINAL,2872
6.424,0.0,214.779,10.123,23.1,POTABLE,MARGINAL,2873
7.568,0.0,238.01,9.111,21.154,POTABLE,POTABLE,2874
8.229,47.242,560.969,4.834,29.735,NON_POTABLE,NON_POTABLE,2875
7.892,0.0,480.435,9.632,22.138,POTABLE,POTABLE,2876
7.395,0.0,449.913,8.569,22.014,POTABLE,POTABLE,2877
6.414,55.048,765.053,2.625,36.604,NON_POTABLE,NON_POTABLE,2878
7.778,0.463,272.985,8.308,23.727,POTABLE,POTABLE,2879
6.904,1.571,538.0,4.151,26.527,MARGINAL,MARGINAL,2880
8.853,7.144,451.389,5.946,25.354,MARGINAL,MARGINAL,2881
5.736,81.868,462.079,0.807,34.151,NON_POTABLE,NON_POTABLE,2882
6.893,8.351,571.991,7.157,26.377,MARGINAL,MARGINAL,2883
7.44,6.373,722.78,3.812,28.141,MARGINAL,MARGINAL,2884
3.272,61.867,872.347,1.309,26.565,NON_POTABLE,NON_POTABLE,2885
7.413,0.0,314.059,8.92,23.788,POTABLE,POTABLE,2886
6.846,0.0,458.232,9.287,22.916,POTABLE,POTABLE,2887
9.074,14.421,532.568,3.951,29.547,MARGINAL,NON_POTABLE,2888
7.787,1.47,738.234,5.725,30.162,MARGINAL,MARGINAL,2889
2.378,75.925,991.741,1.985,22.249,NON_POTABLE,NON_POTABLE,2890
3.104,42.062,1154.353,0.762,29.139,NON_POTABLE,NON_POTABLE,2891
7.63,0.0,234.653,8.814,19.221,POTABLE,POTABLE,2892
1.531,45.381,454.423,3.014,26.337,NON_POTABLE,NON_POTABLE,2893
6.18,1.911,435.139,8.321,21.451,POTABLE,MARGINAL,2894
7.345,12.306,776.202,4.472,30.206,MARGINAL,MARGINAL,2895
6.615,0.0,226.008,9.688,22.394,POTABLE,POTABLE,2896
4.807,71.052,703.528,1.604,19.861,NON_POTABLE,NON_POTABLE,2897
7.139,1.287,427.467,6.178,26.951,POTABLE,MARGINAL,2898
6.852,13.46,615.79,6.162,19.645,MARGINAL,MARGINAL,2899
7.724,4.21,341.144,7.493,23.526,POTABLE,MARGINAL,2900
5.78,61.244,898.746,1.285,26.051,NON_POTABLE,NON_POTABLE,2901
8.114,0.0,284.02,9.639,16.927,POTABLE,POTABLE,2902
6.707,4.187,527.814,5.691,24.836,MARGINAL,MARGINAL,2903
6.893,0.0,163.716,7.544,25.131,POTABLE,POTABLE,2904
6.49,0.0,323.943,10.47,16.584,POTABLE,MARGINAL,2905
7.154,0.889,383.187,8.539,28.218,POTABLE,POTABLE,2906
7.831,0.0,228.321,9.846,21.621,POTABLE,POTABLE,2907
7.123,2.561,291.994,9.774,23.675,POTABLE,MARGINAL,2908
6.909,3.231,385.549,7.979,22.656,POTABLE,MARGINAL,2909
6.488,0.943,355.546,8.678,25.351,POTABLE,MARGINAL,2910
6.053,5.906,200.481,8.754,25.961,POTABLE,MARGINAL,2911
8.176,1.729,233.015,7.389,22.899,POTABLE,MARGINAL,2912
6.666,0.0,372.382,7.499,26.993,POTABLE,POTABLE,2913
10.138,59.801,726.393,2.571,32.533,NON_POTABLE,NON_POTABLE,2914
7.187,1.884,427.061,6.408,23.102,MARGINAL,MARGINAL,2915
8.023,9.499,530.743,5.985,29.071,MARGINAL,MARGINAL,2916
9.368,60.721,1370.05,3.354,33.589,NON_POTABLE,NON_POTABLE,2917
3.473,64.085,966.771,0.795,25.078,NON_POTABLE,NON_POTABLE,2918
2.003,65.686,894.988,4.259,38.574,NON_POTABLE,NON_POTABLE,2919
7.613,4.962,595.277,7.766,23.095,MARGINAL,MARGINAL,2920
8.426,6.042,338.658,4.512,30.128,MARGINAL,MARGINAL,2921
7.43,1.175,192.351,8.868,22.013,POTABLE,MARGINAL,2922
7.539,4.884,635.06,5.767,25.475,MARGINAL,MARGINAL,2923
7.002,0.869,242.58,9.077,26.023,POTABLE,POTABLE,2924
7.929,36.8,879.095,4.193,26.548,NON_POTABLE,MARGINAL,2925
7.099,0.69,243.164,8.311,26.721,POTABLE,POTABLE,2926
7.654,9.007,722.577,5.355,30.435,MARGINAL,MARGINAL,2927
7.047,0.0,455.98,4.434,24.913,MARGINAL,MARGINAL,2928
5.036,15.879,706.577,0.648,16.778,NON_POTABLE,NON_POTABLE,2929
7.405,10.838,674.647,2.903,30.314,MARGINAL,MARGINAL,2930
5.451,37.426,1135.999,1.109,31.13,NON_POTABLE,NON_POTABLE,2931
8.509,3.415,446.126,7.947,24.537,POTABLE,MARGINAL,2932
8.338,14.439,570.859,6.511,18.759,MARGINAL,MARGINAL,2933
9.029,47.941,1184.458,2.914,35.129,NON_POTABLE,NON_POTABLE,2934
6.224,0.0,346.008,8.26,20.802,POTABLE,MARGINAL,2935
3.358,30.2,860.763,3.845,25.644,NON_POTABLE,NON_POTABLE,2936
7.192,2.385,462.861,6.627,27.252,MARGINAL,MARGINAL,2937
7.42,0.0,303.101,8.491,27.62,POTABLE,POTABLE,2938
6.805,2.233,420.366,7.027,21.694,POTABLE,MARGINAL,2939
6.778,11.411,484.369,6.476,22.581,MARGINAL,MARGINAL,2940
6.632,1.245,301.255,9.43,23.277,POTABLE,MARGINAL,2941
7.645,8.399,554.924,3.79,27.842,MARGINAL,MARGINAL,2942
6.399,4.429,250.674,8.448,19.098,POTABLE,MARGINAL,2943
8.01,6.634,467.265,4.867,23.042,MARGINAL,MARGINAL,2944
7.269,4.943,621.895,5.9,23.897,MARGINAL,MARGINAL,2945
7.745,5.546,427.525,4.336,16.591,MARGINAL,MARGINAL,2946
7.44,0.367,414.4,7.999,24.313,POTABLE,POTABLE,2947
7.362,0.0,293.271,8.812,26.109,POTABLE,POTABLE,2948
6.747,9.733,274.886,3.363,22.967,MARGINAL,MARGINAL,2949
7.312,14.38,490.249,5.989,27.277,MARGINAL,MARGINAL,2950
7.205,4.005,639.667,5.441,20.09,MARGINAL,MARGINAL,2951
7.711,12.419,507.071,7.161,28.245,MARGINAL,MARGINAL,2952
7.181,16.611,403.471,6.702,22.745,MARGINAL,MARGINAL,2953
6.766,7.545,640.045,3.858,28.676,MARGINAL,MARGINAL,2954
5.333,70.116,1200.658,2.567,32.934,NON_POTABLE,NON_POTABLE,2955
7.33,1.038,299.214,9.457,27.072,POTABLE,MARGINAL,2956
6.486,3.179,284.28,8.107,23.146,POTABLE,MARGINAL,2957
7.217,0.601,320.833,10.137,25.903,POTABLE,POTABLE,2958
7.345,20.842,533.908,3.941,24.959,MARGINAL,MARGINAL,2959
6.885,2.552,650.588,3.843,21.332,MARGINAL,MARGINAL,2960
6.818,4.072,411.022,6.647,25.331,POTABLE,MARGINAL,2961
5.347,46.953,707.182,1.027,25.935,NON_POTABLE,NON_POTABLE,2962
8.596,0.0,669.95,5.066,26.185,MARGINAL,MARGINAL,2963
7.078,5.895,297.871,4.498,31.075,MARGINAL,MARGINAL,2964
7.709,0.0,313.604,9.566,26.957,POTABLE,POTABLE,2965
4.106,88.076,1109.691,1.746,27.867,NON_POTABLE,NON_POTABLE,2966
7.537,0.0,280.131,8.757,21.339,POTABLE,POTABLE,2967
3.633,79.285,1356.537,0.648,25.083,NON_POTABLE,NON_POTABLE,2968
6.669,3.676,409.604,8.039,31.464,POTABLE,MARGINAL,2969
10.23,44.872,1153.187,0.886,24.561,NON_POTABLE,NON_POTABLE,2970
7.737,0.569,169.006,9.045,23.089,POTABLE,POTABLE,2971
6.684,0.692,405.021,9.032,22.685,POTABLE,POTABLE,2972
7.201,0.0,400.147,5.77,18.728,MARGINAL,MARGINAL,2973
6.909,1.619,329.784,8.93,19.187,POTABLE,MARGINAL,2974
7.405,4.141,236.188,10.017,19.194,POTABLE,MARGINAL,2975
6.177,0.0,289.868,7.341,23.087,POTABLE,MARGINAL,2976
6.513,4.581,298.476,9.241,24.848,POTABLE,MARGINAL,2977
6.464,3.014,187.541,7.55,25.35,POTABLE,MARGINAL,2978
9.084,2.89,446.744,4.94,26.824,MARGINAL,NON_POTABLE,2979
4.853,69.48,719.974,0.665,19.939,NON_POTABLE,NON_POTABLE,2980
9.114,12.471,599.559,6.352,33.168,MARGINAL,NON_POTABLE,2981
5.86,10.025,435.627,5.051,25.891,MARGINAL,MARGINAL,2982
7.473,0.0,144.829,8.611,20.657,POTABLE,POTABLE,2983
7.788,8.485,408.337,4.512,25.307,MARGINAL,MARGINAL,2984
6.57,3.982,295.996,8.758,16.191,POTABLE,MARGINAL,2985
1.478,34.609,1343.536,4.148,29.25,NON_POTABLE,NON_POTABLE,2986
7.266,0.0,752.267,5.821,19.137,MARGINAL,MARGINAL,2987
6.418,0.0,380.595,9.356,21.925,POTABLE,MARGINAL,2988
6.492,1.718,601.55,4.932,31.137,MARGINAL,MARGINAL,2989
7.047,0.498,274.635,7.427,20.55,POTABLE,POTABLE,2990
6.808,1.414,268.403,8.046,21.545,POTABLE,MARGINAL,2991
6.002,0.0,456.883,9.323,24.056,POTABLE,MARGINAL,2992
7.285,3.663,432.711,10.104,26.711,POTABLE,MARGINAL,2993
6.531,0.0,260.044,7.14,20.878,POTABLE,POTABLE,2994
7.052,4.998,611.591,5.048,25.825,MARGINAL,MARGINAL,2995
7.2,0.839,389.526,8.33,21.9,POTABLE,POTABLE,2996
7.807,13.047,563.22,6.685,27.391,MARGINAL,MARGINAL,2997
6.843,5.422,338.195,7.906,22.216,POTABLE,MARGINAL,2998
7.139,49.559,954.648,2.055,33.144,NON_POTABLE,NON_POTABLE,2999
7.46,0.0,330.22,8.891,24.672,POTABLE,POTABLE,3000
6.22,62.006,1163.682,1.858,27.481,NON_POTABLE,NON_POTABLE,3001
5.481,17.686,1094.027,0.147,25.785,NON_POTABLE,NON_POTABLE,3002
5.037,65.609,709.864,1.942,28.736,NON_POTABLE,NON_POTABLE,3003
9.17,65.585,674.786,4.043,33.13,NON_POTABLE,NON_POTABLE,3004
7.392,13.631,729.11,5.178,29.045,MARGINAL,MARGINAL,3005
5.456,100.0,914.147,0.0,16.569,NON_POTABLE,NON_POTABLE,3006
7.371,0.0,188.0,6.146,24.6,POTABLE,MARGINAL,3007
8.571,10.105,631.591,5.723,23.115,MARGINAL,MARGINAL,3008
6.465,0.0,416.7,9.111,34.207,POTABLE,MARGINAL,3009
6.599,3.912,436.367,7.95,23.293,POTABLE,MARGINAL,3010
6.087,0.0,280.222,10.115,24.785,POTABLE,MARGINAL,3011
6.274,0.611,443.273,7.906,20.01,POTABLE,MARGINAL,3012
7.754,0.0,244.407,8.11,25.581,POTABLE,POTABLE,3013
7.001,4.473,507.319,3.767,24.923,MARGINAL,MARGINAL,3014
8.02,10.739,628.06,5.039,29.296,MARGINAL,MARGINAL,3015
7.304,0.0,392.931,7.241,18.213,POTABLE,POTABLE,3016
7.033,3.753,181.496,6.969,17.461,POTABLE,MARGINAL,3017
6.78,0.0,427.167,7.295,20.96,POTABLE,POTABLE,3018
7.109,7.648,463.342,6.439,28.25,MARGINAL,MARGINAL,3019
0.0,80.902,582.415,1.946,24.702,NON_POTABLE,NON_POTABLE,3020
6.398,1.357,324.225,9.958,20.093,POTABLE,MARGINAL,3021
8.492,11.06,484.195,6.489,30.518,MARGINAL,MARGINAL,3022
6.231,32.896,525.509,3.678,39.688,NON_POTABLE,MARGINAL,3023
7.365,3.697,301.866,9.107,28.57,POTABLE,MARGINAL,3024
7.321,5.577,328.509,9.607,24.329,POTABLE,MARGINAL,3025
7.683,0.928,417.423,10.028,22.533,POTABLE,POTABLE,3026
7.588,16.498,594.889,4.567,31.308,MARGINAL,MARGINAL,3027
12.178,33.226,1172.834,3.312,30.799,NON_POTABLE,NON_POTABLE,3028
7.193,1.893,436.239,9.493,22.583,POTABLE,MARGINAL,3029
10.808,6.774,743.285,1.252,31.033,NON_POTABLE,NON_POTABLE,3030
6.749,8.276,526.25,4.205,23.137,MARGINAL,MARGINAL,3031
6.869,15.967,250.126,6.231,26.508,MARGINAL,MARGINAL,3032
7.429,0.0,332.831,8.463,29.73,POTABLE,POTABLE,3033
7.53,0.104,309.648,9.603,24.678,POTABLE,POTABLE,3034
6.765,4.22,432.375,6.935,23.997,POTABLE,MARGINAL,3035
6.354,42.929,1165.978,2.802,36.288,NON_POTABLE,NON_POTABLE,3036
7.765,12.847,628.155,7.602,28.885,MARGINAL,MARGINAL,3037
8.405,0.0,243.249,10.185,19.266,POTABLE,POTABLE,3038
9.265,4.773,478.11,5.952,23.82,MARGINAL,NON_POTABLE,3039
7.369,5.957,477.134,4.487,29.021,MARGINAL,MARGINAL,3040
8.325,0.0,292.281,8.24,21.542,POTABLE,POTABLE,3041
6.25,0.0,213.135,6.139,26.918,POTABLE,MARGINAL,3042
6.459,0.0,505.206,7.805,23.1,POTABLE,MARGINAL,3043
6.341,5.857,474.974,7.774,22.63,POTABLE,MARGINAL,3044
3.275,73.689,1064.771,2.736,23.052,NON_POTABLE,NON_POTABLE,3045
7.148,5.41,387.814,6.702,28.569,POTABLE,MARGINAL,3046
4.723,75.226,708.508,1.137,28.153,NON_POTABLE,NON_POTABLE,3047
1.858,88.856,988.408,2.202,27.248,NON_POTABLE,NON_POTABLE,3048
7.197,9.045,585.425,5.93,23.095,MARGINAL,MARGINAL,3049
6.65,11.672,500.194,5.313,17.326,MARGINAL,MARGINAL,3050
4.404,92.884,710.537,4.056,27.638,NON_POTABLE,NON_POTABLE,3051
7.846,0.0,178.763,9.519,24.641,POTABLE,POTABLE,3052
6.819,15.062,282.804,6.072,24.783,MARGINAL,MARGINAL,3053
4.299,42.774,1024.667,2.096,25.453,NON_POTABLE,NON_POTABLE,3054
6.742,0.332,536.637,9.203,22.29,POTABLE,MARGINAL,3055
8.639,8.221,365.053,7.37,22.746,MARGINAL,MARGINAL,3056
6.867,2.57,192.85,8.125,26.808,POTABLE,MARGINAL,3057
8.087,71.973,926.787,0.0,24.568,NON_POTABLE,NON_POTABLE,3058
6.329,0.0,286.656,5.703,24.386,POTABLE,MARGINAL,3059
6.489,7.999,648.136,6.094,20.17,MARGINAL,MARGINAL,3060
2.29,48.257,1186.449,4.681,27.536,NON_POTABLE,NON_POTABLE,3061
7.565,9.536,442.85,6.437,18.543,MARGINAL,MARGINAL,3062
7.509,4.274,534.461,3.593,29.993,MARGINAL,MARGINAL,3063
6.977,3.203,43.274,6.783,22.566,POTABLE,MARGINAL,3064
8.605,3.689,636.507,6.52,27.794,MARGINAL,MARGINAL,3065
7.023,1.147,325.59,9.161,29.526,POTABLE,MARGINAL,3066
6.937,0.0,77.021,8.11,23.956,POTABLE,POTABLE,3067
3.065,60.918,1027.065,0.828,26.715,NON_POTABLE,NON_POTABLE,3068
6.292,0.0,458.964,9.518,24.783,POTABLE,MARGINAL,3069
6.965,1.869,279.819,8.325,23.956,POTABLE,MARGINAL,3070
7.097,0.399,369.92,8.938,24.934,POTABLE,POTABLE,3071
7.927,0.0,596.476,6.474,22.477,MARGINAL,MARGINAL,3072
8.853,9.997,548.072,6.644,24.428,MARGINAL,MARGINAL,3073
7.088,11.474,643.927,4.717,15.706,MARGINAL,MARGINAL,3074
2.556,64.385,989.324,1.54,31.569,NON_POTABLE,NON_POTABLE,3075
6.664,1.212,243.642,7.821,24.378,POTABLE,MARGINAL,3076
7.34,2.26,292.07,10.014,27.862,POTABLE,MARGINAL,3077
7.704,2.84,600.992,6.66,28.585,MARGINAL,MARGINAL,3078
4.512,69.504,890.03,0.526,30.526,NON_POTABLE,NON_POTABLE,3079
6.516,0.0,253.519,8.872,23.724,POTABLE,POTABLE,3080
2.244,94.159,660.139,2.738,29.002,NON_POTABLE,NON_POTABLE,3081
5.902,56.439,1117.704,3.75,24.811,NON_POTABLE,NON_POTABLE,3082
6.84,51.203,1105.343,2.385,36.104,NON_POTABLE,NON_POTABLE,3083
7.596,0.0,232.27,8.749,19.336,POTABLE,POTABLE,3084
7.641,11.207,492.685,5.544,23.824,MARGINAL,MARGINAL,3085
7.04,3.298,422.221,6.284,23.024,MARGINAL,MARGINAL,3086
7.182,0.796,144.985,8.097,23.169,POTABLE,POTABLE,3087
7.134,0.187,274.789,7.439,28.458,POTABLE,POTABLE,3088
3.601,97.243,931.43,4.795,34.408,NON_POTABLE,NON_POTABLE,3089
8.047,0.0,282.644,6.724,22.027,POTABLE,POTABLE,3090
6.393,2.746,264.662,7.507,27.387,POTABLE,MARGINAL,3091
6.481,2.105,387.069,8.406,23.847,POTABLE,MARGINAL,3092
7.664,5.132,435.026,6.012,26.846,MARGINAL,MARGINAL,3093
6.592,0.181,417.798,8.794,27.86,POTABLE,POTABLE,3094
7.582,2.111,231.451,6.89,22.081,POTABLE,MARGINAL,3095
5.88,17.245,577.746,5.458,24.392,MARGINAL,MARGINAL,3096
7.736,11.411,469.309,4.131,23.212,MARGINAL,MARGINAL,3097
7.888,7.628,353.743,5.999,24.234,MARGINAL,MARGINAL,3098
6.139,6.098,315.559,8.058,26.541,POTABLE,MARGINAL,3099
6.918,0.0,326.303,8.997,27.231,POTABLE,POTABLE,3100
7.233,0.0,256.414,8.64,23.018,POTABLE,POTABLE,3101
7.773,0.0,389.564,9.095,25.702,POTABLE,POTABLE,3102
6.743,12.128,260.167,5.51,27.867,MARGINAL,MARGINAL,3103
6.624,18.881,552.0,1.573,27.655,NON_POTABLE,NON_POTABLE,3104
6.868,78.692,1189.686,0.357,30.862,NON_POTABLE,NON_POTABLE,3105
6.773,12.345,521.58,4.624,25.765,MARGINAL,MARGINAL,3106
6.951,1.096,242.644,8.339,23.631,POTABLE,MARGINAL,3107
0.56,64.568,685.131,2.541,27.721,NON_POTABLE,NON_POTABLE,3108
5.679,68.725,969.388,2.747,27.728,NON_POTABLE,NON_POTABLE,3109
6.53,0.0,292.308,6.579,26.775,POTABLE,POTABLE,3110
7.789,58.769,1102.478,0.539,22.289,NON_POTABLE,NON_POTABLE,3111
7.448,4.578,707.805,4.138,26.743,MARGINAL,MARGINAL,3112
2.76,45.642,536.303,2.286,39.216,NON_POTABLE,NON_POTABLE,3113
7.144,2.508,499.32,10.273,29.446,POTABLE,MARGINAL,3114
6.976,11.687,681.071,4.437,22.536,MARGINAL,MARGINAL,3115
4.615,72.947,1093.409,1.913,29.595,NON_POTABLE,NON_POTABLE,3116
5.892,0.591,253.834,7.354,27.181,POTABLE,MARGINAL,3117
7.527,0.399,346.434,9.007,24.41,POTABLE,POTABLE,3118
7.315,1.654,247.572,10.061,18.263,POTABLE,MARGINAL,3119
8.587,7.086,514.169,4.99,28.389,MARGINAL,MARGINAL,3120
3.287,44.448,1130.405,3.269,31.043,NON_POTABLE,NON_POTABLE,3121
7.251,7.284,597.829,5.648,25.954,MARGINAL,MARGINAL,3122
7.192,9.01,534.963,5.898,20.847,MARGINAL,MARGINAL,3123
7.465,11.444,361.018,6.128,26.108,MARGINAL,MARGINAL,3124
7.019,1.233,212.318,6.607,26.075,POTABLE,MARGINAL,3125
8.098,10.595,544.029,4.011,26.262,MARGINAL,MARGINAL,3126
5.883,6.801,456.341,4.859,24.524,MARGINAL,MARGINAL,3127
3.378,31.912,1100.428,2.802,27.711,NON_POTABLE,NON_POTABLE,3128
7.644,0.419,368.579,8.852,23.361,POTABLE,POTABLE,3129
2.037,61.822,1123.491,1.212,27.897,NON_POTABLE,NON_POTABLE,3130
4.058,64.317,670.715,2.65,27.845,NON_POTABLE,NON_POTABLE,3131
7.828,6.489,539.968,4.469,19.476,MARGINAL,MARGINAL,3132
8.333,7.01,352.901,4.211,30.582,MARGINAL,MARGINAL,3133
4.915,57.365,935.408,2.114,29.651,NON_POTABLE,NON_POTABLE,3134
7.389,4.324,975.83,1.151,25.93,NON_POTABLE,NON_POTABLE,3135
1.189,36.783,916.568,1.651,23.625,NON_POTABLE,NON_POTABLE,3136
7.216,13.197,542.73,4.686,29.657,MARGINAL,MARGINAL,3137
7.793,0.0,444.664,9.035,26.507,POTABLE,POTABLE,3138
2.113,71.578,1301.017,2.204,35.913,NON_POTABLE,NON_POTABLE,3139
7.837,2.445,539.456,6.873,20.897,POTABLE,MARGINAL,3140
6.963,0.551,301.552,9.843,19.055,POTABLE,POTABLE,3141
7.569,2.88,389.88,9.742,25.257,POTABLE,MARGINAL,3142
10.218,60.769,736.338,2.85,21.972,NON_POTABLE,NON_POTABLE,3143
6.855,10.685,311.936,5.097,24.349,MARGINAL,MARGINAL,3144
7.685,8.028,658.924,4.154,23.779,MARGINAL,MARGINAL,3145
6.685,5.241,311.001,9.806,29.18,POTABLE,MARGINAL,3146
7.101,13.54,693.419,5.933,31.221,MARGINAL,MARGINAL,3147
6.921,0.0,237.484,7.442,25.002,POTABLE,POTABLE,3148
7.545,7.864,465.323,3.966,22.842,MARGINAL,MARGINAL,3149
5.301,93.381,778.964,0.217,27.898,NON_POTABLE,NON_POTABLE,3150
6.54,0.0,373.657,7.465,20.292,POTABLE,POTABLE,3151
7.652,3.887,425.603,4.254,25.391,MARGINAL,MARGINAL,3152
6.74,6.138,271.229,7.352,32.233,POTABLE,MARGINAL,3153
7.152,3.073,502.867,4.79,25.524,MARGINAL,MARGINAL,3154
6.618,2.032,456.046,6.684,21.995,POTABLE,MARGINAL,3155
8.059,15.8,365.927,5.529,22.55,MARGINAL,MARGINAL,3156
6.748,2.056,120.057,8.846,19.703,POTABLE,MARGINAL,3157
7.255,8.147,535.326,2.562,25.825,MARGINAL,MARGINAL,3158
7.207,0.143,367.339,7.468,21.773,POTABLE,POTABLE,3159
7.402,5.772,371.82,6.66,23.445,MARGINAL,MARGINAL,3160
2.984,38.068,1122.521,1.371,34.504,NON_POTABLE,NON_POTABLE,3161
3.283,58.106,1070.719,2.996,29.67,NON_POTABLE,NON_POTABLE,3162
6.706,20.078,353.365,5.134,31.584,MARGINAL,MARGINAL,3163
7.677,1.125,546.896,7.589,17.389,MARGINAL,MARGINAL,3164
6.757,0.0,282.114,8.884,22.9,POTABLE,POTABLE,3165
5.752,6.15,529.761,2.497,27.761,MARGINAL,NON_POTABLE,3166
4.143,49.87,1265.672,3.106,23.316,NON_POTABLE,NON_POTABLE,3167
6.395,0.0,412.442,9.724,22.922,POTABLE,MARGINAL,3168
7.603,0.379,394.071,8.456,21.646,POTABLE,POTABLE,3169
6.983,0.0,411.507,8.716,21.019,POTABLE,POTABLE,3170
6.978,12.054,367.217,4.429,22.375,MARGINAL,MARGINAL,3171
6.005,3.252,447.436,4.906,29.026,MARGINAL,MARGINAL,3172
7.791,2.829,355.99,8.706,23.867,POTABLE,MARGINAL,3173
6.179,5.101,208.997,9.543,16.928,POTABLE,MARGINAL,3174
7.097,2.333,205.493,9.807,28.5,POTABLE,MARGINAL,3175
7.273,97.014,542.359,1.287,35.645,NON_POTABLE,NON_POTABLE,3176
7.737,11.724,452.504,5.145,30.439,MARGINAL,MARGINAL,3177
6.669,2.861,92.064,7.682,27.687,POTABLE,MARGINAL,3178
7.598,44.671,759.492,4.096,26.501,NON_POTABLE,NON_POTABLE,3179
7.247,4.965,446.99,7.923,28.739,POTABLE,MARGINAL,3180
7.289,3.274,132.568,8.343,26.419,POTABLE,MARGINAL,3181
6.025,1.791,553.57,7.279,23.266,MARGINAL,MARGINAL,3182
4.349,53.611,514.628,0.067,26.265,NON_POTABLE,NON_POTABLE,3183
7.268,3.341,454.643,4.145,32.623,MARGINAL,MARGINAL,3184
6.524,0.0,370.214,7.852,29.629,POTABLE,POTABLE,3185
7.925,0.743,115.101,8.891,21.289,POTABLE,POTABLE,3186
5.442,25.607,1020.914,3.65,33.059,NON_POTABLE,NON_POTABLE,3187
4.422,88.774,945.456,4.544,29.525,NON_POTABLE,NON_POTABLE,3188
6.378,0.0,388.59,8.65,28.023,POTABLE,MARGINAL,3189
7.021,0.0,183.025,10.266,25.715,POTABLE,POTABLE,3190
8.162,16.691,849.188,7.773,18.971,MARGINAL,MARGINAL,3191
7.305,4.001,189.322,7.2,23.95,POTABLE,MARGINAL,3192
5.911,5.351,491.468,4.746,24.872,MARGINAL,MARGINAL,3193
7.265,5.238,264.996,9.517,21.888,POTABLE,MARGINAL,3194
6.59,0.0,519.671,8.878,30.099,POTABLE,MARGINAL,3195
6.632,0.364,191.567,9.259,15.409,POTABLE,POTABLE,3196
5.505,30.71,953.285,2.038,26.931,NON_POTABLE,NON_POTABLE,3197
6.887,0.0,254.748,8.442,23.073,POTABLE,POTABLE,3198
8.035,4.45,442.785,5.82,21.616,MARGINAL,MARGINAL,3199
5.814,1.076,464.865,5.267,24.723,MARGINAL,MARGINAL,3200
6.26,61.096,818.173,2.431,28.851,NON_POTABLE,NON_POTABLE,3201
7.448,55.268,1288.04,3.24,28.982,NON_POTABLE,NON_POTABLE,3202
7.375,9.925,429.996,5.436,26.341,MARGINAL,MARGINAL,3203
6.872,1.757,330.939,6.765,30.547,MARGINAL,MARGINAL,3204
6.611,7.2,407.535,5.253,18.286,MARGINAL,MARGINAL,3205
7.152,0.854,337.839,10.653,18.353,POTABLE,POTABLE,3206
6.536,1.596,297.805,7.524,24.594,POTABLE,MARGINAL,3207
6.837,0.0,134.401,8.564,26.211,POTABLE,POTABLE,3208
7.284,2.721,184.705,6.355,24.54,POTABLE,MARGINAL,3209
8.602,3.605,416.843,5.246,28.01,MARGINAL,MARGINAL,3210
7.074,0.0,416.353,8.249,26.728,POTABLE,POTABLE,3211
4.741,2.765,812.369,1.524,25.332,NON_POTABLE,NON_POTABLE,3212
7.262,1.219,397.037,8.742,23.712,POTABLE,MARGINAL,3213
7.063,5.386,487.746,6.646,29.267,MARGINAL,MARGINAL,3214
4.829,100.0,447.044,1.709,33.804,NON_POTABLE,NON_POTABLE,3215
7.907,1.227,244.012,9.838,22.906,POTABLE,MARGINAL,3216
7.873,17.645,417.626,3.672,23.788,MARGINAL,MARGINAL,3217
6.71,2.95,354.864,10.073,21.001,POTABLE,MARGINAL,3218
7.797,11.529,437.791,4.999,27.037,MARGINAL,MARGINAL,3219
6.923,11.523,546.873,7.193,23.546,MARGINAL,MARGINAL,3220
7.057,1.224,362.022,4.8,21.65,MARGINAL,MARGINAL,3221
6.183,1.017,384.023,8.481,25.0,POTABLE,MARGINAL,3222
7.362,33.012,947.649,1.298,23.78,NON_POTABLE,NON_POTABLE,3223
7.14,47.024,865.619,2.476,25.834,NON_POTABLE,NON_POTABLE,3224
6.416,0.0,312.869,7.536,19.621,POTABLE,MARGINAL,3225
7.648,0.0,337.655,9.021,27.79,POTABLE,POTABLE,3226
5.654,40.923,1083.509,1.938,26.323,NON_POTABLE,NON_POTABLE,3227
6.161,0.0,565.349,4.927,28.498,MARGINAL,MARGINAL,3228
6.511,0.0,206.842,9.626,23.297,POTABLE,POTABLE,3229
7.167,0.797,323.146,9.281,25.154,POTABLE,POTABLE,3230
8.102,11.848,733.79,4.426,24.918,MARGINAL,MARGINAL,3231
7.265,10.326,418.236,4.722,27.544,MARGINAL,MARGINAL,3232
7.035,1.699,489.267,3.758,29.796,MARGINAL,MARGINAL,3233
7.289,52.299,729.429,4.253,27.73,NON_POTABLE,NON_POTABLE,3234
6.576,0.0,460.193,8.061,24.715,POTABLE,POTABLE,3235
6.678,0.047,326.581,8.831,19.41,POTABLE,POTABLE,3236
7.355,26.932,1033.003,1.315,20.537,NON_POTABLE,NON_POTABLE,3237
7.029,0.0,125.731,8.205,23.086,POTABLE,POTABLE,3238
4.231,54.488,855.204,2.569,32.106,NON_POTABLE,NON_POTABLE,3239
1.868,28.312,912.573,2.748,18.803,NON_POTABLE,NON_POTABLE,3240
6.933,0.0,283.612,9.838,22.613,POTABLE,POTABLE,3241
6.784,0.0,113.263,7.322,24.342,POTABLE,POTABLE,3242
5.023,7.139,769.386,1.802,27.05,NON_POTABLE,NON_POTABLE,3243
6.997,1.58,234.746,9.178,25.075,POTABLE,MARGINAL,3244
7.543,15.107,556.96,4.642,24.731,MARGINAL,MARGINAL,3245
7.689,0.0,127.033,9.894,22.921,POTABLE,POTABLE,3246
8.597,13.897,521.509,7.901,23.363,MARGINAL,MARGINAL,3247
8.425,0.0,389.166,4.407,24.671,MARGINAL,MARGINAL,3248
7.55,4.535,487.408,8.421,26.394,POTABLE,MARGINAL,3249
8.527,13.264,555.71,8.498,24.307,MARGINAL,MARGINAL,3250
9.995,2.078,305.546,5.024,32.245,MARGINAL,NON_POTABLE,3251
7.869,4.684,671.604,6.221,32.7,MARGINAL,MARGINAL,3252
7.728,7.377,543.975,5.671,32.12,MARGINAL,MARGINAL,3253
7.689,7.704,554.602,4.631,30.806,MARGINAL,MARGINAL,3254
7.4,6.858,501.481,3.731,29.824,MARGINAL,MARGINAL,3255
7.566,7.216,435.593,3.928,28.12,MARGINAL,MARGINAL,3256
8.851,1.101,185.963,8.547,29.067,POTABLE,MARGINAL,3257
7.086,0.0,462.03,7.377,16.566,POTABLE,POTABLE,3258
1.351,82.865,1477.943,1.228,32.307,NON_POTABLE,NON_POTABLE,3259
8.124,8.241,373.371,6.269,25.51,MARGINAL,MARGINAL,3260
6.692,0.0,122.205,7.676,19.157,POTABLE,POTABLE,3261
9.127,15.855,491.308,4.365,26.885,MARGINAL,NON_POTABLE,3262
9.502,46.404,1180.994,0.598,29.61,NON_POTABLE,NON_POTABLE,3263
6.302,0.0,406.06,8.488,20.495,POTABLE,MARGINAL,3264
7.365,0.702,125.584,9.609,23.278,POTABLE,POTABLE,3265
2.894,37.744,783.741,2.925,21.731,NON_POTABLE,NON_POTABLE,3266
7.827,0.0,576.457,6.12,31.44,MARGINAL,MARGINAL,3267
6.191,85.236,1392.988,3.936,25.786,NON_POTABLE,NON_POTABLE,3268
7.36,1.066,288.018,7.305,25.387,POTABLE,MARGINAL,3269
4.556,25.046,501.53,3.833,34.708,NON_POTABLE,NON_POTABLE,3270
7.191,2.321,256.299,8.174,24.289,POTABLE,MARGINAL,3271
7.453,5.898,433.454,10.752,19.289,POTABLE,MARGINAL,3272
5.976,6.151,565.464,4.972,26.399,MARGINAL,MARGINAL,3273
8.542,5.534,576.96,7.032,24.702,MARGINAL,MARGINAL,3274
5.268,61.079,651.51,3.008,31.404,NON_POTABLE,NON_POTABLE,3275
6.813,1.885,246.45,2.884,25.304,MARGINAL,MARGINAL,3276
7.182,0.089,490.49,7.951,23.43,POTABLE,POTABLE,3277
4.056,35.676,944.43,2.429,27.642,NON_POTABLE,NON_POTABLE,3278
7.212,2.645,258.784,9.531,18.081,POTABLE,MARGINAL,3279
7.341,8.464,342.027,8.223,25.518,POTABLE,MARGINAL,3280
6.883,0.0,362.013,10.886,26.86,POTABLE,POTABLE,3281
1.409,68.523,463.009,2.783,24.857,NON_POTABLE,NON_POTABLE,3282
7.073,0.0,547.308,4.045,25.674,MARGINAL,MARGINAL,3283
7.369,10.97,310.874,4.166,21.551,MARGINAL,MARGINAL,3284
6.21,56.739,638.411,1.52,22.97,NON_POTABLE,NON_POTABLE,3285
8.623,9.217,480.869,8.153,25.675,MARGINAL,MARGINAL,3286
2.881,51.384,1126.345,2.534,28.846,NON_POTABLE,NON_POTABLE,3287
6.981,0.0,221.822,7.57,21.783,POTABLE,POTABLE,3288
7.39,0.0,340.555,9.459,22.69,POTABLE,POTABLE,3289
8.851,56.947,805.006,3.646,33.807,NON_POTABLE,NON_POTABLE,3290
4.965,86.254,587.647,0.575,22.314,NON_POTABLE,NON_POTABLE,3291
4.898,31.036,759.187,1.92,30.089,NON_POTABLE,NON_POTABLE,3292
7.257,1.957,245.874,7.0,26.154,POTABLE,MARGINAL,3293
8.942,4.407,550.15,6.82,23.63,MARGINAL,MARGINAL,3294
8.189,0.0,476.106,8.37,29.943,POTABLE,POTABLE,3295
7.083,1.579,365.885,8.704,22.824,POTABLE,MARGINAL,3296
5.705,36.59,849.433,2.075,24.88,NON_POTABLE,NON_POTABLE,3297
7.623,2.705,374.175,9.757,18.655,POTABLE,MARGINAL,3298
7.699,0.0,319.884,9.295,21.241,POTABLE,POTABLE,3299
6.917,2.62,319.53,7.462,19.43,POTABLE,MARGINAL,3300
7.705,1.495,337.512,8.197,28.257,POTABLE,MARGINAL,3301
3.831,46.013,900.274,1.212,30.603,NON_POTABLE,NON_POTABLE,3302
6.175,100.0,771.982,1.361,36.633,NON_POTABLE,NON_POTABLE,3303
7.503,5.468,617.138,6.386,35.837,MARGINAL,MARGINAL,3304
6.728,0.0,193.368,6.207,25.11,POTABLE,MARGINAL,3305
3.045,100.0,710.292,2.995,30.306,NON_POTABLE,NON_POTABLE,3306
7.782,13.881,452.616,4.918,25.903,MARGINAL,MARGINAL,3307
1.689,84.738,477.051,3.719,28.98,NON_POTABLE,NON_POTABLE,3308
3.652,92.503,1045.528,2.782,25.571,NON_POTABLE,NON_POTABLE,3309
6.193,4.825,718.478,5.51,30.227,MARGINAL,MARGINAL,3310
7.629,0.0,313.643,8.504,19.678,POTABLE,POTABLE,3311
6.751,0.198,315.412,8.926,24.944,POTABLE,POTABLE,3312
7.234,9.179,430.89,8.972,27.014,POTABLE,MARGINAL,3313
4.755,81.693,1111.18,3.038,22.757,NON_POTABLE,NON_POTABLE,3314
6.981,9.84,557.277,4.473,29.256,MARGINAL,MARGINAL,3315
6.872,12.284,651.997,5.668,29.057,MARGINAL,MARGINAL,3316
7.663,6.758,209.516,4.504,27.956,MARGINAL,MARGINAL,3317
7.161,1.961,402.271,9.263,21.079,POTABLE,MARGINAL,3318
3.878,64.668,751.786,0.418,23.603,NON_POTABLE,NON_POTABLE,3319
8.452,3.732,472.755,5.122,26.741,MARGINAL,MARGINAL,3320
7.192,0.0,164.113,5.932,17.644,POTABLE,MARGINAL,3321
6.661,4.216,421.155,7.457,24.904,POTABLE,MARGINAL,3322
2.443,37.174,568.74,2.464,24.109,NON_POTABLE,NON_POTABLE,3323
7.847,1.82,368.727,8.669,23.521,POTABLE,MARGINAL,3324
0.0,19.096,579.135,1.598,23.336,NON_POTABLE,NON_POTABLE,3325
5.851,0.263,195.755,10.429,18.83,POTABLE,MARGINAL,3326
7.268,6.652,511.493,4.444,21.129,MARGINAL,MARGINAL,3327
8.248,6.076,762.084,4.826,23.271,MARGINAL,MARGINAL,3328
2.554,17.143,569.767,2.452,31.945,NON_POTABLE,NON_POTABLE,3329
6.721,0.0,220.868,9.357,23.894,POTABLE,POTABLE,3330
8.15,1.135,356.621,6.979,23.779,POTABLE,MARGINAL,3331
5.966,3.72,213.167,6.584,27.662,POTABLE,MARGINAL,3332
6.81,0.0,116.053,9.327,22.849,POTABLE,POTABLE,3333
5.704,82.943,750.546,4.21,29.989,NON_POTABLE,NON_POTABLE,3334
5.388,73.848,869.902,1.66,25.089,NON_POTABLE,NON_POTABLE,3335
8.351,5.657,555.796,6.335,24.826,MARGINAL,MARGINAL,3336
7.672,0.0,473.953,7.4,21.461,POTABLE,POTABLE,3337
6.463,0.0,535.824,6.498,19.528,MARGINAL,MARGINAL,3338
7.359,58.368,979.609,1.722,22.859,NON_POTABLE,NON_POTABLE,3339
7.856,43.176,782.306,3.727,30.502,NON_POTABLE,NON_POTABLE,3340
7.247,4.08,238.859,8.736,30.297,POTABLE,MARGINAL,3341
7.091,0.0,350.961,8.394,22.758,POTABLE,POTABLE,3342
7.404,2.142,286.313,7.951,22.634,POTABLE,MARGINAL,3343
8.001,3.965,315.217,7.679,22.714,POTABLE,MARGINAL,3344
5.298,93.327,1043.398,1.735,24.672,NON_POTABLE,NON_POTABLE,3345
7.316,2.659,513.526,7.87,31.761,POTABLE,MARGINAL,3346
2.001,42.053,818.174,4.374,29.281,NON_POTABLE,NON_POTABLE,3347
8.009,0.703,392.958,8.233,27.554,POTABLE,POTABLE,3348
7.722,10.405,574.033,5.981,31.463,MARGINAL,MARGINAL,3349
4.395,26.738,1254.675,1.309,21.956,NON_POTABLE,NON_POTABLE,3350
4.323,20.313,559.729,3.46,28.82,NON_POTABLE,NON_POTABLE,3351
9.563,4.491,581.135,8.221,24.613,MARGINAL,NON_POTABLE,3352
6.957,0.0,332.259,9.049,14.329,POTABLE,POTABLE,3353
6.323,0.0,348.77,10.6,24.078,POTABLE,MARGINAL,3354
0.668,46.685,854.328,4.146,29.201,NON_POTABLE,NON_POTABLE,3355
5.461,24.278,945.595,2.95,26.586,NON_POTABLE,NON_POTABLE,3356
6.194,0.0,327.071,9.451,26.632,POTABLE,MARGINAL,3357
6.7,2.494,421.878,8.207,30.332,POTABLE,MARGINAL,3358
7.066,6.26,665.795,6.201,25.761,MARGINAL,MARGINAL,3359
7.411,4.195,140.031,9.323,31.324,POTABLE,MARGINAL,3360
7.609,7.633,424.718,5.69,27.223,MARGINAL,MARGINAL,3361
7.219,8.856,513.966,7.41,23.276,MARGINAL,MARGINAL,3362
2.505,99.232,798.032,2.992,25.772,NON_POTABLE,NON_POTABLE,3363
7.017,0.644,411.467,8.546,18.858,POTABLE,POTABLE,3364
6.631,0.0,498.384,5.062,22.09,MARGINAL,MARGINAL,3365
6.737,1.574,289.501,6.165,23.187,MARGINAL,MARGINAL,3366
7.089,0.0,449.301,8.621,27.378,POTABLE,POTABLE,3367
7.211,6.589,382.258,8.013,23.998,POTABLE,MARGINAL,3368
6.267,5.95,328.07,2.849,33.454,MARGINAL,MARGINAL,3369
11.393,52.81,1078.54,2.427,25.846,NON_POTABLE,NON_POTABLE,3370
4.879,75.536,748.374,5.457,25.033,NON_POTABLE,NON_POTABLE,3371
6.626,2.049,423.204,10.058,27.082,POTABLE,MARGINAL,3372
3.341,26.837,895.416,0.0,30.61,NON_POTABLE,NON_POTABLE,3373
6.45,1.974,539.164,5.896,24.893,MARGINAL,MARGINAL,3374
7.21,0.0,424.375,8.269,22.084,POTABLE,POTABLE,3375
7.485,69.937,1067.401,0.0,27.161,NON_POTABLE,NON_POTABLE,3376
6.51,7.884,533.617,6.401,24.508,MARGINAL,MARGINAL,3377
2.806,28.507,708.646,5.236,33.671,NON_POTABLE,NON_POTABLE,3378
7.563,2.304,507.423,3.347,30.736,MARGINAL,MARGINAL,3379
5.218,82.387,668.135,0.926,30.383,NON_POTABLE,NON_POTABLE,3380
7.489,0.0,232.582,10.388,21.752,POTABLE,POTABLE,3381
4.019,49.528,534.83,1.273,34.196,NON_POTABLE,NON_POTABLE,3382
7.148,0.0,455.804,9.33,26.313,POTABLE,POTABLE,3383
6.945,3.705,229.026,8.195,17.634,POTABLE,MARGINAL,3384
5.524,61.553,1000.187,1.781,32.016,NON_POTABLE,NON_POTABLE,3385
2.68,76.482,1158.407,3.569,32.467,NON_POTABLE,NON_POTABLE,3386
7.591,1.986,348.422,6.695,25.461,MARGINAL,MARGINAL,3387
7.905,2.97,548.249,5.353,27.04,MARGINAL,MARGINAL,3388
6.459,1.806,461.738,7.931,32.685,MARGINAL,MARGINAL,3389
6.959,9.62,706.945,7.584,26.473,MARGINAL,MARGINAL,3390
5.267,85.303,535.032,2.375,33.962,NON_POTABLE,NON_POTABLE,3391
7.03,0.0,349.117,7.947,29.562,POTABLE,POTABLE,3392
8.173,12.704,458.178,7.285,26.556,MARGINAL,MARGINAL,3393
7.307,0.0,286.551,8.746,24.607,POTABLE,POTABLE,3394
7.914,9.431,458.24,5.156,31.452,MARGINAL,MARGINAL,3395
6.816,7.641,297.175,6.813,26.617,MARGINAL,MARGINAL,3396
7.856,0.0,108.74,9.726,25.928,POTABLE,POTABLE,3397
2.93,43.29,508.646,1.265,34.627,NON_POTABLE,NON_POTABLE,3398
7.639,36.931,545.276,2.212,21.33,NON_POTABLE,NON_POTABLE,3399
7.602,2.231,188.239,9.203,20.832,POTABLE,MARGINAL,3400
4.781,33.345,903.018,2.573,19.527,NON_POTABLE,NON_POTABLE,3401
7.536,2.144,365.228,9.111,20.437,POTABLE,MARGINAL,3402
6.349,0.0,535.613,6.369,15.969,POTABLE,MARGINAL,3403
8.531,9.307,658.804,8.028,24.938,MARGINAL,MARGINAL,3404
6.299,12.147,369.78,3.493,25.566,MARGINAL,MARGINAL,3405
8.88,7.87,456.615,4.325,26.235,MARGINAL,MARGINAL,3406
7.87,8.255,702.14,5.948,27.789,MARGINAL,MARGINAL,3407
6.613,1.602,392.198,7.73,20.957,POTABLE,MARGINAL,3408
7.727,2.936,322.627,7.585,22.667,POTABLE,MARGINAL,3409
8.231,7.258,443.597,6.807,31.22,MARGINAL,MARGINAL,3410
7.387,0.0,275.111,8.787,16.468,POTABLE,POTABLE,3411
7.651,6.116,616.726,5.873,27.897,MARGINAL,MARGINAL,3412
6.684,0.0,413.511,9.438,20.233,POTABLE,POTABLE,3413
3.648,14.472,1118.059,3.784,20.657,NON_POTABLE,NON_POTABLE,3414
3.973,61.03,802.755,0.725,30.498,NON_POTABLE,NON_POTABLE,3415
6.543,2.632,521.717,5.606,21.046,MARGINAL,MARGINAL,3416
0.591,89.559,782.271,3.006,24.094,NON_POTABLE,NON_POTABLE,3417
8.355,4.333,686.104,7.685,22.974,MARGINAL,MARGINAL,3418
6.952,2.35,408.734,10.235,26.344,POTABLE,MARGINAL,3419
6.856,2.694,133.052,7.576,27.072,POTABLE,MARGINAL,3420
6.493,51.181,589.035,1.637,29.3,NON_POTABLE,NON_POTABLE,3421
7.54,2.397,348.748,7.949,31.108,MARGINAL,MARGINAL,3422
7.659,3.104,413.562,7.946,21.481,POTABLE,MARGINAL,3423
6.664,0.0,258.065,8.099,24.534,POTABLE,POTABLE,3424
6.964,1.463,325.194,8.158,23.089,POTABLE,MARGINAL,3425
8.088,12.521,748.411,6.376,22.18,MARGINAL,MARGINAL,3426
7.573,0.0,254.936,9.19,18.548,POTABLE,POTABLE,3427
8.458,0.739,634.584,7.131,33.501,MARGINAL,MARGINAL,3428
6.645,2.137,340.299,8.793,22.81,POTABLE,MARGINAL,3429
7.839,2.661,342.072,8.724,20.656,POTABLE,MARGINAL,3430
6.448,0.0,331.56,9.327,17.344,POTABLE,MARGINAL,3431
6.225,95.07,931.895,0.0,28.278,NON_POTABLE,NON_POTABLE,3432
7.405,3.87,312.682,4.866,30.055,MARGINAL,MARGINAL,3433
6.938,0.0,100.921,6.189,22.15,POTABLE,MARGINAL,3434
8.094,9.46,477.023,7.09,19.99,MARGINAL,MARGINAL,3435
7.354,13.108,397.067,5.967,26.022,MARGINAL,MARGINAL,3436
7.08,0.27,359.92,7.842,24.06,POTABLE,POTABLE,3437
6.427,2.373,397.809,7.196,23.517,POTABLE,MARGINAL,3438
6.335,0.0,178.37,7.856,22.212,POTABLE,MARGINAL,3439
6.823,2.938,670.613,3.731,32.908,MARGINAL,MARGINAL,3440
8.764,12.358,578.135,4.867,22.14,MARGINAL,MARGINAL,3441
7.702,2.751,427.713,8.493,21.397,POTABLE,MARGINAL,3442
3.435,66.221,1174.889,0.652,21.525,NON_POTABLE,NON_POTABLE,3443
8.394,66.115,1145.954,0.866,32.294,NON_POTABLE,NON_POTABLE,3444
7.336,0.0,415.796,6.44,22.214,MARGINAL,MARGINAL,3445
7.678,0.0,497.513,8.131,24.667,POTABLE,POTABLE,3446
6.612,11.372,686.31,6.163,26.155,MARGINAL,MARGINAL,3447
5.558,74.661,390.449,1.562,25.015,NON_POTABLE,NON_POTABLE,3448
8.854,61.78,924.77,0.0,21.272,NON_POTABLE,NON_POTABLE,3449
7.09,0.526,341.496,8.853,29.635,POTABLE,POTABLE,3450
7.208,63.193,894.891,3.333,30.041,NON_POTABLE,NON_POTABLE,3451
6.827,0.0,350.236,8.68,24.966,POTABLE,POTABLE,3452
7.128,1.193,417.04,8.036,22.935,POTABLE,MARGINAL,3453
7.482,0.0,196.735,8.22,17.3,POTABLE,POTABLE,3454
7.203,0.285,300.76,6.791,20.994,POTABLE,POTABLE,3455
6.823,5.002,223.749,9.047,26.3,POTABLE,MARGINAL,3456
6.819,19.064,713.032,8.025,33.201,MARGINAL,MARGINAL,3457
7.085,0.0,247.374,7.262,16.676,POTABLE,POTABLE,3458
5.876,10.552,400.13,7.434,34.87,MARGINAL,MARGINAL,3459
6.039,2.917,537.317,4.242,24.243,MARGINAL,MARGINAL,3460
6.735,10.419,569.959,4.248,35.376,MARGINAL,MARGINAL,3461
2.558,36.281,1013.628,2.971,23.554,NON_POTABLE,NON_POTABLE,3462
6.751,3.708,569.742,5.545,26.021,MARGINAL,MARGINAL,3463
7.546,0.0,271.31,3.647,27.315,MARGINAL,MARGINAL,3464
7.515,0.0,389.98,8.519,22.393,POTABLE,POTABLE,3465
8.048,9.419,451.157,4.164,21.248,MARGINAL,MARGINAL,3466
6.639,0.0,313.447,9.396,23.906,POTABLE,POTABLE,3467
11.693,67.215,1369.443,1.147,31.048,NON_POTABLE,NON_POTABLE,3468
6.533,69.246,914.13,2.363,27.981,NON_POTABLE,NON_POTABLE,3469
6.673,2.591,354.202,10.003,23.322,POTABLE,MARGINAL,3470
5.663,55.678,751.613,2.823,24.872,NON_POTABLE,NON_POTABLE,3471
4.948,60.101,513.09,0.0,33.209,NON_POTABLE,NON_POTABLE,3472
1.906,60.349,762.049,2.516,31.203,NON_POTABLE,NON_POTABLE,3473
7.123,2.481,351.499,6.304,29.744,MARGINAL,MARGINAL,3474
1.726,88.14,681.988,1.183,30.276,NON_POTABLE,NON_POTABLE,3475
6.205,8.273,134.54,9.214,21.712,POTABLE,MARGINAL,3476
7.792,3.161,294.16,8.949,24.565,POTABLE,MARGINAL,3477
8.316,0.0,257.188,6.763,30.745,POTABLE,POTABLE,3478
6.782,14.235,644.764,4.846,24.052,MARGINAL,MARGINAL,3479
7.585,21.876,435.818,5.519,33.321,MARGINAL,MARGINAL,3480
1.517,57.349,1436.494,3.117,28.716,NON_POTABLE,NON_POTABLE,3481
6.779,0.185,616.051,5.395,24.02,MARGINAL,MARGINAL,3482
7.026,0.469,231.508,8.612,25.108,POTABLE,POTABLE,3483
7.618,17.433,578.108,6.716,24.493,MARGINAL,MARGINAL,3484
7.292,16.159,538.321,3.836,24.313,MARGINAL,MARGINAL,3485
6.73,20.72,378.429,7.191,30.051,MARGINAL,MARGINAL,3486
8.765,0.0,404.431,1.853,35.607,MARGINAL,NON_POTABLE,3487
7.586,9.222,212.715,7.828,19.984,MARGINAL,MARGINAL,3488
7.79,9.832,583.913,6.89,26.491,MARGINAL,MARGINAL,3489
6.307,9.223,247.646,8.677,24.325,MARGINAL,MARGINAL,3490
8.585,15.714,447.652,0.292,26.933,NON_POTABLE,NON_POTABLE,3491
8.204,0.0,121.578,9.352,21.931,POTABLE,POTABLE,3492
1.929,53.79,476.692,1.618,27.77,NON_POTABLE,NON_POTABLE,3493
6.218,23.163,1500.0,1.7,22.032,NON_POTABLE,NON_POTABLE,3494
4.451,75.824,1271.094,2.902,24.527,NON_POTABLE,NON_POTABLE,3495
7.245,11.847,728.128,4.952,20.748,MARGINAL,MARGINAL,3496
7.177,6.712,255.606,9.708,23.721,POTABLE,MARGINAL,3497
7.334,65.375,1019.687,1.978,28.032,NON_POTABLE,NON_POTABLE,3498
6.584,0.0,363.115,6.899,21.268,POTABLE,POTABLE,3499
6.999,0.0,405.355,9.108,26.598,POTABLE,POTABLE,3500
1.603,76.806,593.424,3.457,28.514,NON_POTABLE,NON_POTABLE,3501
9.703,11.608,432.387,6.203,22.537,MARGINAL,NON_POTABLE,3502
7.674,2.883,484.296,4.819,22.251,MARGINAL,MARGINAL,3503
7.003,76.951,1054.185,0.502,32.024,NON_POTABLE,NON_POTABLE,3504
5.753,13.982,531.479,6.727,23.772,MARGINAL,MARGINAL,3505
0.953,55.698,551.147,2.891,25.182,NON_POTABLE,NON_POTABLE,3506
7.486,1.373,496.385,3.108,26.891,MARGINAL,MARGINAL,3507
6.028,0.0,133.377,9.077,25.84,POTABLE,MARGINAL,3508
2.47,85.42,1204.341,4.351,24.217,NON_POTABLE,NON_POTABLE,3509
7.036,0.713,231.458,7.677,23.194,POTABLE,POTABLE,3510
6.965,0.0,549.677,9.754,23.703,POTABLE,MARGINAL,3511
5.984,4.938,642.677,6.647,21.23,MARGINAL,MARGINAL,3512
6.136,0.0,300.75,8.121,26.191,POTABLE,MARGINAL,3513
7.135,6.524,685.645,6.836,21.698,MARGINAL,MARGINAL,3514
7.876,1.762,370.959,8.732,23.134,POTABLE,MARGINAL,3515
7.506,0.0,365.554,8.535,24.493,POTABLE,POTABLE,3516
8.323,1.519,143.769,8.937,23.362,POTABLE,MARGINAL,3517
5.336,64.628,1025.412,1.858,27.485,NON_POTABLE,NON_POTABLE,3518
6.258,0.0,311.981,8.93,22.278,POTABLE,MARGINAL,3519
7.14,0.234,349.997,9.995,23.796,POTABLE,POTABLE,3520
7.597,12.344,379.131,5.0,25.242,MARGINAL,MARGINAL,3521
7.268,4.058,465.469,9.482,29.357,POTABLE,MARGINAL,3522
6.276,0.58,406.541,7.688,23.682,POTABLE,MARGINAL,3523
7.002,2.073,350.236,4.518,22.266,MARGINAL,MARGINAL,3524
6.351,0.0,547.458,10.226,19.17,POTABLE,MARGINAL,3525
5.665,70.941,680.874,1.37,23.315,NON_POTABLE,NON_POTABLE,3526
1.608,64.924,1103.109,1.497,28.844,NON_POTABLE,NON_POTABLE,3527
7.786,0.0,372.271,8.834,16.758,POTABLE,POTABLE,3528
9.524,10.553,459.435,6.628,22.857,MARGINAL,NON_POTABLE,3529
6.805,5.776,240.087,9.263,22.55,POTABLE,MARGINAL,3530
6.942,5.566,416.831,7.599,25.513,POTABLE,MARGINAL,3531
6.689,0.0,406.377,10.446,27.367,POTABLE,POTABLE,3532
10.193,80.767,643.687,2.387,31.019,NON_POTABLE,NON_POTABLE,3533
7.056,0.0,419.89,7.093,25.811,POTABLE,POTABLE,3534
7.398,2.674,150.593,6.307,26.684,POTABLE,MARGINAL,3535
7.133,6.775,463.882,4.371,29.864,MARGINAL,MARGINAL,3536
7.165,0.557,440.186,7.724,28.962,MARGINAL,POTABLE,3537
4.182,82.985,816.176,2.468,26.381,NON_POTABLE,NON_POTABLE,3538
0.904,100.0,436.979,2.331,28.353,NON_POTABLE,NON_POTABLE,3539
6.775,5.706,414.354,6.725,24.467,MARGINAL,MARGINAL,3540
4.669,48.896,749.612,2.586,31.91,NON_POTABLE,NON_POTABLE,3541
1.607,32.871,1005.66,2.216,20.144,NON_POTABLE,NON_POTABLE,3542
7.237,5.818,421.725,7.285,25.833,POTABLE,MARGINAL,3543
6.78,2.718,77.547,7.708,26.009,POTABLE,MARGINAL,3544
6.36,0.172,393.048,7.144,30.191,POTABLE,MARGINAL,3545
6.879,0.0,443.522,7.725,22.214,POTABLE,POTABLE,3546
5.447,1.137,286.738,11.443,24.556,POTABLE,NON_POTABLE,3547
11.151,100.0,701.584,4.347,31.235,NON_POTABLE,NON_POTABLE,3548
7.863,11.409,350.611,6.907,26.433,MARGINAL,MARGINAL,3549
8.058,0.713,622.018,3.298,25.522,MARGINAL,MARGINAL,3550
7.804,0.0,237.076,6.969,21.177,POTABLE,POTABLE,3551
9.192,23.004,952.637,0.0,23.803,NON_POTABLE,NON_POTABLE,3552
6.473,0.857,278.956,9.962,26.034,POTABLE,MARGINAL,3553
5.448,3.486,38.269,10.354,22.97,POTABLE,NON_POTABLE,3554
7.468,0.0,270.553,7.574,21.761,POTABLE,POTABLE,3555
7.052,8.836,641.554,5.215,24.638,MARGINAL,MARGINAL,3556
8.176,10.419,558.978,3.629,23.934,MARGINAL,MARGINAL,3557
6.328,7.138,697.563,5.536,22.86,MARGINAL,MARGINAL,3558
7.085,0.0,254.607,9.761,20.257,POTABLE,POTABLE,3559
7.39,8.352,463.266,7.095,28.167,MARGINAL,MARGINAL,3560
7.183,0.0,512.514,6.101,26.437,MARGINAL,MARGINAL,3561
8.865,7.924,341.65,6.599,27.157,MARGINAL,MARGINAL,3562
6.798,0.456,330.115,8.772,23.957,POTABLE,POTABLE,3563
6.853,5.368,378.424,8.907,20.601,POTABLE,MARGINAL,3564
5.782,0.0,141.339,8.271,27.925,POTABLE,MARGINAL,3565
7.334,0.583,353.174,6.774,27.861,POTABLE,POTABLE,3566
2.928,45.055,805.67,1.11,16.821,NON_POTABLE,NON_POTABLE,3567
6.965,2.527,276.904,7.014,28.45,POTABLE,MARGINAL,3568
7.492,13.878,541.052,5.49,32.11,MARGINAL,MARGINAL,3569
7.515,11.655,469.921,7.058,24.659,MARGINAL,MARGINAL,3570
0.0,83.197,572.053,0.648,32.198,NON_POTABLE,NON_POTABLE,3571
6.576,0.0,256.949,7.409,26.154,POTABLE,POTABLE,3572
7.212,2.199,311.454,7.135,18.796,POTABLE,MARGINAL,3573
7.388,1.108,261.633,8.438,20.357,POTABLE,MARGINAL,3574
7.185,0.0,727.633,5.585,25.149,MARGINAL,MARGINAL,3575
8.182,12.627,571.307,3.643,27.682,MARGINAL,MARGINAL,3576
9.022,8.679,794.24,4.203,33.713,MARGINAL,NON_POTABLE,3577
6.142,50.018,629.899,4.826,26.57,NON_POTABLE,NON_POTABLE,3578
9.522,43.031,553.649,0.0,19.863,NON_POTABLE,NON_POTABLE,3579
7.12,4.546,188.757,8.28,35.147,POTABLE,MARGINAL,3580
5.735,25.698,965.657,3.564,23.792,NON_POTABLE,MARGINAL,3581
7.933,3.903,553.791,7.923,28.205,MARGINAL,MARGINAL,3582
7.619,10.611,564.816,3.819,22.209,MARGINAL,MARGINAL,3583
7.7,0.318,391.986,8.906,22.458,POTABLE,POTABLE,3584
6.702,11.038,390.319,5.813,25.764,MARGINAL,MARGINAL,3585
7.869,48.734,1104.632,1.223,23.915,NON_POTABLE,NON_POTABLE,3586
7.105,0.0,330.154,8.229,23.505,POTABLE,POTABLE,3587
1.99,75.926,776.406,0.0,18.805,NON_POTABLE,NON_POTABLE,3588
6.138,1.875,369.156,8.917,23.021,POTABLE,MARGINAL,3589
7.349,5.147,357.154,9.927,23.991,POTABLE,MARGINAL,3590
6.607,1.501,479.955,8.493,21.248,POTABLE,MARGINAL,3591
6.651,14.079,448.504,4.153,19.952,MARGINAL,MARGINAL,3592
5.123,3.0,1172.45,1.636,32.153,NON_POTABLE,NON_POTABLE,3593
7.979,12.227,485.11,5.511,24.147,MARGINAL,MARGINAL,3594
7.395,1.64,363.579,8.264,22.633,POTABLE,MARGINAL,3595
7.038,0.0,203.999,8.031,26.184,POTABLE,POTABLE,3596
6.378,0.0,322.054,10.491,24.661,POTABLE,MARGINAL,3597
8.025,7.333,445.942,6.806,22.792,MARGINAL,MARGINAL,3598
6.905,0.0,287.679,10.582,26.248,POTABLE,POTABLE,3599
6.722,4.817,229.046,5.28,24.091,MARGINAL,MARGINAL,3600
6.304,0.0,377.317,8.953,21.129,POTABLE,MARGINAL,3601
7.15,2.987,235.921,10.22,23.559,POTABLE,MARGINAL,3602
10.094,27.874,1298.928,0.0,29.05,NON_POTABLE,NON_POTABLE,3603
8.83,69.498,771.817,3.784,25.613,NON_POTABLE,NON_POTABLE,3604
3.694,69.583,823.89,2.852,35.651,NON_POTABLE,NON_POTABLE,3605
8.577,15.608,558.969,4.7,28.045,MARGINAL,MARGINAL,3606
6.462,65.048,1201.863,1.549,31.922,NON_POTABLE,NON_POTABLE,3607
9.72,94.855,974.514,2.154,20.946,NON_POTABLE,NON_POTABLE,3608
7.433,11.485,451.936,5.87,27.37,MARGINAL,MARGINAL,3609
6.845,4.503,279.299,6.236,27.874,MARGINAL,MARGINAL,3610
7.711,0.0,249.877,9.322,21.806,POTABLE,POTABLE,3611
8.273,7.176,629.794,4.929,27.404,MARGINAL,MARGINAL,3612
0.15,23.991,984.576,2.737,32.393,NON_POTABLE,NON_POTABLE,3613
8.216,0.0,250.594,8.724,28.608,POTABLE,POTABLE,3614
9.782,17.06,617.749,4.604,25.509,MARGINAL,NON_POTABLE,3615
4.013,49.965,983.239,2.227,20.877,NON_POTABLE,NON_POTABLE,3616
7.568,11.471,589.739,4.146,29.691,MARGINAL,MARGINAL,3617
7.144,0.0,374.818,8.456,18.456,POTABLE,POTABLE,3618
6.332,1.948,324.336,8.049,23.959,POTABLE,MARGINAL,3619
7.111,0.33,340.526,8.513,30.213,POTABLE,POTABLE,3620
0.504,72.303,864.436,1.015,23.672,NON_POTABLE,NON_POTABLE,3621
7.873,8.501,297.317,9.482,28.879,POTABLE,MARGINAL,3622
4.163,52.949,1047.357,3.568,29.259,NON_POTABLE,NON_POTABLE,3623
6.073,6.817,562.717,6.329,34.021,MARGINAL,MARGINAL,3624
7.535,65.729,1102.103,3.025,26.465,NON_POTABLE,NON_POTABLE,3625
7.446,5.743,76.547,10.621,24.894,POTABLE,MARGINAL,3626
8.822,8.962,386.93,4.866,29.05,MARGINAL,MARGINAL,3627
7.035,12.488,374.668,8.054,22.243,MARGINAL,MARGINAL,3628
8.063,1.055,528.539,6.284,18.829,MARGINAL,MARGINAL,3629
2.384,53.089,908.363,3.085,30.596,NON_POTABLE,NON_POTABLE,3630
6.163,0.343,437.631,9.899,30.208,POTABLE,MARGINAL,3631
4.325,6.152,881.934,4.595,34.935,NON_POTABLE,NON_POTABLE,3632
5.93,48.592,579.058,0.0,28.463,NON_POTABLE,NON_POTABLE,3633
7.609,0.549,736.137,7.726,24.578,MARGINAL,MARGINAL,3634
7.37,3.896,292.67,7.942,25.345,POTABLE,MARGINAL,3635
6.866,15.996,383.775,3.998,31.211,MARGINAL,MARGINAL,3636
6.869,0.18,105.714,8.177,22.509,POTABLE,POTABLE,3637
7.848,0.0,306.679,9.574,24.783,POTABLE,POTABLE,3638
7.811,12.78,465.934,6.505,18.441,MARGINAL,MARGINAL,3639
7.407,0.0,262.264,9.657,22.408,POTABLE,POTABLE,3640
7.538,0.0,363.694,7.875,25.064,POTABLE,POTABLE,3641
7.253,3.929,388.33,6.617,29.226,POTABLE,MARGINAL,3642
8.243,2.152,281.559,8.654,20.613,POTABLE,MARGINAL,3643
6.974,2.401,185.919,6.732,27.699,POTABLE,MARGINAL,3644
6.886,2.021,231.787,7.165,28.283,POTABLE,MARGINAL,3645
7.11,2.7,484.894,6.163,29.968,MARGINAL,MARGINAL,3646
6.683,0.0,322.454,7.342,20.246,POTABLE,POTABLE,3647
6.778,46.062,992.253,0.771,32.902,NON_POTABLE,NON_POTABLE,3648
7.2,6.21,161.462,7.954,19.668,POTABLE,MARGINAL,3649
2.945,63.337,890.929,3.843,25.004,NON_POTABLE,NON_POTABLE,3650
7.039,8.241,452.779,8.739,19.789,POTABLE,MARGINAL,3651
2.993,58.18,1157.553,1.582,27.033,NON_POTABLE,NON_POTABLE,3652
7.329,5.452,406.554,5.174,28.641,MARGINAL,MARGINAL,3653
7.334,1.203,470.228,8.597,24.257,POTABLE,MARGINAL,3654
5.235,86.879,989.163,2.16,31.583,NON_POTABLE,NON_POTABLE,3655
6.342,3.949,213.833,7.247,22.946,POTABLE,MARGINAL,3656
7.746,4.682,349.225,7.952,25.444,POTABLE,MARGINAL,3657
7.656,0.0,174.341,12.196,17.963,POTABLE,POTABLE,3658
4.985,14.579,511.071,5.262,25.969,MARGINAL,NON_POTABLE,3659
6.942,0.0,480.581,7.705,20.586,POTABLE,POTABLE,3660
8.968,11.435,755.071,3.293,23.596,MARGINAL,MARGINAL,3661
7.542,0.0,309.238,8.373,26.567,POTABLE,POTABLE,3662
7.162,4.472,263.304,7.55,22.547,POTABLE,MARGINAL,3663
4.182,9.547,981.577,0.639,23.236,NON_POTABLE,NON_POTABLE,3664
6.046,21.531,328.777,5.682,28.38,MARGINAL,MARGINAL,3665
6.555,0.0,265.66,9.65,22.594,POTABLE,POTABLE,3666
7.163,2.272,304.55,9.238,26.764,POTABLE,MARGINAL,3667
7.811,18.231,1063.993,2.388,29.528,NON_POTABLE,NON_POTABLE,3668
7.283,1.025,317.161,10.65,21.411,POTABLE,MARGINAL,3669
7.955,5.617,380.487,5.161,32.726,MARGINAL,MARGINAL,3670
7.478,13.456,635.115,4.628,23.084,MARGINAL,MARGINAL,3671
7.699,0.0,609.178,6.332,18.672,MARGINAL,MARGINAL,3672
7.433,0.0,131.195,8.447,26.072,POTABLE,POTABLE,3673
8.074,12.86,566.333,6.564,27.236,MARGINAL,MARGINAL,3674
7.193,7.355,283.036,9.296,25.411,POTABLE,MARGINAL,3675
9.671,9.007,477.291,5.859,33.46,MARGINAL,NON_POTABLE,3676
8.233,7.649,618.415,7.063,19.989,MARGINAL,MARGINAL,3677
9.194,15.09,536.838,4.713,24.488,MARGINAL,NON_POTABLE,3678
6.504,0.0,250.854,9.967,25.986,POTABLE,POTABLE,3679
6.992,2.738,374.161,8.383,24.316,POTABLE,MARGINAL,3680
3.299,28.21,795.944,3.595,20.328,NON_POTABLE,NON_POTABLE,3681
7.036,0.0,356.753,8.256,23.733,POTABLE,POTABLE,3682
6.43,8.542,544.411,3.768,31.91,MARGINAL,MARGINAL,3683
6.699,0.0,588.062,7.21,29.862,MARGINAL,MARGINAL,3684
7.727,2.294,501.976,8.207,19.724,POTABLE,MARGINAL,3685
7.995,18.259,525.445,7.6,21.788,MARGINAL,MARGINAL,3686
1.348,42.065,1196.277,1.897,29.717,NON_POTABLE,NON_POTABLE,3687
7.364,2.603,420.697,9.528,25.351,POTABLE,MARGINAL,3688
6.566,7.271,403.967,8.234,19.735,MARGINAL,MARGINAL,3689
6.643,18.843,516.056,7.551,25.992,MARGINAL,MARGINAL,3690
6.783,5.928,708.379,4.937,27.759,MARGINAL,MARGINAL,3691
8.638,9.845,502.693,2.66,29.697,MARGINAL,MARGINAL,3692
6.265,4.602,245.163,10.179,21.731,POTABLE,MARGINAL,3693
6.71,6.416,680.28,0.206,23.729,NON_POTABLE,NON_POTABLE,3694
3.187,54.928,759.08,3.251,25.629,NON_POTABLE,NON_POTABLE,3695
6.861,2.643,369.169,8.341,19.954,POTABLE,MARGINAL,3696
0.0,55.625,973.405,2.204,34.231,NON_POTABLE,NON_POTABLE,3697
7.775,0.0,438.882,9.907,21.337,POTABLE,POTABLE,3698
6.468,0.802,286.033,8.437,22.315,POTABLE,MARGINAL,3699
6.505,11.981,304.29,8.279,25.021,MARGINAL,MARGINAL,3700
6.755,2.494,315.827,9.281,25.33,POTABLE,MARGINAL,3701
8.878,3.889,409.286,5.177,18.516,MARGINAL,MARGINAL,3702
5.766,56.609,697.327,1.889,26.742,NON_POTABLE,NON_POTABLE,3703
6.09,47.482,923.592,0.492,28.28,NON_POTABLE,NON_POTABLE,3704
8.518,8.199,699.65,4.94,27.901,MARGINAL,MARGINAL,3705
6.783,86.442,882.178,1.371,26.364,NON_POTABLE,NON_POTABLE,3706
7.749,4.833,275.738,9.421,23.298,POTABLE,MARGINAL,3707
7.59,0.265,89.623,8.696,22.937,POTABLE,POTABLE,3708
7.18,3.734,431.559,7.323,25.958,POTABLE,MARGINAL,3709
7.615,72.289,902.015,0.956,33.887,NON_POTABLE,NON_POTABLE,3710
6.905,3.938,804.806,7.597,25.78,MARGINAL,MARGINAL,3711
7.288,0.0,432.523,7.913,21.343,POTABLE,POTABLE,3712
9.272,11.182,287.687,4.71,23.61,MARGINAL,NON_POTABLE,3713
7.168,4.025,232.852,7.879,27.874,POTABLE,MARGINAL,3714
7.195,3.879,296.811,9.17,25.831,POTABLE,MARGINAL,3715
6.801,0.0,466.987,8.981,24.653,POTABLE,POTABLE,3716
6.627,77.112,822.92,0.918,28.988,NON_POTABLE,NON_POTABLE,3717
7.739,60.572,1315.562,2.945,25.064,NON_POTABLE,NON_POTABLE,3718
3.751,47.464,886.385,1.52,18.053,NON_POTABLE,NON_POTABLE,3719
7.444,4.318,273.96,10.925,28.808,POTABLE,MARGINAL,3720
6.735,2.025,209.98,6.122,23.485,POTABLE,MARGINAL,3721
6.919,0.0,365.879,6.475,17.428,POTABLE,MARGINAL,3722
7.011,0.0,353.053,8.929,20.38,POTABLE,POTABLE,3723
8.349,73.514,554.687,1.704,18.785,NON_POTABLE,NON_POTABLE,3724
7.256,18.55,476.88,5.987,24.706,MARGINAL,MARGINAL,3725
7.752,0.962,298.824,9.569,21.545,POTABLE,POTABLE,3726
6.797,2.377,271.835,8.647,31.043,POTABLE,MARGINAL,3727
1.321,30.173,884.519,0.359,22.662,NON_POTABLE,NON_POTABLE,3728
7.499,16.816,594.632,4.29,29.958,MARGINAL,MARGINAL,3729
6.88,1.615,511.189,4.782,20.473,MARGINAL,MARGINAL,3730
5.199,65.639,894.11,0.679,35.338,NON_POTABLE,NON_POTABLE,3731
7.218,1.806,466.56,6.83,23.36,POTABLE,MARGINAL,3732
8.954,3.047,734.004,7.219,30.078,MARGINAL,MARGINAL,3733
7.371,3.869,645.322,4.791,33.395,MARGINAL,MARGINAL,3734
7.387,0.038,279.521,10.344,26.426,POTABLE,POTABLE,3735
10.51,80.38,746.41,3.501,30.62,NON_POTABLE,NON_POTABLE,3736
7.041,5.876,503.56,6.816,29.449,MARGINAL,MARGINAL,3737
6.573,6.239,495.754,5.364,26.564,MARGINAL,MARGINAL,3738
6.942,1.029,79.123,6.939,19.099,POTABLE,MARGINAL,3739
7.619,3.949,325.846,8.527,26.504,POTABLE,MARGINAL,3740
2.411,82.719,755.65,0.119,30.086,NON_POTABLE,NON_POTABLE,3741
6.083,53.058,929.596,0.858,31.602,NON_POTABLE,NON_POTABLE,3742
7.81,1.374,233.445,8.188,22.099,POTABLE,MARGINAL,3743
8.308,3.766,405.212,7.731,26.793,POTABLE,MARGINAL,3744
7.686,1.3,166.247,7.934,28.681,POTABLE,MARGINAL,3745
8.032,0.435,492.152,4.192,24.19,MARGINAL,MARGINAL,3746
6.964,3.81,351.227,5.866,24.986,POTABLE,MARGINAL,3747
6.489,8.014,314.334,7.764,28.556,POTABLE,MARGINAL,3748
7.704,2.073,384.922,9.264,31.988,POTABLE,MARGINAL,3749
6.2,9.567,537.869,4.839,32.628,MARGINAL,MARGINAL,3750
6.073,69.654,965.226,0.383,35.501,NON_POTABLE,NON_POTABLE,3751
3.438,36.521,992.709,2.371,21.581,NON_POTABLE,NON_POTABLE,3752
7.904,3.723,422.117,5.991,19.944,MARGINAL,MARGINAL,3753
7.553,23.725,611.972,4.966,26.601,MARGINAL,MARGINAL,3754
6.95,10.397,568.048,6.634,31.564,MARGINAL,MARGINAL,3755
6.384,41.065,959.108,0.0,26.891,NON_POTABLE,NON_POTABLE,3756
8.289,5.695,439.043,3.875,18.696,MARGINAL,MARGINAL,3757
6.469,8.902,451.271,7.316,25.602,MARGINAL,MARGINAL,3758
7.918,12.046,390.028,5.007,20.914,MARGINAL,MARGINAL,3759
7.594,0.0,502.502,7.558,23.675,POTABLE,MARGINAL,3760
8.788,8.507,582.741,6.935,27.675,MARGINAL,MARGINAL,3761
5.629,0.0,235.862,9.387,21.413,POTABLE,MARGINAL,3762
7.387,2.542,262.393,8.946,25.475,POTABLE,MARGINAL,3763
7.234,0.0,397.408,6.687,29.778,POTABLE,POTABLE,3764
4.566,60.907,926.999,1.998,30.601,NON_POTABLE,NON_POTABLE,3765
6.75,0.0,384.95,4.933,26.103,MARGINAL,MARGINAL,3766
10.135,87.64,802.929,2.825,36.333,NON_POTABLE,NON_POTABLE,3767
7.661,77.902,600.628,2.859,26.217,NON_POTABLE,NON_POTABLE,3768
9.205,50.776,752.354,1.762,27.983,NON_POTABLE,NON_POTABLE,3769
4.124,65.777,573.696,0.346,28.265,NON_POTABLE,NON_POTABLE,3770
4.408,100.0,890.844,1.07,25.738,NON_POTABLE,NON_POTABLE,3771
4.376,10.608,861.752,4.055,40.77,NON_POTABLE,NON_POTABLE,3772
6.928,5.015,445.799,6.979,20.908,POTABLE,MARGINAL,3773
7.605,2.57,97.355,8.861,18.691,POTABLE,MARGINAL,3774
1.61,43.021,1137.284,2.744,26.511,NON_POTABLE,NON_POTABLE,3775
6.995,1.122,324.869,8.171,27.755,POTABLE,MARGINAL,3776
8.51,53.203,701.174,1.399,21.093,NON_POTABLE,NON_POTABLE,3777
8.249,6.619,585.61,5.876,28.827,MARGINAL,MARGINAL,3778
8.386,0.0,459.407,4.065,26.926,MARGINAL,MARGINAL,3779
7.611,2.706,323.972,8.073,22.388,POTABLE,MARGINAL,3780
6.014,2.051,543.45,4.858,26.127,MARGINAL,MARGINAL,3781
6.357,0.286,201.635,8.694,16.182,POTABLE,MARGINAL,3782
8.572,5.352,487.976,3.262,24.465,MARGINAL,MARGINAL,3783
6.511,0.0,339.586,9.296,25.464,POTABLE,POTABLE,3784
6.884,44.456,641.007,2.7,20.852,NON_POTABLE,NON_POTABLE,3785
8.6,56.626,926.272,1.896,20.602,NON_POTABLE,NON_POTABLE,3786
7.21,10.242,593.607,5.213,31.675,MARGINAL,MARGINAL,3787
5.907,28.348,657.354,1.569,36.49,NON_POTABLE,NON_POTABLE,3788
7.403,11.606,544.075,6.865,28.453,MARGINAL,MARGINAL,3789
7.098,14.414,636.007,4.485,22.883,MARGINAL,MARGINAL,3790
6.906,5.678,124.841,11.719,25.56,POTABLE,MARGINAL,3791
7.619,4.073,698.356,5.366,24.418,MARGINAL,MARGINAL,3792
7.117,74.804,914.876,2.147,26.487,NON_POTABLE,NON_POTABLE,3793
7.705,1.201,152.38,8.24,20.851,POTABLE,MARGINAL,3794
8.81,5.156,787.694,5.641,23.63,MARGINAL,MARGINAL,3795
6.408,0.0,560.978,6.827,27.39,POTABLE,MARGINAL,3796
1.941,44.874,822.212,1.165,32.302,NON_POTABLE,NON_POTABLE,3797
7.703,10.692,320.119,7.188,37.545,MARGINAL,MARGINAL,3798
5.562,54.632,806.449,0.93,25.877,NON_POTABLE,NON_POTABLE,3799
6.868,1.369,227.317,10.231,26.53,POTABLE,MARGINAL,3800
6.683,4.795,183.554,6.482,20.171,POTABLE,MARGINAL,3801
7.438,13.392,389.692,7.324,17.033,MARGINAL,MARGINAL,3802
8.279,12.464,500.595,4.935,33.289,MARGINAL,MARGINAL,3803
4.037,54.689,1165.507,2.916,45.309,NON_POTABLE,NON_POTABLE,3804
6.809,0.0,190.352,6.593,20.389,POTABLE,POTABLE,3805
6.443,7.949,477.28,7.948,20.925,POTABLE,MARGINAL,3806
3.934,57.409,963.374,2.512,31.087,NON_POTABLE,NON_POTABLE,3807
6.566,8.745,453.699,7.074,26.561,MARGINAL,MARGINAL,3808
6.932,6.143,649.293,3.879,24.562,MARGINAL,MARGINAL,3809
7.344,0.0,375.622,10.209,20.111,POTABLE,POTABLE,3810
8.808,52.187,692.974,0.967,28.332,NON_POTABLE,NON_POTABLE,3811
7.967,15.013,356.074,6.469,24.207,MARGINAL,MARGINAL,3812
8.426,5.809,353.16,5.156,27.747,MARGINAL,MARGINAL,3813
6.961,1.799,424.657,3.822,31.734,MARGINAL,MARGINAL,3814
6.425,0.0,152.942,10.217,27.241,POTABLE,MARGINAL,3815
7.146,0.092,384.435,6.025,21.317,POTABLE,MARGINAL,3816
7.368,0.0,412.156,8.701,23.909,POTABLE,POTABLE,3817
7.304,89.218,951.306,2.075,21.78,NON_POTABLE,NON_POTABLE,3818
3.905,43.098,881.625,1.907,22.357,NON_POTABLE,NON_POTABLE,3819
7.706,11.722,556.506,4.138,33.538,MARGINAL,MARGINAL,3820
6.875,0.0,57.295,7.842,22.186,POTABLE,POTABLE,3821
7.959,10.105,400.03,5.582,26.907,MARGINAL,MARGINAL,3822
3.761,69.715,1500.0,3.908,30.871,NON_POTABLE,NON_POTABLE,3823
8.146,0.591,455.66,9.393,27.01,POTABLE,POTABLE,3824
7.149,4.63,310.226,10.176,25.788,POTABLE,MARGINAL,3825
6.043,92.399,843.17,0.224,21.84,NON_POTABLE,NON_POTABLE,3826
8.233,3.113,323.733,9.245,25.285,POTABLE,MARGINAL,3827
6.882,0.0,312.034,9.521,26.812,POTABLE,POTABLE,3828
7.892,13.64,409.795,3.579,28.201,MARGINAL,MARGINAL,3829
3.533,82.084,827.082,3.21,23.889,NON_POTABLE,NON_POTABLE,3830
7.166,3.145,307.31,7.953,27.954,POTABLE,MARGINAL,3831
5.746,65.238,627.127,3.736,20.217,NON_POTABLE,NON_POTABLE,3832
8.063,13.629,407.531,4.143,24.85,MARGINAL,MARGINAL,3833
8.835,3.032,753.082,8.046,28.05,MARGINAL,MARGINAL,3834
0.814,48.791,641.717,2.441,34.744,NON_POTABLE,NON_POTABLE,3835
7.394,4.423,282.882,7.337,23.249,POTABLE,MARGINAL,3836
6.412,7.429,453.052,8.134,15.148,MARGINAL,MARGINAL,3837
7.503,0.0,383.315,8.365,24.885,POTABLE,POTABLE,3838
6.37,4.32,531.593,5.72,17.424,MARGINAL,MARGINAL,3839
7.21,16.496,344.242,4.637,33.021,MARGINAL,MARGINAL,3840
7.331,0.0,397.437,9.537,23.896,POTABLE,POTABLE,3841
6.109,7.416,408.751,6.431,28.263,MARGINAL,MARGINAL,3842
7.35,0.0,360.436,7.409,23.622,POTABLE,POTABLE,3843
6.812,0.0,467.033,10.63,26.348,POTABLE,POTABLE,3844
6.602,1.434,228.615,10.383,19.391,POTABLE,MARGINAL,3845
5.8,8.57,885.873,1.716,29.481,NON_POTABLE,NON_POTABLE,3846
6.821,1.182,445.638,4.674,30.93,MARGINAL,MARGINAL,3847
6.647,13.915,441.058,3.525,26.68,MARGINAL,MARGINAL,3848
5.705,77.388,672.232,1.175,30.594,NON_POTABLE,NON_POTABLE,3849
6.837,6.423,620.103,6.711,21.9,MARGINAL,MARGINAL,3850
6.991,2.432,436.062,10.307,23.357,POTABLE,MARGINAL,3851
6.915,0.0,403.004,7.111,22.03,POTABLE,POTABLE,3852
7.673,0.0,283.008,9.694,22.551,POTABLE,POTABLE,3853
7.78,5.976,563.029,5.129,22.211,MARGINAL,MARGINAL,3854
7.9,0.0,527.644,5.3,27.861,MARGINAL,MARGINAL,3855
7.008,1.01,158.503,9.161,23.601,POTABLE,MARGINAL,3856
7.297,6.521,793.902,6.945,29.225,MARGINAL,MARGINAL,3857
4.251,36.504,463.212,0.045,23.341,NON_POTABLE,NON_POTABLE,3858
5.443,5.8,501.984,5.519,27.796,MARGINAL,NON_POTABLE,3859
6.248,0.743,303.022,7.347,25.133,POTABLE,MARGINAL,3860
6.948,1.594,260.407,8.545,24.541,POTABLE,MARGINAL,3861
6.711,13.219,409.902,3.816,28.869,MARGINAL,MARGINAL,3862
7.198,3.088,689.739,5.62,33.197,MARGINAL,MARGINAL,3863
7.509,0.0,184.524,5.654,20.465,MARGINAL,MARGINAL,3864
7.142,16.064,701.591,5.706,24.35,MARGINAL,MARGINAL,3865
5.963,0.428,339.107,8.234,20.055,POTABLE,MARGINAL,3866
6.119,79.079,923.451,4.787,24.633,NON_POTABLE,NON_POTABLE,3867
7.323,53.331,893.255,2.406,32.775,NON_POTABLE,NON_POTABLE,3868
8.672,17.074,468.042,3.987,32.053,MARGINAL,MARGINAL,3869
7.779,14.816,546.989,3.375,18.197,MARGINAL,MARGINAL,3870
7.439,14.184,596.152,5.47,22.135,MARGINAL,MARGINAL,3871
6.79,0.0,367.447,7.592,19.62,POTABLE,POTABLE,3872
1.737,67.254,979.485,3.153,33.388,NON_POTABLE,NON_POTABLE,3873
7.972,13.558,416.608,6.981,19.478,MARGINAL,MARGINAL,3874
8.563,4.142,469.534,6.434,28.686,MARGINAL,MARGINAL,3875
8.2,20.387,387.178,5.905,24.846,MARGINAL,MARGINAL,3876
7.008,5.878,195.213,7.403,22.596,POTABLE,MARGINAL,3877
7.822,1.936,384.004,7.404,22.946,POTABLE,MARGINAL,3878
4.227,100.0,1271.155,3.67,14.381,NON_POTABLE,NON_POTABLE,3879
7.682,6.529,340.644,4.533,31.902,MARGINAL,MARGINAL,3880
6.532,0.0,254.646,9.956,23.205,POTABLE,POTABLE,3881
6.122,3.338,326.091,6.94,22.504,POTABLE,MARGINAL,3882
6.805,7.819,418.692,6.733,19.134,MARGINAL,MARGINAL,3883
6.72,2.972,537.226,9.356,21.016,POTABLE,MARGINAL,3884
8.243,6.639,580.279,5.297,27.728,MARGINAL,MARGINAL,3885
8.761,9.731,428.451,6.251,29.816,MARGINAL,MARGINAL,3886
7.367,15.074,494.51,4.271,32.273,MARGINAL,MARGINAL,3887
7.027,8.825,499.353,3.794,23.677,MARGINAL,MARGINAL,3888
6.783,3.935,489.999,8.667,23.34,POTABLE,MARGINAL,3889
3.414,94.456,851.66,2.553,26.808,NON_POTABLE,NON_POTABLE,3890
5.261,95.6,865.459,0.873,35.34,NON_POTABLE,NON_POTABLE,3891
8.397,3.196,591.31,7.408,27.636,MARGINAL,MARGINAL,3892
8.894,17.627,555.694,5.753,19.463,MARGINAL,MARGINAL,3893
7.695,7.557,301.198,3.634,23.74,MARGINAL,MARGINAL,3894
6.964,0.0,671.769,4.868,32.551,MARGINAL,MARGINAL,3895
7.556,1.104,106.029,9.272,28.148,POTABLE,MARGINAL,3896
6.988,4.375,538.447,9.985,28.113,POTABLE,MARGINAL,3897
6.806,0.562,322.031,6.512,24.137,POTABLE,POTABLE,3898
5.908,62.599,685.278,3.992,44.556,NON_POTABLE,NON_POTABLE,3899
4.017,59.099,848.875,1.611,23.851,NON_POTABLE,NON_POTABLE,3900
4.837,48.244,928.979,0.965,29.951,NON_POTABLE,NON_POTABLE,3901
7.109,0.0,215.981,6.144,26.299,POTABLE,MARGINAL,3902
6.91,13.557,323.629,8.12,25.156,MARGINAL,MARGINAL,3903
2.788,29.956,1183.211,4.476,26.513,NON_POTABLE,NON_POTABLE,3904
5.966,14.122,760.115,5.85,34.388,MARGINAL,MARGINAL,3905
7.25,0.0,223.048,9.742,24.765,POTABLE,POTABLE,3906
3.466,68.559,1175.23,2.143,23.348,NON_POTABLE,NON_POTABLE,3907
7.941,0.246,501.102,7.157,19.64,POTABLE,MARGINAL,3908
7.414,2.985,362.521,9.764,24.13,POTABLE,MARGINAL,3909
6.643,39.749,1108.849,0.187,28.478,NON_POTABLE,NON_POTABLE,3910
8.536,3.926,515.458,6.27,27.382,MARGINAL,MARGINAL,3911
6.631,0.0,364.248,9.91,14.773,POTABLE,POTABLE,3912
0.725,68.853,623.103,2.187,37.592,NON_POTABLE,NON_POTABLE,3913
6.301,5.99,670.226,6.033,30.556,MARGINAL,MARGINAL,3914
5.767,43.015,1500.0,2.584,23.41,NON_POTABLE,NON_POTABLE,3915
7.839,0.667,301.36,7.992,25.696,POTABLE,POTABLE,3916
0.388,63.718,502.452,3.047,28.962,NON_POTABLE,NON_POTABLE,3917
8.277,19.256,700.453,4.305,25.923,MARGINAL,MARGINAL,3918
7.089,3.24,167.149,8.046,20.128,POTABLE,MARGINAL,3919
7.023,15.502,414.171,6.241,29.64,MARGINAL,MARGINAL,3920
8.07,6.453,153.383,9.008,19.76,POTABLE,MARGINAL,3921
7.116,63.488,1102.871,2.983,33.833,NON_POTABLE,NON_POTABLE,3922
8.019,17.295,318.531,3.094,29.522,MARGINAL,MARGINAL,3923
5.896,55.161,742.401,3.723,31.566,NON_POTABLE,NON_POTABLE,3924
7.557,2.118,164.038,9.417,20.934,POTABLE,MARGINAL,3925
6.8,1.768,356.334,9.301,25.845,POTABLE,MARGINAL,3926
3.145,89.764,1111.694,3.82,23.987,NON_POTABLE,NON_POTABLE,3927
7.255,0.0,288.481,9.423,24.506,POTABLE,POTABLE,3928
8.457,88.682,1105.704,0.538,29.412,NON_POTABLE,NON_POTABLE,3929
6.975,0.0,200.381,7.964,23.077,POTABLE,POTABLE,3930
6.662,5.737,512.508,6.279,26.921,MARGINAL,MARGINAL,3931
7.768,1.897,646.426,6.06,23.037,MARGINAL,MARGINAL,3932
9.503,56.773,1036.877,0.597,30.924,NON_POTABLE,NON_POTABLE,3933
5.768,14.437,471.879,3.935,26.057,MARGINAL,MARGINAL,3934
7.702,9.204,800.086,6.627,34.566,MARGINAL,MARGINAL,3935
5.515,92.729,522.352,1.712,25.925,NON_POTABLE,NON_POTABLE,3936
7.239,2.146,322.126,10.095,28.277,POTABLE,MARGINAL,3937
6.502,2.125,150.909,9.609,22.246,POTABLE,MARGINAL,3938
7.87,11.051,637.753,5.805,24.079,MARGINAL,MARGINAL,3939
8.25,1.93,579.538,2.983,24.897,MARGINAL,MARGINAL,3940
7.003,0.0,410.36,8.549,26.325,POTABLE,POTABLE,3941
6.906,2.166,390.515,9.379,24.363,POTABLE,MARGINAL,3942
5.234,28.008,1326.124,0.366,23.947,NON_POTABLE,NON_POTABLE,3943
7.148,3.981,448.643,6.499,23.572,POTABLE,MARGINAL,3944
5.017,14.405,498.636,5.176,25.397,MARGINAL,NON_POTABLE,3945
6.943,3.935,253.043,6.069,21.886,POTABLE,MARGINAL,3946
7.652,1.925,233.034,8.904,31.447,POTABLE,MARGINAL,3947
6.932,0.0,414.397,10.853,26.353,POTABLE,POTABLE,3948
7.079,0.0,261.132,8.289,23.698,POTABLE,POTABLE,3949
7.418,9.322,550.931,6.061,19.811,MARGINAL,MARGINAL,3950
4.59,41.203,1191.622,0.37,27.157,NON_POTABLE,NON_POTABLE,3951
0.916,60.692,1263.129,2.876,24.649,NON_POTABLE,NON_POTABLE,3952
7.632,0.45,472.797,10.208,19.761,POTABLE,POTABLE,3953
5.772,11.669,473.824,5.97,28.748,MARGINAL,MARGINAL,3954
7.158,0.0,330.366,8.895,28.735,POTABLE,POTABLE,3955
4.757,85.838,913.041,0.007,20.727,NON_POTABLE,NON_POTABLE,3956
6.794,51.685,704.299,2.084,30.393,NON_POTABLE,NON_POTABLE,3957
7.647,12.242,415.655,5.372,32.698,MARGINAL,MARGINAL,3958
7.167,0.91,133.378,6.991,27.748,POTABLE,POTABLE,3959
8.883,59.036,931.427,4.178,27.365,NON_POTABLE,NON_POTABLE,3960
9.522,26.702,813.418,0.0,28.068,NON_POTABLE,NON_POTABLE,3961
7.339,18.055,419.007,3.678,27.851,MARGINAL,MARGINAL,3962
5.54,100.0,932.827,0.829,20.077,NON_POTABLE,NON_POTABLE,3963
5.342,60.414,932.869,3.713,29.509,NON_POTABLE,NON_POTABLE,3964
7.432,5.133,405.479,6.215,25.984,MARGINAL,MARGINAL,3965
6.642,2.764,460.647,5.955,19.356,MARGINAL,MARGINAL,3966
3.779,43.494,1005.517,2.895,32.612,NON_POTABLE,NON_POTABLE,3967
7.752,2.929,405.477,6.051,25.848,MARGINAL,MARGINAL,3968
6.608,3.116,289.368,9.751,25.07,POTABLE,MARGINAL,3969
6.669,0.0,369.36,9.12,27.43,POTABLE,POTABLE,3970
7.006,15.993,464.991,3.717,26.115,MARGINAL,MARGINAL,3971
7.593,5.944,233.565,6.553,25.227,MARGINAL,MARGINAL,3972
8.306,4.895,506.673,6.897,24.759,MARGINAL,MARGINAL,3973
7.521,0.0,403.174,10.181,20.66,POTABLE,POTABLE,3974
7.003,82.006,1385.926,1.607,29.306,NON_POTABLE,NON_POTABLE,3975
6.624,0.0,339.345,7.382,23.601,POTABLE,POTABLE,3976
5.944,6.247,401.411,8.194,23.982,POTABLE,MARGINAL,3977
6.945,3.072,574.356,2.204,23.513,MARGINAL,NON_POTABLE,3978
3.871,76.532,769.598,0.605,33.464,NON_POTABLE,NON_POTABLE,3979
7.716,8.097,427.139,4.877,32.216,MARGINAL,MARGINAL,3980
7.167,2.882,298.443,8.682,26.234,POTABLE,MARGINAL,3981
1.341,72.717,837.986,3.774,32.874,NON_POTABLE,NON_POTABLE,3982
7.653,9.179,703.173,6.032,16.713,MARGINAL,MARGINAL,3983
5.37,72.979,1003.25,3.906,25.772,NON_POTABLE,NON_POTABLE,3984
7.895,18.038,395.987,5.178,32.181,MARGINAL,MARGINAL,3985
8.497,16.085,540.106,7.925,25.266,MARGINAL,MARGINAL,3986
7.298,8.309,748.598,6.302,31.437,MARGINAL,MARGINAL,3987
6.413,0.0,193.556,8.124,23.504,POTABLE,MARGINAL,3988
7.088,0.0,540.026,6.18,25.213,POTABLE,MARGINAL,3989
7.276,1.816,428.687,8.929,21.907,POTABLE,MARGINAL,3990
7.463,3.98,348.7,8.326,32.075,POTABLE,MARGINAL,3991
7.838,9.086,394.632,5.813,21.938,MARGINAL,MARGINAL,3992
0.079,27.681,623.127,4.138,30.414,NON_POTABLE,NON_POTABLE,3993
6.868,5.137,36.975,8.955,24.207,POTABLE,MARGINAL,3994
7.568,1.766,462.494,5.248,26.856,MARGINAL,MARGINAL,3995
7.116,2.122,700.847,6.461,28.456,MARGINAL,MARGINAL,3996
7.113,0.796,321.598,8.338,24.476,POTABLE,POTABLE,3997
7.914,9.015,496.808,3.968,27.758,MARGINAL,MARGINAL,3998
5.232,45.312,779.171,1.624,19.461,NON_POTABLE,NON_POTABLE,3999
7.166,1.338,317.45,8.818,21.804,POTABLE,MARGINAL,4000
6.846,0.0,395.405,7.651,24.747,POTABLE,POTABLE,4001
8.057,14.74,352.462,5.904,30.964,MARGINAL,MARGINAL,4002
7.145,8.264,449.306,6.707,27.079,MARGINAL,MARGINAL,4003
7.268,0.548,326.545,9.078,22.012,POTABLE,POTABLE,4004
6.555,4.645,350.939,9.58,23.241,POTABLE,MARGINAL,4005
8.779,4.052,411.751,5.826,26.785,MARGINAL,MARGINAL,4006
6.828,0.096,432.366,9.034,27.404,POTABLE,POTABLE,4007
7.534,1.417,573.377,3.966,27.775,MARGINAL,MARGINAL,4008
7.483,15.154,298.798,4.101,27.078,MARGINAL,MARGINAL,4009
6.887,0.0,249.048,12.203,33.061,POTABLE,POTABLE,4010
7.373,15.808,449.357,6.268,25.617,MARGINAL,MARGINAL,4011
6.898,5.141,460.037,8.326,23.004,POTABLE,MARGINAL,4012
5.089,94.066,1101.591,2.625,26.244,NON_POTABLE,NON_POTABLE,4013
7.335,7.469,489.331,5.267,21.603,MARGINAL,MARGINAL,4014
6.932,12.748,461.319,7.94,28.042,MARGINAL,MARGINAL,4015
7.668,8.411,335.683,4.083,25.32,MARGINAL,MARGINAL,4016
7.208,0.82,418.702,7.644,27.83,POTABLE,POTABLE,4017
5.9,70.725,869.008,4.895,28.183,NON_POTABLE,NON_POTABLE,4018
7.148,3.983,251.236,8.154,29.436,POTABLE,MARGINAL,4019
9.842,32.73,708.253,3.866,28.987,NON_POTABLE,NON_POTABLE,4020
8.332,14.697,420.808,2.968,35.524,MARGINAL,MARGINAL,4021
7.847,12.859,464.369,5.852,25.834,MARGINAL,MARGINAL,4022
6.763,12.68,568.923,3.4,22.008,MARGINAL,MARGINAL,4023
7.259,0.448,749.42,4.362,26.291,MARGINAL,MARGINAL,4024
6.482,9.871,268.361,8.412,25.475,POTABLE,MARGINAL,4025
6.072,0.243,280.149,11.062,22.791,POTABLE,MARGINAL,4026
1.215,42.45,459.867,1.327,28.047,NON_POTABLE,NON_POTABLE,4027
7.362,22.752,928.183,3.529,30.157,NON_POTABLE,MARGINAL,4028
8.531,1.228,366.31,4.578,23.0,MARGINAL,MARGINAL,4029
7.873,0.0,271.334,7.894,30.259,POTABLE,POTABLE,4030
8.206,8.721,404.437,7.101,23.276,MARGINAL,MARGINAL,4031
7.423,1.702,21.281,7.558,21.527,POTABLE,MARGINAL,4032
10.105,69.355,1019.219,1.425,22.222,NON_POTABLE,NON_POTABLE,4033
6.986,3.756,473.896,7.395,25.664,POTABLE,MARGINAL,4034
5.946,8.825,399.312,5.652,27.455,MARGINAL,MARGINAL,4035
7.34,3.691,272.791,9.359,24.275,POTABLE,MARGINAL,4036
7.221,5.225,337.473,7.662,22.61,POTABLE,MARGINAL,4037
6.436,0.0,381.219,8.201,22.759,POTABLE,MARGINAL,4038
8.285,5.205,545.932,6.213,27.894,MARGINAL,MARGINAL,4039
6.644,0.0,258.372,9.465,19.324,POTABLE,POTABLE,4040
7.297,11.452,668.324,5.553,29.178,MARGINAL,MARGINAL,4041
7.213,0.59,270.683,8.631,20.681,POTABLE,POTABLE,4042
7.097,0.0,301.36,8.107,21.955,POTABLE,POTABLE,4043
8.326,2.846,675.413,4.326,27.479,MARGINAL,MARGINAL,4044
6.126,0.374,263.241,7.312,22.812,POTABLE,MARGINAL,4045
6.924,0.0,534.073,8.326,24.628,POTABLE,MARGINAL,4046
7.15,1.143,318.155,8.157,21.628,POTABLE,MARGINAL,4047
3.784,83.111,574.146,2.602,22.658,NON_POTABLE,NON_POTABLE,4048
6.066,3.048,303.638,9.39,19.154,POTABLE,MARGINAL,4049
4.337,75.795,1132.356,0.868,27.287,NON_POTABLE,NON_POTABLE,4050
6.963,10.417,703.552,5.843,27.516,MARGINAL,MARGINAL,4051
8.176,0.864,453.508,5.715,19.878,MARGINAL,MARGINAL,4052
7.693,6.699,396.671,11.009,19.346,POTABLE,MARGINAL,4053
7.844,1.339,463.041,8.592,18.761,POTABLE,MARGINAL,4054
6.971,5.389,456.314,7.435,25.808,POTABLE,MARGINAL,4055
6.516,0.0,292.299,7.409,21.368,POTABLE,POTABLE,4056
7.111,0.0,524.683,8.356,22.841,MARGINAL,MARGINAL,4057
4.688,22.163,737.296,1.306,19.351,NON_POTABLE,NON_POTABLE,4058
8.037,4.177,403.133,7.451,21.02,POTABLE,MARGINAL,4059
7.529,8.029,265.211,7.445,25.992,MARGINAL,MARGINAL,4060
4.425,76.875,1079.371,2.458,31.024,NON_POTABLE,NON_POTABLE,4061
6.708,0.314,418.459,6.836,27.599,POTABLE,POTABLE,4062
6.859,0.741,302.18,7.418,23.531,POTABLE,POTABLE,4063
6.724,3.399,184.918,7.633,29.904,POTABLE,MARGINAL,4064
1.791,40.598,860.271,0.218,30.071,NON_POTABLE,NON_POTABLE,4065
6.569,43.172,508.886,0.594,21.138,NON_POTABLE,NON_POTABLE,4066
14.0,87.082,1179.558,2.142,28.219,NON_POTABLE,NON_POTABLE,4067
6.557,0.0,538.001,9.897,19.774,POTABLE,MARGINAL,4068
7.585,0.0,311.507,8.179,26.683,POTABLE,POTABLE,4069
0.162,5.09,861.555,2.213,20.316,NON_POTABLE,NON_POTABLE,4070
6.601,0.0,264.18,8.752,28.294,POTABLE,POTABLE,4071
7.416,0.357,460.601,5.612,29.331,MARGINAL,MARGINAL,4072
7.829,11.079,442.925,7.307,29.134,MARGINAL,MARGINAL,4073
6.97,7.765,675.829,6.604,29.304,MARGINAL,MARGINAL,4074
7.969,85.712,1158.069,3.274,39.148,NON_POTABLE,NON_POTABLE,4075
3.79,57.409,773.521,2.509,29.296,NON_POTABLE,NON_POTABLE,4076
8.342,46.747,734.526,1.288,38.374,NON_POTABLE,NON_POTABLE,4077
6.145,73.055,990.807,5.882,19.22,NON_POTABLE,NON_POTABLE,4078
7.074,0.0,276.641,7.459,21.535,POTABLE,POTABLE,4079
4.313,99.024,723.77,4.746,37.837,NON_POTABLE,NON_POTABLE,4080
5.551,67.955,987.057,0.488,29.758,NON_POTABLE,NON_POTABLE,4081
5.1,100.0,910.04,4.129,30.036,NON_POTABLE,NON_POTABLE,4082
7.082,0.0,233.591,9.681,24.917,POTABLE,POTABLE,4083
6.615,5.043,650.107,5.942,24.961,MARGINAL,MARGINAL,4084
4.117,62.038,1051.802,1.651,18.118,NON_POTABLE,NON_POTABLE,4085
5.735,78.89,1099.822,2.802,25.296,NON_POTABLE,NON_POTABLE,4086
8.142,1.006,363.555,8.978,27.479,POTABLE,MARGINAL,4087
9.426,5.843,671.736,6.633,19.399,MARGINAL,NON_POTABLE,4088
3.226,60.632,1340.709,0.228,16.568,NON_POTABLE,NON_POTABLE,4089
6.531,12.842,785.335,5.127,26.605,MARGINAL,MARGINAL,4090
8.879,0.0,488.397,3.354,26.096,MARGINAL,MARGINAL,4091
6.18,0.0,394.225,7.033,24.047,POTABLE,MARGINAL,4092
8.694,10.397,333.785,5.11,22.912,MARGINAL,MARGINAL,4093
6.443,1.202,444.666,7.267,24.819,POTABLE,MARGINAL,4094
7.448,12.872,575.802,7.691,25.048,MARGINAL,MARGINAL,4095
8.945,6.035,469.036,6.732,30.341,MARGINAL,MARGINAL,4096
7.279,14.982,492.814,4.711,27.946,MARGINAL,MARGINAL,4097
9.049,68.632,749.376,2.621,23.892,NON_POTABLE,NON_POTABLE,4098
7.199,0.0,447.352,9.055,22.066,POTABLE,POTABLE,4099
7.482,60.816,781.877,1.136,29.065,NON_POTABLE,NON_POTABLE,4100
8.112,6.134,651.182,4.171,26.389,MARGINAL,MARGINAL,4101
7.414,17.768,421.827,6.052,26.542,MARGINAL,MARGINAL,4102
7.893,0.0,313.942,8.086,24.389,POTABLE,POTABLE,4103
8.124,0.0,319.863,8.636,26.44,POTABLE,POTABLE,4104
7.808,13.325,466.328,4.915,19.747,MARGINAL,MARGINAL,4105
9.152,5.799,446.962,6.644,21.13,MARGINAL,NON_POTABLE,4106
7.343,16.724,387.3,3.082,29.236,MARGINAL,MARGINAL,4107
6.512,0.0,188.983,7.894,29.57,POTABLE,POTABLE,4108
3.822,100.0,595.684,1.763,30.725,NON_POTABLE,NON_POTABLE,4109
6.644,9.075,582.339,4.721,30.591,MARGINAL,MARGINAL,4110
7.118,0.0,638.738,5.654,29.167,MARGINAL,MARGINAL,4111
6.377,8.289,440.084,4.557,21.785,MARGINAL,MARGINAL,4112
8.052,6.939,568.841,4.364,29.119,MARGINAL,MARGINAL,4113
6.322,0.0,180.438,8.346,27.687,POTABLE,MARGINAL,4114
7.116,9.058,663.206,4.186,33.212,MARGINAL,MARGINAL,4115
7.245,5.243,483.379,2.407,35.347,NON_POTABLE,NON_POTABLE,4116
7.277,0.0,273.319,7.846,23.648,POTABLE,POTABLE,4117
5.227,65.494,956.339,1.539,25.622,NON_POTABLE,NON_POTABLE,4118
6.829,12.221,646.051,5.553,28.885,MARGINAL,MARGINAL,4119
7.552,7.294,298.894,7.527,19.482,MARGINAL,MARGINAL,4120
8.571,14.463,256.83,5.957,27.146,MARGINAL,MARGINAL,4121
6.977,0.0,224.624,11.429,23.111,POTABLE,POTABLE,4122
6.946,1.241,347.987,7.537,27.791,POTABLE,MARGINAL,4123
7.223,0.0,266.163,8.919,22.544,POTABLE,POTABLE,4124
8.36,6.065,619.056,5.602,29.557,MARGINAL,MARGINAL,4125
6.332,46.44,938.94,1.71,27.179,NON_POTABLE,NON_POTABLE,4126
8.174,12.954,655.429,6.564,29.356,MARGINAL,MARGINAL,4127
9.329,67.283,822.029,2.891,26.843,NON_POTABLE,NON_POTABLE,4128
7.414,14.328,597.109,5.16,26.021,MARGINAL,MARGINAL,4129
6.717,0.141,457.345,8.124,18.422,POTABLE,POTABLE,4130
6.488,10.66,625.016,3.794,27.661,MARGINAL,MARGINAL,4131
6.356,0.0,142.384,9.363,22.299,POTABLE,MARGINAL,4132
6.521,0.0,427.317,10.126,23.953,POTABLE,POTABLE,4133
6.745,1.648,599.75,4.634,26.932,MARGINAL,MARGINAL,4134
11.289,48.029,743.654,4.112,25.705,NON_POTABLE,NON_POTABLE,4135
2.26,12.805,585.503,1.476,31.908,NON_POTABLE,NON_POTABLE,4136
8.368,15.037,558.412,4.038,27.268,MARGINAL,MARGINAL,4137
5.89,57.513,600.689,1.646,25.005,NON_POTABLE,NON_POTABLE,4138
6.099,14.232,396.718,6.957,28.849,MARGINAL,MARGINAL,4139
7.003,4.96,163.694,8.248,24.086,POTABLE,MARGINAL,4140
7.828,4.611,339.262,7.951,28.059,POTABLE,MARGINAL,4141
2.414,64.916,555.105,2.873,19.173,NON_POTABLE,NON_POTABLE,4142
7.288,10.837,476.36,4.343,21.936,MARGINAL,MARGINAL,4143
6.968,0.563,451.846,6.559,24.228,POTABLE,POTABLE,4144
8.886,14.559,961.222,3.804,30.874,NON_POTABLE,MARGINAL,4145
7.298,16.972,420.285,5.954,32.059,MARGINAL,MARGINAL,4146
7.672,3.583,279.841,6.056,27.017,MARGINAL,MARGINAL,4147
3.16,40.591,1121.631,2.967,23.221,NON_POTABLE,NON_POTABLE,4148
0.0,74.502,831.021,1.063,30.381,NON_POTABLE,NON_POTABLE,4149
7.753,2.086,678.352,3.76,30.829,MARGINAL,MARGINAL,4150
7.917,4.85,585.531,5.228,20.873,MARGINAL,MARGINAL,4151
6.692,8.637,544.616,5.729,26.693,MARGINAL,MARGINAL,4152
7.798,2.412,247.37,7.709,25.04,POTABLE,MARGINAL,4153
7.573,1.116,401.354,7.454,27.817,POTABLE,MARGINAL,4154
7.208,14.979,573.577,5.777,33.935,MARGINAL,MARGINAL,4155
6.794,0.0,509.93,5.967,33.138,MARGINAL,MARGINAL,4156
7.039,4.672,643.791,5.203,20.258,MARGINAL,MARGINAL,4157
7.512,0.0,544.582,8.815,24.033,POTABLE,MARGINAL,4158
6.828,11.008,569.401,5.29,19.969,MARGINAL,MARGINAL,4159
6.758,0.0,454.464,8.596,27.976,POTABLE,POTABLE,4160
6.121,9.189,461.314,5.848,19.906,MARGINAL,MARGINAL,4161
7.69,9.044,419.35,5.299,24.763,MARGINAL,MARGINAL,4162
7.299,0.0,58.992,8.658,15.857,POTABLE,POTABLE,4163
7.071,0.0,178.713,7.632,18.725,POTABLE,POTABLE,4164
6.445,0.0,220.803,8.372,24.789,POTABLE,MARGINAL,4165
6.646,0.916,123.187,9.197,15.949,POTABLE,POTABLE,4166
7.155,14.277,436.034,7.559,27.668,MARGINAL,MARGINAL,4167
7.063,4.291,438.722,8.842,21.213,POTABLE,MARGINAL,4168
7.688,7.908,438.996,5.206,29.023,MARGINAL,MARGINAL,4169
1.447,21.666,733.628,1.863,25.761,NON_POTABLE,NON_POTABLE,4170
7.447,0.991,304.414,9.175,24.899,POTABLE,POTABLE,4171
6.736,9.548,372.494,3.924,25.448,MARGINAL,MARGINAL,4172
5.642,12.636,659.491,1.053,31.138,NON_POTABLE,NON_POTABLE,4173
6.676,8.709,436.977,7.125,25.092,MARGINAL,MARGINAL,4174
6.288,2.923,485.972,6.862,24.23,MARGINAL,MARGINAL,4175
7.268,0.0,243.208,7.137,26.633,POTABLE,POTABLE,4176
3.446,16.613,465.208,2.62,27.81,NON_POTABLE,NON_POTABLE,4177
7.496,2.235,531.39,7.017,21.874,MARGINAL,MARGINAL,4178
6.911,3.403,207.662,9.605,25.373,POTABLE,MARGINAL,4179
8.05,5.24,638.896,5.542,31.603,MARGINAL,MARGINAL,4180
8.025,8.03,299.376,7.378,26.468,MARGINAL,MARGINAL,4181
6.785,3.141,301.224,7.525,26.886,POTABLE,MARGINAL,4182
7.784,14.211,488.518,7.67,29.748,MARGINAL,MARGINAL,4183
6.045,31.396,623.048,0.163,25.219,NON_POTABLE,NON_POTABLE,4184
7.406,1.816,268.305,5.9,31.868,MARGINAL,MARGINAL,4185
6.665,0.97,386.629,8.369,26.549,POTABLE,POTABLE,4186
6.767,0.032,176.997,8.968,26.66,POTABLE,POTABLE,4187
8.726,6.014,498.297,6.296,31.783,MARGINAL,MARGINAL,4188
8.172,0.0,300.742,6.886,22.892,MARGINAL,POTABLE,4189
5.974,11.089,499.082,5.801,32.211,MARGINAL,MARGINAL,4190
7.072,0.0,300.398,9.402,24.25,POTABLE,POTABLE,4191
5.616,58.504,1091.589,2.111,21.429,NON_POTABLE,NON_POTABLE,4192
6.577,3.983,798.983,4.124,26.623,MARGINAL,MARGINAL,4193
7.061,3.771,311.521,7.624,24.708,POTABLE,MARGINAL,4194
6.524,1.518,652.945,4.207,23.455,MARGINAL,MARGINAL,4195
7.519,0.6,279.418,9.39,21.576,POTABLE,POTABLE,4196
3.208,74.564,600.508,1.31,28.706,NON_POTABLE,NON_POTABLE,4197
7.022,1.672,289.182,12.202,24.89,POTABLE,MARGINAL,4198
8.125,11.103,745.659,3.718,36.484,NON_POTABLE,MARGINAL,4199
6.653,74.651,663.018,3.566,33.755,NON_POTABLE,NON_POTABLE,4200
7.88,9.769,631.932,6.564,18.89,MARGINAL,MARGINAL,4201
7.88,16.895,675.43,8.635,27.117,MARGINAL,MARGINAL,4202
8.27,14.015,496.229,7.952,22.19,MARGINAL,MARGINAL,4203
0.259,63.117,1329.531,1.435,35.874,NON_POTABLE,NON_POTABLE,4204
8.05,7.859,400.638,7.215,23.952,MARGINAL,MARGINAL,4205
7.453,4.851,558.895,4.673,30.134,MARGINAL,MARGINAL,4206
6.983,0.0,162.173,9.829,24.799,POTABLE,POTABLE,4207
6.702,0.464,294.365,8.902,15.189,POTABLE,POTABLE,4208
1.771,53.297,1271.027,1.862,37.894,NON_POTABLE,NON_POTABLE,4209
7.544,52.018,1178.447,0.967,21.372,NON_POTABLE,NON_POTABLE,4210
2.567,24.658,773.611,3.849,30.066,NON_POTABLE,NON_POTABLE,4211
7.55,0.0,354.303,6.802,23.745,POTABLE,POTABLE,4212
6.311,0.0,226.512,9.832,23.887,POTABLE,MARGINAL,4213
7.87,9.717,472.509,7.086,29.637,MARGINAL,MARGINAL,4214
8.767,5.088,486.75,6.763,23.976,MARGINAL,MARGINAL,4215
7.184,55.657,683.306,0.951,29.386,NON_POTABLE,NON_POTABLE,4216
8.194,8.395,624.475,5.85,25.363,MARGINAL,MARGINAL,4217
7.014,1.883,479.382,8.376,25.737,POTABLE,MARGINAL,4218
1.397,59.19,967.08,3.659,24.356,NON_POTABLE,NON_POTABLE,4219
8.385,92.907,1132.414,1.465,25.817,NON_POTABLE,NON_POTABLE,4220
6.575,5.892,390.85,4.224,18.925,MARGINAL,MARGINAL,4221
6.84,0.0,463.38,6.869,22.726,POTABLE,POTABLE,4222
7.293,4.526,194.304,8.225,27.378,POTABLE,MARGINAL,4223
6.587,0.0,461.678,7.97,22.605,POTABLE,POTABLE,4224
8.077,1.257,339.179,4.405,25.888,MARGINAL,MARGINAL,4225
6.27,11.617,446.739,4.796,24.742,MARGINAL,MARGINAL,4226
6.707,7.919,437.761,7.198,20.691,MARGINAL,MARGINAL,4227
6.838,0.0,361.479,7.644,27.474,POTABLE,POTABLE,4228
6.76,0.0,249.262,6.572,28.604,POTABLE,POTABLE,4229
8.337,73.161,959.023,1.58,25.515,NON_POTABLE,NON_POTABLE,4230
6.781,5.709,492.399,8.394,33.052,MARGINAL,MARGINAL,4231
6.624,0.446,254.645,6.359,24.415,POTABLE,MARGINAL,4232
7.038,9.654,514.966,4.344,23.262,MARGINAL,MARGINAL,4233
8.194,5.092,408.745,2.817,22.816,MARGINAL,MARGINAL,4234
6.999,2.418,193.063,9.871,30.341,POTABLE,MARGINAL,4235
6.489,3.409,480.634,9.701,23.72,POTABLE,MARGINAL,4236
5.914,0.941,546.849,9.121,20.215,POTABLE,MARGINAL,4237
7.569,75.076,1148.203,1.563,32.266,NON_POTABLE,NON_POTABLE,4238
7.062,52.374,900.908,1.769,35.788,NON_POTABLE,NON_POTABLE,4239
7.333,0.0,486.417,6.803,24.815,POTABLE,POTABLE,4240
7.395,2.878,315.072,8.409,19.705,POTABLE,MARGINAL,4241
3.359,47.723,1071.86,1.691,32.846,NON_POTABLE,NON_POTABLE,4242
5.974,1.507,294.539,8.159,24.355,POTABLE,MARGINAL,4243
8.165,4.27,585.827,4.535,26.844,MARGINAL,MARGINAL,4244
5.879,0.0,401.71,9.945,19.525,POTABLE,MARGINAL,4245
7.903,16.708,663.596,6.432,23.809,MARGINAL,MARGINAL,4246
6.094,19.633,401.253,5.36,23.471,MARGINAL,MARGINAL,4247
7.434,0.454,231.973,6.748,19.379,POTABLE,POTABLE,4248
7.362,0.0,124.154,7.916,22.091,POTABLE,POTABLE,4249
7.617,0.0,347.317,7.533,20.311,POTABLE,POTABLE,4250
9.205,64.003,748.647,2.318,30.523,NON_POTABLE,NON_POTABLE,4251
6.593,0.0,358.959,9.856,26.961,POTABLE,POTABLE,4252
7.002,2.164,465.008,7.475,26.457,POTABLE,MARGINAL,4253
5.962,1.887,150.318,10.886,15.85,POTABLE,MARGINAL,4254
6.724,0.0,603.002,7.946,26.508,MARGINAL,MARGINAL,4255
7.52,0.0,300.869,6.992,22.577,POTABLE,POTABLE,4256
7.33,0.0,343.916,6.446,22.347,MARGINAL,MARGINAL,4257
7.908,0.378,190.031,9.035,26.872,POTABLE,POTABLE,4258
6.704,0.462,217.074,7.831,19.032,POTABLE,POTABLE,4259
7.294,5.808,396.691,7.614,28.055,MARGINAL,MARGINAL,4260
6.725,15.534,644.035,4.145,30.122,MARGINAL,MARGINAL,4261
7.636,12.912,539.766,6.255,32.812,MARGINAL,MARGINAL,4262
8.274,0.0,343.615,5.721,26.145,MARGINAL,MARGINAL,4263
5.641,9.445,586.216,6.654,29.325,MARGINAL,MARGINAL,4264
8.4,4.955,388.158,4.65,23.561,MARGINAL,MARGINAL,4265
7.434,0.0,333.941,8.964,21.988,POTABLE,POTABLE,4266
2.155,70.272,560.401,0.867,26.181,NON_POTABLE,NON_POTABLE,4267
7.338,5.463,361.939,5.178,26.029,MARGINAL,MARGINAL,4268
7.533,14.189,606.463,8.082,17.576,MARGINAL,MARGINAL,4269
6.974,42.581,916.49,1.112,17.818,NON_POTABLE,NON_POTABLE,4270
6.719,0.157,243.795,9.256,21.416,POTABLE,POTABLE,4271
6.808,10.623,523.641,7.208,19.024,MARGINAL,MARGINAL,4272
7.894,39.803,1306.343,0.508,29.42,NON_POTABLE,NON_POTABLE,4273
5.213,41.255,852.413,0.869,27.323,NON_POTABLE,NON_POTABLE,4274
7.312,2.572,293.49,5.923,23.885,MARGINAL,MARGINAL,4275
7.237,4.111,222.44,8.704,25.783,POTABLE,MARGINAL,4276
8.328,15.972,508.228,4.757,22.086,MARGINAL,MARGINAL,4277
6.344,6.93,288.367,9.252,29.978,POTABLE,MARGINAL,4278
8.129,12.613,239.899,3.027,21.247,MARGINAL,MARGINAL,4279
2.531,72.215,832.165,2.853,23.781,NON_POTABLE,NON_POTABLE,4280
6.304,16.807,495.565,3.952,28.631,MARGINAL,MARGINAL,4281
4.372,52.922,495.768,4.282,34.24,NON_POTABLE,NON_POTABLE,4282
7.342,6.391,407.315,8.705,21.644,POTABLE,MARGINAL,4283
2.228,100.0,1116.82,1.27,24.02,NON_POTABLE,NON_POTABLE,4284
7.154,17.721,601.481,5.87,24.762,MARGINAL,MARGINAL,4285
7.59,0.0,224.071,7.131,23.102,POTABLE,POTABLE,4286
8.277,7.576,717.385,2.587,28.904,NON_POTABLE,MARGINAL,4287
7.531,5.807,349.534,7.176,27.36,POTABLE,MARGINAL,4288
6.62,0.0,253.505,9.147,17.684,POTABLE,POTABLE,4289
6.776,4.098,314.19,9.006,21.75,POTABLE,MARGINAL,4290
6.954,8.488,530.804,5.167,26.56,MARGINAL,MARGINAL,4291
8.213,7.511,378.762,5.85,37.223,MARGINAL,MARGINAL,4292
7.516,1.122,388.333,10.424,21.801,POTABLE,MARGINAL,4293
7.871,5.021,146.199,8.467,25.153,POTABLE,MARGINAL,4294
7.746,2.377,367.109,10.546,27.106,POTABLE,MARGINAL,4295
5.089,51.898,863.959,2.504,32.95,NON_POTABLE,NON_POTABLE,4296
2.399,30.194,924.694,2.518,26.094,NON_POTABLE,NON_POTABLE,4297
7.55,2.373,241.685,5.137,31.516,MARGINAL,MARGINAL,4298
7.475,4.631,462.46,5.114,20.009,MARGINAL,MARGINAL,4299
2.232,9.352,926.627,0.0,27.474,NON_POTABLE,NON_POTABLE,4300
7.799,0.0,365.91,4.259,27.772,MARGINAL,MARGINAL,4301
4.441,57.226,1114.498,1.865,25.936,NON_POTABLE,NON_POTABLE,4302
7.006,2.842,702.607,6.094,25.19,MARGINAL,MARGINAL,4303
6.854,1.515,299.907,7.026,26.148,POTABLE,MARGINAL,4304
7.357,3.665,202.781,7.601,23.57,POTABLE,MARGINAL,4305
6.799,0.099,188.768,8.886,25.702,POTABLE,POTABLE,4306
6.468,7.98,563.312,5.322,20.67,MARGINAL,MARGINAL,4307
7.73,17.663,319.983,5.845,23.453,MARGINAL,MARGINAL,4308
2.324,88.106,816.982,2.414,26.744,NON_POTABLE,NON_POTABLE,4309
6.486,0.0,187.209,7.644,22.153,POTABLE,MARGINAL,4310
7.015,1.83,335.226,7.753,24.552,POTABLE,MARGINAL,4311
7.166,0.014,421.003,7.622,27.66,POTABLE,POTABLE,4312
7.276,3.897,115.542,8.96,22.522,POTABLE,MARGINAL,4313
7.229,4.76,492.902,2.747,21.386,MARGINAL,MARGINAL,4314
8.028,0.596,366.216,8.629,23.443,POTABLE,POTABLE,4315
7.559,10.552,489.477,5.024,25.386,MARGINAL,MARGINAL,4316
7.234,11.301,356.645,5.366,28.817,MARGINAL,MARGINAL,4317
0.0,82.534,550.23,2.689,37.312,NON_POTABLE,NON_POTABLE,4318
6.675,15.888,526.881,6.943,24.601,MARGINAL,MARGINAL,4319
9.01,68.089,921.014,0.791,26.75,NON_POTABLE,NON_POTABLE,4320
7.561,15.069,506.694,6.602,22.893,MARGINAL,MARGINAL,4321
7.643,5.326,281.829,7.031,22.9,MARGINAL,MARGINAL,4322
7.949,5.832,551.094,4.621,29.05,MARGINAL,MARGINAL,4323
7.584,3.573,211.313,9.933,24.792,POTABLE,MARGINAL,4324
7.187,4.827,181.002,8.163,25.345,POTABLE,MARGINAL,4325
6.202,33.674,1126.189,3.781,31.832,NON_POTABLE,NON_POTABLE,4326
8.287,15.685,605.17,4.977,28.927,MARGINAL,MARGINAL,4327
7.784,9.44,425.513,3.13,22.134,MARGINAL,MARGINAL,4328
7.895,0.0,443.853,7.824,25.796,POTABLE,POTABLE,4329
6.004,53.225,677.066,2.9,26.215,NON_POTABLE,NON_POTABLE,4330
7.977,2.567,746.781,7.241,25.065,MARGINAL,MARGINAL,4331
0.0,36.353,719.129,1.986,27.575,NON_POTABLE,NON_POTABLE,4332
7.268,1.047,254.237,7.317,22.812,POTABLE,MARGINAL,4333
8.025,2.028,144.408,9.5,30.524,POTABLE,MARGINAL,4334
7.723,70.492,674.118,2.987,32.809,NON_POTABLE,NON_POTABLE,4335
7.077,0.0,206.418,7.118,26.211,POTABLE,POTABLE,4336
3.476,37.166,899.065,2.701,30.33,NON_POTABLE,NON_POTABLE,4337
7.574,0.0,459.072,7.287,23.91,POTABLE,POTABLE,4338
7.049,4.811,753.282,6.022,21.38,MARGINAL,MARGINAL,4339
8.245,0.0,230.522,7.92,25.922,POTABLE,POTABLE,4340
7.331,0.0,221.125,10.626,26.43,POTABLE,POTABLE,4341
7.912,12.214,383.749,5.832,28.905,MARGINAL,MARGINAL,4342
7.985,0.0,322.642,10.62,23.147,POTABLE,POTABLE,4343
2.383,50.585,652.367,0.471,22.958,NON_POTABLE,NON_POTABLE,4344
6.791,0.0,317.66,7.22,22.801,POTABLE,POTABLE,4345
6.704,0.0,431.309,8.069,25.968,POTABLE,POTABLE,4346
9.38,83.009,1349.739,4.242,30.719,NON_POTABLE,NON_POTABLE,4347
4.685,61.355,1051.638,0.227,23.447,NON_POTABLE,NON_POTABLE,4348
0.915,83.95,870.944,0.934,24.129,NON_POTABLE,NON_POTABLE,4349
6.53,32.81,846.734,3.398,27.24,NON_POTABLE,MARGINAL,4350
2.681,41.054,799.0,3.7,22.291,NON_POTABLE,NON_POTABLE,4351
7.116,11.644,682.211,6.138,33.793,MARGINAL,MARGINAL,4352
5.479,38.88,1421.051,2.548,27.82,NON_POTABLE,NON_POTABLE,4353
6.759,8.671,506.335,5.467,31.595,MARGINAL,MARGINAL,4354
6.825,1.959,433.717,5.393,21.003,MARGINAL,MARGINAL,4355
6.951,6.522,751.387,3.782,29.722,MARGINAL,MARGINAL,4356
6.626,14.84,496.501,3.952,28.814,MARGINAL,MARGINAL,4357
7.708,0.0,457.697,8.455,24.922,POTABLE,POTABLE,4358
7.108,5.881,374.393,6.826,20.388,MARGINAL,MARGINAL,4359
8.084,0.0,650.138,4.833,25.782,MARGINAL,MARGINAL,4360
6.512,11.432,598.374,5.987,34.171,MARGINAL,MARGINAL,4361
9.124,70.712,849.207,3.532,25.131,NON_POTABLE,NON_POTABLE,4362
2.599,31.808,1069.246,3.022,25.883,NON_POTABLE,NON_POTABLE,4363
5.19,34.463,913.101,2.673,29.551,NON_POTABLE,NON_POTABLE,4364
7.225,0.0,401.289,11.075,22.292,POTABLE,POTABLE,4365
8.425,10.352,536.829,5.322,25.68,MARGINAL,MARGINAL,4366
5.782,5.984,692.874,4.101,29.977,MARGINAL,MARGINAL,4367
6.679,4.049,415.466,8.149,22.194,POTABLE,MARGINAL,4368
8.033,2.996,512.399,9.708,18.502,POTABLE,MARGINAL,4369
8.676,7.028,541.987,6.142,29.076,MARGINAL,MARGINAL,4370
8.21,7.104,361.089,4.176,20.652,MARGINAL,MARGINAL,4371
3.564,29.562,1235.698,3.404,25.733,NON_POTABLE,NON_POTABLE,4372
6.831,0.0,272.187,8.229,26.287,POTABLE,POTABLE,4373
6.055,15.894,556.014,4.001,27.04,MARGINAL,MARGINAL,4374
8.049,0.0,460.624,4.942,27.264,MARGINAL,MARGINAL,4375
8.114,7.246,505.122,6.386,19.516,MARGINAL,MARGINAL,4376
7.908,4.59,440.506,7.058,22.952,POTABLE,MARGINAL,4377
8.22,13.169,629.342,5.199,28.017,MARGINAL,MARGINAL,4378
7.229,0.0,337.725,6.403,25.704,POTABLE,MARGINAL,4379
7.68,0.0,452.951,8.217,19.284,POTABLE,POTABLE,4380
8.146,4.998,509.745,6.743,25.282,POTABLE,MARGINAL,4381
7.845,0.0,227.209,8.704,23.91,POTABLE,POTABLE,4382
5.185,58.533,1283.534,0.477,26.261,NON_POTABLE,NON_POTABLE,4383
9.153,25.715,1497.19,3.298,20.377,NON_POTABLE,NON_POTABLE,4384
6.895,3.321,230.338,10.047,20.503,POTABLE,MARGINAL,4385
6.586,8.274,261.609,5.554,25.828,MARGINAL,MARGINAL,4386
7.267,0.0,404.43,9.511,31.264,POTABLE,POTABLE,4387
6.755,4.734,230.944,8.053,26.881,POTABLE,MARGINAL,4388
6.604,1.715,272.937,10.545,26.13,POTABLE,MARGINAL,4389
6.33,7.632,499.161,4.645,24.54,MARGINAL,MARGINAL,4390
5.481,0.774,643.594,7.669,34.549,MARGINAL,NON_POTABLE,4391
7.252,3.368,369.701,8.037,22.346,POTABLE,MARGINAL,4392
7.121,0.0,240.541,10.33,27.313,POTABLE,POTABLE,4393
4.609,53.149,760.434,1.828,33.609,NON_POTABLE,NON_POTABLE,4394
6.443,8.896,650.638,4.775,26.661,MARGINAL,MARGINAL,4395
11.323,77.738,1208.379,1.734,33.234,NON_POTABLE,NON_POTABLE,4396
7.057,6.611,593.751,4.689,28.581,MARGINAL,MARGINAL,4397
6.154,14.106,1241.045,1.823,26.516,NON_POTABLE,NON_POTABLE,4398
8.309,2.253,201.17,7.364,25.502,POTABLE,MARGINAL,4399
7.112,0.0,449.158,8.292,25.864,POTABLE,POTABLE,4400
7.833,5.839,347.31,6.22,17.929,MARGINAL,MARGINAL,4401
7.863,5.056,311.752,4.036,28.324,MARGINAL,MARGINAL,4402
7.443,0.899,394.564,10.889,24.277,POTABLE,POTABLE,4403
6.537,0.0,518.148,9.313,21.4,POTABLE,MARGINAL,4404
7.145,66.272,1338.547,2.738,36.426,NON_POTABLE,NON_POTABLE,4405
6.949,14.999,372.83,6.476,33.043,MARGINAL,MARGINAL,4406
7.407,1.032,265.855,8.502,21.976,POTABLE,MARGINAL,4407
4.016,45.193,1015.693,1.822,22.414,NON_POTABLE,NON_POTABLE,4408
5.367,85.059,644.065,1.599,30.319,NON_POTABLE,NON_POTABLE,4409
4.859,77.952,865.338,2.443,26.022,NON_POTABLE,NON_POTABLE,4410
7.142,2.678,231.767,7.942,23.808,POTABLE,MARGINAL,4411
8.18,15.654,642.35,4.422,26.933,MARGINAL,MARGINAL,4412
6.492,5.828,490.471,6.543,26.038,MARGINAL,MARGINAL,4413
6.825,0.0,271.804,7.138,19.126,POTABLE,POTABLE,4414
6.34,58.253,835.027,1.7,23.508,NON_POTABLE,NON_POTABLE,4415
7.88,0.0,342.433,7.946,21.683,POTABLE,POTABLE,4416
8.42,4.86,483.699,4.813,28.305,MARGINAL,MARGINAL,4417
7.491,0.0,214.931,8.953,23.663,POTABLE,POTABLE,4418
7.672,3.466,303.977,7.302,27.256,POTABLE,MARGINAL,4419
6.967,0.0,279.966,8.505,21.835,POTABLE,POTABLE,4420
5.71,2.517,257.229,6.502,26.37,POTABLE,MARGINAL,4421
5.784,100.0,867.57,1.214,28.785,NON_POTABLE,NON_POTABLE,4422
7.234,0.0,373.707,9.465,27.592,POTABLE,POTABLE,4423
6.346,8.482,523.336,5.083,24.936,MARGINAL,MARGINAL,4424
7.296,0.0,255.675,8.289,25.476,POTABLE,POTABLE,4425
6.527,14.147,1122.481,4.025,26.846,NON_POTABLE,NON_POTABLE,4426
7.319,3.712,554.874,6.394,23.852,MARGINAL,MARGINAL,4427
2.959,15.198,885.079,2.794,18.018,NON_POTABLE,NON_POTABLE,4428
6.31,45.027,1056.749,2.117,38.268,NON_POTABLE,NON_POTABLE,4429
9.395,12.855,575.229,6.922,22.447,MARGINAL,NON_POTABLE,4430
6.873,1.089,215.036,9.179,18.789,POTABLE,MARGINAL,4431
6.965,20.832,256.359,5.899,34.998,MARGINAL,MARGINAL,4432
1.321,31.39,716.111,1.328,26.393,NON_POTABLE,NON_POTABLE,4433
8.647,37.374,675.528,0.0,30.897,NON_POTABLE,NON_POTABLE,4434
6.487,0.0,527.428,10.915,21.202,POTABLE,MARGINAL,4435
6.855,1.12,448.568,7.992,21.216,POTABLE,MARGINAL,4436
7.628,7.904,551.162,4.67,28.803,MARGINAL,MARGINAL,4437
7.497,1.31,205.907,7.285,19.955,POTABLE,MARGINAL,4438
7.143,0.0,689.685,5.567,30.353,MARGINAL,MARGINAL,4439
7.225,13.533,535.862,3.959,30.461,MARGINAL,MARGINAL,4440
7.639,4.914,404.642,8.08,20.433,POTABLE,MARGINAL,4441
6.096,2.6,371.947,9.616,26.808,POTABLE,MARGINAL,4442
8.261,15.418,378.192,6.084,26.925,MARGINAL,MARGINAL,4443
6.731,2.849,392.779,7.114,22.0,MARGINAL,MARGINAL,4444
8.484,8.082,447.916,4.916,25.058,MARGINAL,MARGINAL,4445
6.968,1.01,330.05,9.938,19.535,POTABLE,MARGINAL,4446
5.688,15.312,371.384,3.883,28.99,MARGINAL,MARGINAL,4447
1.406,50.619,1194.141,2.357,23.738,NON_POTABLE,NON_POTABLE,4448
6.814,5.019,510.653,6.415,25.826,MARGINAL,MARGINAL,4449
6.921,0.183,190.155,8.823,18.275,POTABLE,POTABLE,4450
5.426,3.266,482.776,6.318,30.996,MARGINAL,NON_POTABLE,4451
6.801,0.0,358.809,8.229,20.251,POTABLE,POTABLE,4452
5.734,44.814,1342.778,1.107,22.16,NON_POTABLE,NON_POTABLE,4453
7.236,40.664,600.011,0.0,30.705,NON_POTABLE,NON_POTABLE,4454
7.875,3.122,460.763,6.844,23.527,MARGINAL,MARGINAL,4455
7.548,15.987,498.193,7.585,26.789,MARGINAL,MARGINAL,4456
2.368,42.324,899.844,1.772,28.515,NON_POTABLE,NON_POTABLE,4457
7.231,0.0,330.131,6.965,16.962,POTABLE,POTABLE,4458
3.433,47.127,934.567,3.716,31.923,NON_POTABLE,NON_POTABLE,4459
8.592,11.541,280.66,5.86,24.163,MARGINAL,MARGINAL,4460
8.098,4.987,319.698,7.705,23.091,POTABLE,MARGINAL,4461
7.495,2.369,226.295,9.163,25.398,POTABLE,MARGINAL,4462
6.276,0.0,461.083,8.822,27.4,POTABLE,MARGINAL,4463
4.41,44.829,1088.426,2.709,32.473,NON_POTABLE,NON_POTABLE,4464
6.96,0.0,171.67,9.863,22.606,POTABLE,POTABLE,4465
6.18,5.555,316.284,10.062,21.43,POTABLE,MARGINAL,4466
6.514,0.0,451.005,6.487,27.086,POTABLE,MARGINAL,4467
6.083,15.684,1176.843,4.626,26.535,NON_POTABLE,NON_POTABLE,4468
6.729,0.0,433.984,9.237,27.419,POTABLE,POTABLE,4469
8.396,3.873,463.754,5.187,19.439,MARGINAL,MARGINAL,4470
6.382,3.556,544.182,6.869,30.514,POTABLE,MARGINAL,4471
7.625,0.712,481.603,9.349,26.147,POTABLE,POTABLE,4472
8.319,1.584,214.576,8.412,25.838,POTABLE,MARGINAL,4473
7.89,0.0,298.54,7.71,23.37,POTABLE,POTABLE,4474
7.205,78.937,1062.575,1.604,19.623,NON_POTABLE,NON_POTABLE,4475
5.671,3.402,585.708,2.858,26.128,MARGINAL,MARGINAL,4476
0.166,73.514,816.198,0.612,31.39,NON_POTABLE,NON_POTABLE,4477
6.494,85.126,856.62,1.648,19.054,NON_POTABLE,NON_POTABLE,4478
8.859,0.0,400.107,7.24,30.077,MARGINAL,MARGINAL,4479
1.799,72.467,921.522,0.772,29.456,NON_POTABLE,NON_POTABLE,4480
7.705,1.607,571.259,7.073,29.859,MARGINAL,MARGINAL,4481
6.946,1.135,304.186,7.481,24.446,POTABLE,MARGINAL,4482
7.98,39.859,922.965,2.099,15.417,NON_POTABLE,NON_POTABLE,4483
6.566,4.382,482.115,6.826,25.764,MARGINAL,MARGINAL,4484
6.817,3.779,517.855,7.043,30.648,MARGINAL,MARGINAL,4485
6.428,0.0,471.956,7.233,21.539,POTABLE,MARGINAL,4486
7.872,3.171,613.267,5.028,21.295,MARGINAL,MARGINAL,4487
6.623,10.482,411.335,3.47,27.71,MARGINAL,MARGINAL,4488
7.919,0.0,297.502,7.902,20.757,POTABLE,POTABLE,4489
7.451,4.475,385.898,7.714,22.681,POTABLE,MARGINAL,4490
6.174,0.0,283.806,11.024,25.528,POTABLE,MARGINAL,4491
2.161,33.828,972.35,3.789,22.752,NON_POTABLE,NON_POTABLE,4492
7.621,0.934,369.098,7.498,20.901,POTABLE,POTABLE,4493
7.805,0.0,317.564,11.455,24.867,POTABLE,POTABLE,4494
6.787,2.254,252.059,11.079,25.152,POTABLE,MARGINAL,4495
4.509,49.865,568.079,3.578,35.73,NON_POTABLE,NON_POTABLE,4496
6.361,1.091,367.613,7.783,25.121,POTABLE,MARGINAL,4497
6.276,6.823,397.748,8.957,21.56,POTABLE,MARGINAL,4498
8.076,20.568,475.846,3.508,18.327,MARGINAL,MARGINAL,4499
7.029,8.471,508.785,5.38,22.211,MARGINAL,MARGINAL,4500
7.187,0.0,735.151,3.852,27.253,MARGINAL,MARGINAL,4501
7.411,5.609,371.858,8.414,25.082,POTABLE,MARGINAL,4502
8.089,0.0,111.922,5.99,20.014,POTABLE,MARGINAL,4503
5.39,0.562,407.701,4.738,19.941,MARGINAL,NON_POTABLE,4504
7.344,4.262,483.194,6.052,27.052,MARGINAL,MARGINAL,4505
6.587,0.0,221.306,9.779,24.977,POTABLE,POTABLE,4506
7.17,0.0,302.027,8.911,25.318,POTABLE,POTABLE,4507
8.029,6.658,523.861,5.404,34.308,MARGINAL,MARGINAL,4508
6.772,16.289,583.7,8.509,28.478,MARGINAL,MARGINAL,4509
9.113,15.17,496.044,5.878,28.153,MARGINAL,NON_POTABLE,4510
7.851,0.0,380.966,8.313,19.679,POTABLE,POTABLE,4511
3.499,85.531,860.627,0.203,29.504,NON_POTABLE,NON_POTABLE,4512
7.223,1.153,399.305,9.923,19.163,POTABLE,MARGINAL,4513
6.63,4.941,426.758,8.536,24.696,POTABLE,MARGINAL,4514
7.978,8.794,519.765,5.181,27.205,MARGINAL,MARGINAL,4515
5.974,10.752,308.48,6.771,26.229,MARGINAL,MARGINAL,4516
8.809,0.0,635.455,3.477,19.672,MARGINAL,MARGINAL,4517
7.091,4.841,426.973,9.371,29.508,POTABLE,MARGINAL,4518
6.355,6.366,528.045,5.098,25.308,MARGINAL,MARGINAL,4519
6.503,6.385,77.84,8.298,19.251,POTABLE,MARGINAL,4520
6.695,0.0,700.199,5.73,20.835,MARGINAL,MARGINAL,4521
6.601,3.789,478.369,9.061,34.357,MARGINAL,MARGINAL,4522
8.467,9.259,551.826,3.301,33.124,MARGINAL,MARGINAL,4523
7.517,50.519,1055.696,0.467,35.827,NON_POTABLE,NON_POTABLE,4524
6.92,3.29,425.159,5.579,28.05,MARGINAL,MARGINAL,4525
7.5,0.0,316.004,9.216,26.575,POTABLE,POTABLE,4526
7.45,11.311,588.716,4.02,23.799,MARGINAL,MARGINAL,4527
6.932,5.02,423.49,8.181,34.815,MARGINAL,MARGINAL,4528
6.777,2.344,473.647,9.108,21.67,POTABLE,MARGINAL,4529
6.816,2.01,342.639,9.214,19.833,POTABLE,MARGINAL,4530
7.066,10.876,499.331,5.871,25.049,MARGINAL,MARGINAL,4531
8.663,48.789,1324.79,0.0,28.764,NON_POTABLE,NON_POTABLE,4532
0.408,48.158,567.739,2.117,23.729,NON_POTABLE,NON_POTABLE,4533
6.88,3.185,234.423,8.263,27.63,POTABLE,MARGINAL,4534
5.254,58.671,614.151,0.712,28.501,NON_POTABLE,NON_POTABLE,4535
1.002,46.294,592.706,2.662,31.137,NON_POTABLE,NON_POTABLE,4536
7.919,0.445,353.048,11.244,24.81,POTABLE,POTABLE,4537
0.0,44.623,862.913,0.251,29.441,NON_POTABLE,NON_POTABLE,4538
7.108,2.742,411.706,8.738,25.744,POTABLE,MARGINAL,4539
6.115,65.838,1092.104,0.288,23.797,NON_POTABLE,NON_POTABLE,4540
8.65,9.782,368.367,5.787,28.123,MARGINAL,MARGINAL,4541
9.063,11.415,448.723,6.509,20.107,MARGINAL,NON_POTABLE,4542
4.147,83.377,1057.185,1.88,36.746,NON_POTABLE,NON_POTABLE,4543
7.773,13.577,618.158,6.883,27.104,MARGINAL,MARGINAL,4544
8.057,100.0,819.943,0.405,34.16,NON_POTABLE,NON_POTABLE,4545
3.408,58.129,1047.136,1.354,21.592,NON_POTABLE,NON_POTABLE,4546
7.126,50.602,607.244,0.0,25.538,NON_POTABLE,NON_POTABLE,4547
8.103,0.0,355.375,5.154,32.289,MARGINAL,MARGINAL,4548
7.835,0.0,373.671,8.77,23.204,POTABLE,POTABLE,4549
5.935,45.865,938.558,2.123,38.173,NON_POTABLE,NON_POTABLE,4550
6.614,0.0,281.504,12.116,23.231,POTABLE,POTABLE,4551
6.081,8.536,770.632,5.466,21.974,MARGINAL,MARGINAL,4552
8.577,8.691,768.256,5.465,19.779,MARGINAL,MARGINAL,4553
7.527,10.139,360.071,8.775,27.741,MARGINAL,MARGINAL,4554
8.489,7.074,518.677,6.215,18.427,MARGINAL,MARGINAL,4555
7.041,1.591,18.522,9.141,30.43,POTABLE,MARGINAL,4556
7.539,0.0,805.475,6.027,25.045,MARGINAL,MARGINAL,4557
8.354,4.086,583.875,5.869,29.251,MARGINAL,MARGINAL,4558
7.353,1.269,397.429,10.204,26.567,POTABLE,MARGINAL,4559
6.78,1.606,301.469,8.698,24.279,POTABLE,MARGINAL,4560
8.852,11.169,582.888,5.677,22.989,MARGINAL,MARGINAL,4561
6.541,6.276,340.525,7.078,23.313,POTABLE,MARGINAL,4562
6.463,0.0,395.724,9.759,23.434,POTABLE,MARGINAL,4563
7.462,6.224,326.486,4.51,28.131,MARGINAL,MARGINAL,4564
5.671,32.172,832.612,3.134,38.075,NON_POTABLE,MARGINAL,4565
7.466,0.0,450.415,9.544,24.172,POTABLE,POTABLE,4566
7.524,0.917,303.394,6.54,27.513,POTABLE,POTABLE,4567
6.443,0.0,324.58,8.675,28.926,POTABLE,MARGINAL,4568
8.229,2.119,560.326,6.686,29.34,MARGINAL,MARGINAL,4569
6.095,2.983,213.821,5.802,27.075,POTABLE,MARGINAL,4570
3.859,42.258,876.407,2.07,24.636,NON_POTABLE,NON_POTABLE,4571
8.908,50.122,903.712,0.541,18.097,NON_POTABLE,NON_POTABLE,4572
7.929,4.184,739.892,6.139,22.32,MARGINAL,MARGINAL,4573
6.999,35.775,1069.882,1.0,15.36,NON_POTABLE,NON_POTABLE,4574
7.246,2.965,523.599,6.913,20.967,MARGINAL,MARGINAL,4575
7.75,0.0,218.692,6.796,21.325,POTABLE,POTABLE,4576
8.829,12.668,535.396,6.129,21.671,MARGINAL,MARGINAL,4577
7.053,37.051,1044.19,2.675,31.476,NON_POTABLE,NON_POTABLE,4578
7.367,8.511,687.789,4.188,24.921,MARGINAL,MARGINAL,4579
6.926,85.942,790.879,1.317,34.457,NON_POTABLE,NON_POTABLE,4580
6.508,5.14,469.935,3.99,32.029,MARGINAL,MARGINAL,4581
8.114,46.89,1434.567,4.215,26.824,NON_POTABLE,NON_POTABLE,4582
7.645,0.0,387.418,9.901,23.296,POTABLE,POTABLE,4583
7.764,61.544,851.196,1.865,25.529,NON_POTABLE,NON_POTABLE,4584
9.288,11.02,453.432,5.721,32.068,MARGINAL,NON_POTABLE,4585
8.282,6.54,321.953,4.462,30.031,MARGINAL,MARGINAL,4586
4.246,50.317,1076.694,0.624,31.528,NON_POTABLE,NON_POTABLE,4587
7.009,8.014,443.508,8.056,24.21,POTABLE,MARGINAL,4588
7.285,16.785,625.445,4.446,19.535,MARGINAL,MARGINAL,4589
7.419,5.148,593.639,7.091,18.222,MARGINAL,MARGINAL,4590
6.634,92.125,813.659,1.311,29.67,NON_POTABLE,NON_POTABLE,4591
6.425,4.06,85.115,6.791,28.431,POTABLE,MARGINAL,4592
7.297,2.134,287.198,8.346,23.79,POTABLE,MARGINAL,4593
8.308,0.0,573.276,2.896,36.262,MARGINAL,MARGINAL,4594
6.625,0.0,339.061,7.123,26.409,POTABLE,POTABLE,4595
5.88,68.296,606.678,2.905,31.306,NON_POTABLE,NON_POTABLE,4596
6.725,1.003,253.165,7.301,23.905,POTABLE,MARGINAL,4597
7.115,5.041,384.242,5.324,23.788,MARGINAL,MARGINAL,4598
7.2,7.907,742.61,5.954,34.964,MARGINAL,MARGINAL,4599
7.526,2.233,289.864,9.087,23.903,POTABLE,MARGINAL,4600
6.703,0.0,375.214,7.029,27.326,POTABLE,POTABLE,4601
7.016,10.913,483.102,5.09,33.095,MARGINAL,MARGINAL,4602
6.369,0.293,394.204,8.81,23.4,POTABLE,MARGINAL,4603
7.691,6.101,666.051,6.293,21.683,MARGINAL,MARGINAL,4604
7.722,17.917,621.868,5.84,26.972,MARGINAL,MARGINAL,4605
8.141,11.114,570.876,4.431,30.827,MARGINAL,MARGINAL,4606
0.0,47.586,499.478,1.657,22.385,NON_POTABLE,NON_POTABLE,4607
7.858,2.153,477.284,5.691,22.272,MARGINAL,MARGINAL,4608
6.311,39.303,1026.638,1.845,24.832,NON_POTABLE,NON_POTABLE,4609
7.079,47.67,829.991,4.058,28.104,NON_POTABLE,NON_POTABLE,4610
5.904,0.0,264.497,7.257,26.329,POTABLE,MARGINAL,4611
8.428,3.148,482.444,5.863,28.555,MARGINAL,MARGINAL,4612
8.079,4.733,317.291,6.98,25.09,MARGINAL,MARGINAL,4613
6.336,14.92,217.844,4.831,21.356,MARGINAL,MARGINAL,4614
4.521,47.273,540.822,3.113,25.32,NON_POTABLE,NON_POTABLE,4615
6.695,13.079,664.444,6.201,24.847,MARGINAL,MARGINAL,4616
8.26,13.044,349.073,6.585,28.907,MARGINAL,MARGINAL,4617
8.289,10.641,568.54,5.038,27.858,MARGINAL,MARGINAL,4618
1.158,31.323,997.509,2.676,30.954,NON_POTABLE,NON_POTABLE,4619
7.281,69.985,547.655,2.116,31.151,NON_POTABLE,NON_POTABLE,4620
7.737,2.003,567.309,5.774,22.893,MARGINAL,MARGINAL,4621
7.335,11.572,378.089,6.87,28.295,MARGINAL,MARGINAL,4622
8.064,15.442,497.167,5.478,32.68,MARGINAL,MARGINAL,4623
7.121,6.387,412.523,6.792,24.377,POTABLE,MARGINAL,4624
4.983,68.789,987.196,2.269,33.507,NON_POTABLE,NON_POTABLE,4625
8.63,15.152,467.503,4.742,27.992,MARGINAL,MARGINAL,4626
7.795,14.556,661.825,5.341,21.565,MARGINAL,MARGINAL,4627
7.053,5.892,443.872,6.283,31.763,POTABLE,MARGINAL,4628
7.077,2.911,242.494,9.841,26.605,POTABLE,MARGINAL,4629
2.66,34.889,1115.151,2.349,24.077,NON_POTABLE,NON_POTABLE,4630
5.876,17.668,532.799,4.537,25.347,MARGINAL,MARGINAL,4631
6.159,19.7,959.039,2.09,32.182,NON_POTABLE,NON_POTABLE,4632
7.851,6.301,494.834,4.977,28.096,MARGINAL,MARGINAL,4633
6.75,1.446,354.069,8.743,25.029,POTABLE,MARGINAL,4634
9.382,0.0,374.212,3.509,30.251,MARGINAL,NON_POTABLE,4635
6.384,0.288,358.153,8.218,24.596,POTABLE,MARGINAL,4636
6.895,1.205,258.767,8.717,26.545,POTABLE,MARGINAL,4637
7.215,0.0,521.545,9.542,25.546,POTABLE,MARGINAL,4638
7.723,0.0,286.315,7.339,22.774,POTABLE,POTABLE,4639
6.355,0.0,379.048,8.642,24.936,POTABLE,MARGINAL,4640
7.42,4.615,505.61,9.388,29.147,POTABLE,MARGINAL,4641
7.526,17.848,570.839,4.986,23.955,MARGINAL,MARGINAL,4642
7.462,0.0,532.046,10.223,27.064,POTABLE,MARGINAL,4643
7.071,0.004,317.733,8.544,20.145,POTABLE,POTABLE,4644
4.535,77.369,940.716,4.233,22.135,NON_POTABLE,NON_POTABLE,4645
8.096,7.42,679.796,3.665,19.351,MARGINAL,MARGINAL,4646
7.357,0.728,439.064,8.223,21.679,POTABLE,POTABLE,4647
6.527,1.319,180.522,8.812,26.718,POTABLE,MARGINAL,4648
9.398,44.688,507.005,2.304,32.362,NON_POTABLE,NON_POTABLE,4649
4.089,44.465,841.554,3.102,21.014,NON_POTABLE,NON_POTABLE,4650
7.587,2.262,101.701,9.719,15.805,POTABLE,MARGINAL,4651
7.435,55.686,783.049,1.581,31.36,NON_POTABLE,NON_POTABLE,4652
7.562,67.351,467.361,2.092,30.946,NON_POTABLE,NON_POTABLE,4653
8.141,57.895,894.057,1.338,22.864,NON_POTABLE,NON_POTABLE,4654
7.533,2.7,398.485,9.493,23.582,POTABLE,MARGINAL,4655
6.846,1.862,293.084,9.628,25.327,POTABLE,MARGINAL,4656
7.38,0.0,139.755,8.674,22.386,POTABLE,POTABLE,4657
9.052,2.074,605.645,5.423,20.062,MARGINAL,NON_POTABLE,4658
7.907,9.782,743.197,3.76,30.736,MARGINAL,MARGINAL,4659
7.919,3.729,546.265,6.569,25.397,MARGINAL,MARGINAL,4660
7.901,7.644,520.259,4.858,24.429,MARGINAL,MARGINAL,4661
0.0,19.038,951.702,2.359,30.641,NON_POTABLE,NON_POTABLE,4662
7.503,5.865,416.095,7.793,23.52,POTABLE,MARGINAL,4663
7.197,0.0,259.667,5.839,23.93,POTABLE,MARGINAL,4664
7.164,28.256,598.08,3.971,24.255,MARGINAL,MARGINAL,4665
6.752,0.0,159.599,8.237,22.482,POTABLE,POTABLE,4666
4.68,19.696,720.159,1.298,32.21,NON_POTABLE,NON_POTABLE,4667
8.181,8.664,480.471,5.594,27.396,MARGINAL,MARGINAL,4668
5.247,95.307,655.936,2.228,38.595,NON_POTABLE,NON_POTABLE,4669
6.135,4.942,478.58,10.157,25.965,POTABLE,MARGINAL,4670
6.627,2.593,264.476,6.796,22.823,POTABLE,MARGINAL,4671
6.371,6.734,283.441,6.087,23.038,MARGINAL,MARGINAL,4672
6.493,0.0,296.225,9.02,21.182,POTABLE,MARGINAL,4673
6.968,0.0,362.493,8.119,24.865,POTABLE,POTABLE,4674
7.111,11.754,418.827,5.457,26.184,MARGINAL,MARGINAL,4675
3.746,54.419,970.606,1.783,26.193,NON_POTABLE,NON_POTABLE,4676
4.842,81.141,883.281,0.948,32.897,NON_POTABLE,NON_POTABLE,4677
8.486,0.0,540.631,7.937,26.429,MARGINAL,MARGINAL,4678
9.573,48.956,986.235,2.398,30.262,NON_POTABLE,NON_POTABLE,4679
5.875,56.332,846.228,1.659,21.006,NON_POTABLE,NON_POTABLE,4680
7.609,0.0,728.282,6.321,28.563,MARGINAL,MARGINAL,4681
6.66,2.864,416.607,6.965,27.094,POTABLE,MARGINAL,4682
8.035,12.422,613.933,5.67,31.209,MARGINAL,MARGINAL,4683
7.684,0.0,236.988,10.601,31.84,POTABLE,POTABLE,4684
6.142,0.0,396.449,9.722,24.991,POTABLE,MARGINAL,4685
8.869,15.19,305.655,5.662,21.427,MARGINAL,MARGINAL,4686
0.7,0.0,1102.781,2.189,25.734,NON_POTABLE,NON_POTABLE,4687
7.428,3.106,559.247,4.195,25.417,MARGINAL,MARGINAL,4688
6.84,0.0,545.231,7.65,21.558,POTABLE,MARGINAL,4689
1.232,40.995,841.981,4.065,29.777,NON_POTABLE,NON_POTABLE,4690
6.931,0.0,281.781,9.738,24.111,POTABLE,POTABLE,4691
7.115,6.004,520.963,6.988,28.547,MARGINAL,MARGINAL,4692
7.785,0.0,280.874,7.683,28.139,POTABLE,POTABLE,4693
8.416,11.584,520.824,2.27,25.072,MARGINAL,NON_POTABLE,4694
7.747,0.0,285.591,10.744,24.533,POTABLE,POTABLE,4695
7.181,8.938,435.593,6.154,20.992,MARGINAL,MARGINAL,4696
3.338,34.235,914.4,3.206,29.079,NON_POTABLE,NON_POTABLE,4697
3.971,48.789,590.271,3.579,25.382,NON_POTABLE,NON_POTABLE,4698
8.04,7.948,527.323,4.557,34.095,MARGINAL,MARGINAL,4699
6.547,1.838,291.046,8.513,25.919,POTABLE,MARGINAL,4700
6.34,0.0,514.681,7.653,24.604,POTABLE,MARGINAL,4701
7.422,0.0,238.629,8.142,27.289,POTABLE,POTABLE,4702
9.166,8.005,457.272,6.056,26.173,MARGINAL,NON_POTABLE,4703
7.688,0.0,447.687,11.055,24.112,POTABLE,POTABLE,4704
6.26,0.884,654.175,6.387,22.984,MARGINAL,MARGINAL,4705
8.163,16.023,689.41,8.039,30.871,MARGINAL,MARGINAL,4706
0.514,29.765,1354.101,1.622,27.638,NON_POTABLE,NON_POTABLE,4707
7.926,5.173,564.198,6.429,24.706,MARGINAL,MARGINAL,4708
7.588,0.0,343.238,9.243,17.476,POTABLE,POTABLE,4709
9.183,9.763,507.701,5.26,27.296,MARGINAL,NON_POTABLE,4710
7.154,2.178,329.417,6.253,20.633,POTABLE,MARGINAL,4711
6.74,0.0,205.469,8.136,23.57,POTABLE,POTABLE,4712
7.66,4.199,243.511,8.953,24.583,POTABLE,MARGINAL,4713
6.741,62.408,632.891,2.166,29.379,NON_POTABLE,NON_POTABLE,4714
7.371,7.618,325.725,8.323,25.856,POTABLE,MARGINAL,4715
9.548,49.835,931.765,4.242,33.51,NON_POTABLE,NON_POTABLE,4716
7.574,0.0,308.367,5.281,23.474,POTABLE,MARGINAL,4717
6.302,13.593,537.583,3.919,26.781,MARGINAL,MARGINAL,4718
7.482,53.607,673.737,0.389,21.842,NON_POTABLE,NON_POTABLE,4719
7.187,0.0,254.874,8.897,26.396,POTABLE,POTABLE,4720
6.18,7.621,500.522,6.538,24.771,MARGINAL,MARGINAL,4721
3.758,37.782,1058.134,0.981,25.139,NON_POTABLE,NON_POTABLE,4722
7.237,0.762,340.009,11.167,22.437,POTABLE,POTABLE,4723
8.042,10.355,491.613,4.595,22.277,MARGINAL,MARGINAL,4724
8.483,14.13,525.172,4.136,25.209,MARGINAL,MARGINAL,4725
8.168,0.983,231.142,8.682,25.701,POTABLE,POTABLE,4726
7.039,0.0,434.913,10.46,22.133,POTABLE,POTABLE,4727
7.709,3.584,543.161,2.908,22.844,MARGINAL,MARGINAL,4728
8.111,74.26,692.705,1.666,22.564,NON_POTABLE,NON_POTABLE,4729
6.985,0.0,395.256,8.061,24.165,POTABLE,POTABLE,4730
6.187,14.183,699.049,5.441,24.278,MARGINAL,MARGINAL,4731
9.574,93.973,768.375,2.17,28.146,NON_POTABLE,NON_POTABLE,4732
7.226,4.51,309.997,7.505,25.223,POTABLE,MARGINAL,4733
7.64,0.0,211.124,9.134,16.486,POTABLE,POTABLE,4734
7.413,0.0,742.779,6.41,34.531,MARGINAL,MARGINAL,4735
6.693,4.937,578.59,6.195,31.278,MARGINAL,MARGINAL,4736
6.191,1.654,487.202,9.399,22.118,POTABLE,MARGINAL,4737
6.923,19.202,486.895,6.793,26.332,MARGINAL,MARGINAL,4738
7.464,4.431,227.801,9.551,22.349,POTABLE,MARGINAL,4739
6.876,4.526,199.023,9.548,25.227,POTABLE,MARGINAL,4740
5.527,2.634,277.555,6.811,25.88,MARGINAL,MARGINAL,4741
10.535,76.008,1108.538,2.315,22.429,NON_POTABLE,NON_POTABLE,4742
6.924,0.0,455.203,9.619,19.037,POTABLE,POTABLE,4743
6.639,54.862,724.062,0.945,34.536,NON_POTABLE,NON_POTABLE,4744
6.442,11.943,400.383,5.206,20.403,MARGINAL,MARGINAL,4745
8.598,63.827,769.846,1.608,28.23,NON_POTABLE,NON_POTABLE,4746
7.584,81.701,1045.345,2.759,31.754,NON_POTABLE,NON_POTABLE,4747
5.164,88.219,1284.833,2.16,23.368,NON_POTABLE,NON_POTABLE,4748
7.177,0.0,457.852,8.654,18.354,POTABLE,POTABLE,4749
6.998,3.391,228.739,5.875,24.887,POTABLE,MARGINAL,4750
9.713,67.504,919.102,3.646,33.8,NON_POTABLE,NON_POTABLE,4751
7.276,0.0,265.282,7.474,25.435,POTABLE,POTABLE,4752
6.257,51.289,1292.634,0.382,21.685,NON_POTABLE,NON_POTABLE,4753
7.563,0.0,228.826,9.597,24.591,POTABLE,POTABLE,4754
6.706,66.242,1129.049,1.421,26.604,NON_POTABLE,NON_POTABLE,4755
6.602,5.0,371.654,7.824,29.898,POTABLE,MARGINAL,4756
6.016,47.625,741.002,3.22,24.654,NON_POTABLE,NON_POTABLE,4757
7.397,8.159,347.353,6.55,27.428,MARGINAL,MARGINAL,4758
6.1,7.758,296.81,5.372,24.333,MARGINAL,MARGINAL,4759
0.046,49.83,881.138,0.303,28.03,NON_POTABLE,NON_POTABLE,4760
3.65,65.921,977.659,2.934,29.696,NON_POTABLE,NON_POTABLE,4761
8.968,0.864,602.15,5.265,25.327,MARGINAL,MARGINAL,4762
6.496,13.975,606.046,5.037,25.699,MARGINAL,MARGINAL,4763
7.504,0.07,267.513,10.53,23.377,POTABLE,POTABLE,4764
6.434,11.55,579.403,6.076,28.871,MARGINAL,MARGINAL,4765
8.606,7.668,751.791,4.111,26.98,MARGINAL,MARGINAL,4766
6.827,0.0,264.984,10.027,20.345,POTABLE,POTABLE,4767
0.0,39.477,788.038,3.623,32.59,NON_POTABLE,NON_POTABLE,4768
7.604,100.0,1051.87,2.664,27.305,NON_POTABLE,NON_POTABLE,4769
7.054,2.971,154.382,9.564,24.379,POTABLE,MARGINAL,4770
6.663,1.649,194.327,7.965,30.281,POTABLE,MARGINAL,4771
4.462,42.855,784.512,4.526,32.213,NON_POTABLE,NON_POTABLE,4772
6.164,29.308,481.096,1.556,26.592,NON_POTABLE,NON_POTABLE,4773
3.676,54.102,760.645,0.86,35.956,NON_POTABLE,NON_POTABLE,4774
6.69,0.0,248.966,8.771,22.676,POTABLE,POTABLE,4775
8.179,7.124,635.142,8.076,25.836,MARGINAL,MARGINAL,4776
4.638,57.47,796.093,1.682,26.047,NON_POTABLE,NON_POTABLE,4777
7.292,3.451,396.941,7.833,26.934,POTABLE,MARGINAL,4778
7.019,9.606,468.442,7.265,27.667,MARGINAL,MARGINAL,4779
6.194,0.0,482.99,7.912,27.85,POTABLE,MARGINAL,4780
6.971,8.279,523.062,6.779,19.671,MARGINAL,MARGINAL,4781
7.903,11.083,740.266,6.343,19.666,MARGINAL,MARGINAL,4782
7.841,36.939,1160.061,2.777,31.19,NON_POTABLE,NON_POTABLE,4783
7.997,8.429,565.386,4.979,21.587,MARGINAL,MARGINAL,4784
4.938,52.16,851.453,2.397,26.811,NON_POTABLE,NON_POTABLE,4785
6.07,11.953,674.793,5.908,26.439,MARGINAL,MARGINAL,4786
8.4,0.542,666.377,6.683,24.994,MARGINAL,MARGINAL,4787
8.77,15.997,522.104,6.179,26.493,MARGINAL,MARGINAL,4788
6.539,41.96,742.85,3.837,25.986,NON_POTABLE,NON_POTABLE,4789
6.999,0.0,341.443,7.9,22.273,POTABLE,POTABLE,4790
7.628,4.865,322.227,10.322,21.952,POTABLE,MARGINAL,4791
7.928,3.947,699.728,4.325,22.802,MARGINAL,MARGINAL,4792
4.735,30.005,1076.631,2.656,28.996,NON_POTABLE,NON_POTABLE,4793
7.927,0.981,423.278,8.575,21.864,POTABLE,POTABLE,4794
6.82,7.191,1098.366,2.728,31.409,NON_POTABLE,NON_POTABLE,4795
7.319,95.226,969.63,4.08,30.73,NON_POTABLE,NON_POTABLE,4796
6.006,12.657,637.558,6.322,23.502,MARGINAL,MARGINAL,4797
6.663,2.727,197.818,8.834,27.317,POTABLE,MARGINAL,4798
7.327,13.405,623.042,7.693,36.046,MARGINAL,MARGINAL,4799
7.975,1.685,361.907,8.694,25.636,POTABLE,MARGINAL,4800
7.444,0.0,243.675,8.364,26.375,POTABLE,POTABLE,4801
7.565,1.647,275.508,8.302,26.45,POTABLE,MARGINAL,4802
6.884,6.624,425.89,6.877,31.115,MARGINAL,MARGINAL,4803
7.372,2.099,640.072,7.13,23.816,MARGINAL,MARGINAL,4804
6.487,0.0,288.434,10.407,21.079,POTABLE,MARGINAL,4805
8.032,0.0,478.52,7.168,25.973,POTABLE,POTABLE,4806
7.45,0.0,248.132,9.763,21.767,POTABLE,POTABLE,4807
7.984,8.789,455.026,4.419,26.734,MARGINAL,MARGINAL,4808
6.48,0.0,195.741,7.631,21.315,POTABLE,MARGINAL,4809
6.972,4.443,424.356,8.491,22.336,POTABLE,MARGINAL,4810
8.132,6.494,607.703,5.166,27.393,MARGINAL,MARGINAL,4811
6.87,15.571,243.796,5.802,24.452,MARGINAL,MARGINAL,4812
5.383,71.669,767.167,0.827,29.264,NON_POTABLE,NON_POTABLE,4813
7.448,0.0,337.635,9.736,18.325,POTABLE,POTABLE,4814
7.141,13.941,739.411,5.961,33.0,MARGINAL,MARGINAL,4815
7.727,1.49,295.502,7.261,24.732,POTABLE,MARGINAL,4816
7.028,6.824,593.401,5.429,27.79,MARGINAL,MARGINAL,4817
7.966,0.079,422.906,9.364,26.401,POTABLE,POTABLE,4818
6.023,1.447,300.646,10.193,22.292,POTABLE,MARGINAL,4819
8.136,11.556,549.546,6.37,18.696,MARGINAL,MARGINAL,4820
6.695,0.0,368.911,5.236,32.51,MARGINAL,MARGINAL,4821
5.385,40.638,1163.739,1.092,34.309,NON_POTABLE,NON_POTABLE,4822
7.59,2.319,438.204,7.18,23.926,POTABLE,MARGINAL,4823
3.327,65.86,1175.8,1.837,24.35,NON_POTABLE,NON_POTABLE,4824
10.0,47.68,745.776,2.509,21.357,NON_POTABLE,NON_POTABLE,4825
7.472,8.306,301.7,5.742,27.682,MARGINAL,MARGINAL,4826
7.187,0.0,58.273,11.044,23.892,POTABLE,POTABLE,4827
7.148,5.658,630.621,3.978,18.279,MARGINAL,MARGINAL,4828
6.838,1.378,199.266,8.743,28.542,POTABLE,MARGINAL,4829
8.108,7.833,518.245,3.719,27.732,MARGINAL,MARGINAL,4830
7.405,0.0,328.417,9.711,24.036,POTABLE,POTABLE,4831
8.349,23.355,430.607,6.561,25.25,MARGINAL,MARGINAL,4832
6.366,0.299,412.761,9.289,22.227,POTABLE,MARGINAL,4833
3.888,57.224,734.655,2.178,14.782,NON_POTABLE,NON_POTABLE,4834
2.975,50.477,1043.407,2.518,38.863,NON_POTABLE,NON_POTABLE,4835
7.436,5.764,597.007,6.778,29.468,MARGINAL,MARGINAL,4836
7.14,0.0,169.608,8.352,23.846,POTABLE,POTABLE,4837
4.815,41.021,929.175,1.919,27.414,NON_POTABLE,NON_POTABLE,4838
8.113,8.688,342.677,6.933,18.087,MARGINAL,MARGINAL,4839
7.214,0.0,323.949,5.725,27.775,MARGINAL,MARGINAL,4840
6.473,0.0,376.233,8.994,20.277,POTABLE,MARGINAL,4841
9.281,13.317,598.835,5.057,28.546,MARGINAL,NON_POTABLE,4842
7.807,19.527,692.722,5.132,19.444,MARGINAL,MARGINAL,4843
6.811,9.824,308.028,8.442,19.876,POTABLE,MARGINAL,4844
5.649,65.111,1201.967,0.584,32.903,NON_POTABLE,NON_POTABLE,4845
7.229,0.0,328.586,7.949,23.118,POTABLE,POTABLE,4846
1.606,100.0,784.078,2.634,29.91,NON_POTABLE,NON_POTABLE,4847
7.28,8.257,298.709,6.755,27.552,MARGINAL,MARGINAL,4848
8.476,49.924,1223.794,2.616,18.86,NON_POTABLE,NON_POTABLE,4849
7.848,3.698,441.432,5.516,27.167,MARGINAL,MARGINAL,4850
9.284,10.086,479.862,4.993,19.371,MARGINAL,NON_POTABLE,4851
7.602,0.527,291.151,6.987,29.491,POTABLE,POTABLE,4852
6.693,0.0,226.251,8.095,22.746,POTABLE,POTABLE,4853
4.78,74.234,811.764,0.654,30.763,NON_POTABLE,NON_POTABLE,4854
7.96,3.664,593.315,4.83,28.952,MARGINAL,MARGINAL,4855
3.899,43.732,946.795,2.006,22.815,NON_POTABLE,NON_POTABLE,4856
3.937,74.231,1399.023,1.17,34.704,NON_POTABLE,NON_POTABLE,4857
7.587,3.59,310.292,11.173,19.257,POTABLE,MARGINAL,4858
7.247,2.604,287.111,7.783,23.727,POTABLE,MARGINAL,4859
9.406,9.409,661.358,5.167,35.065,MARGINAL,NON_POTABLE,4860
4.402,45.677,738.169,2.703,33.632,NON_POTABLE,NON_POTABLE,4861
8.145,4.236,402.122,11.217,20.199,POTABLE,MARGINAL,4862
7.861,2.95,428.535,3.688,25.566,MARGINAL,MARGINAL,4863
7.379,16.759,641.766,7.797,23.939,MARGINAL,MARGINAL,4864
5.817,3.311,425.252,5.776,28.329,MARGINAL,MARGINAL,4865
7.167,0.0,110.211,7.928,17.357,POTABLE,POTABLE,4866
7.268,0.0,351.439,10.003,22.177,POTABLE,POTABLE,4867
6.382,99.659,785.873,1.21,31.244,NON_POTABLE,NON_POTABLE,4868
7.046,50.503,999.145,0.53,29.629,NON_POTABLE,NON_POTABLE,4869
7.65,2.478,571.146,5.009,26.208,MARGINAL,MARGINAL,4870
7.431,9.486,732.332,6.315,27.535,MARGINAL,MARGINAL,4871
7.12,0.0,581.674,2.827,25.966,MARGINAL,MARGINAL,4872
7.323,8.963,329.439,9.313,20.577,POTABLE,MARGINAL,4873
7.641,16.087,408.337,3.286,28.903,MARGINAL,MARGINAL,4874
6.73,21.084,476.941,4.665,20.99,MARGINAL,MARGINAL,4875
8.267,6.523,395.286,1.898,33.211,MARGINAL,NON_POTABLE,4876
8.927,2.689,632.655,4.802,24.117,MARGINAL,MARGINAL,4877
7.931,1.325,482.18,7.183,25.167,POTABLE,MARGINAL,4878
6.796,3.074,376.113,9.53,25.403,POTABLE,MARGINAL,4879
6.367,25.829,1121.721,3.849,24.567,NON_POTABLE,NON_POTABLE,4880
7.928,4.0,478.503,7.929,23.764,MARGINAL,MARGINAL,4881
7.477,3.022,235.849,8.503,21.587,POTABLE,MARGINAL,4882
7.549,0.0,379.664,8.188,20.54,POTABLE,POTABLE,4883
8.156,49.749,1027.137,3.365,25.681,NON_POTABLE,NON_POTABLE,4884
7.154,1.556,273.557,9.98,23.328,POTABLE,MARGINAL,4885
8.052,8.231,505.74,3.519,25.689,MARGINAL,MARGINAL,4886
6.464,4.646,156.218,9.093,24.604,POTABLE,MARGINAL,4887
7.134,2.573,296.969,9.369,27.922,POTABLE,MARGINAL,4888
7.29,0.447,320.312,6.419,29.658,POTABLE,MARGINAL,4889
5.756,52.618,1061.48,3.316,24.981,NON_POTABLE,NON_POTABLE,4890
7.36,1.937,524.293,8.95,26.933,POTABLE,MARGINAL,4891
4.558,44.663,646.43,3.197,37.895,NON_POTABLE,NON_POTABLE,4892
6.721,0.0,444.447,7.204,27.886,POTABLE,POTABLE,4893
7.145,1.717,346.279,8.412,21.113,POTABLE,MARGINAL,4894
3.054,83.868,1200.597,2.469,25.218,NON_POTABLE,NON_POTABLE,4895
7.662,3.936,612.526,7.298,27.003,MARGINAL,MARGINAL,4896
7.335,0.44,291.634,6.969,18.291,POTABLE,POTABLE,4897
7.381,11.405,455.006,6.323,30.32,MARGINAL,MARGINAL,4898
7.965,11.537,367.262,4.972,32.32,MARGINAL,MARGINAL,4899
6.902,2.861,450.826,7.447,20.246,POTABLE,MARGINAL,4900
8.356,9.384,457.588,7.459,23.284,MARGINAL,MARGINAL,4901
7.858,5.418,492.511,5.558,23.483,MARGINAL,MARGINAL,4902
6.514,36.732,780.105,1.689,17.71,NON_POTABLE,NON_POTABLE,4903
6.885,12.155,485.903,4.486,30.394,MARGINAL,MARGINAL,4904
6.374,16.942,1223.768,2.117,28.901,NON_POTABLE,NON_POTABLE,4905
6.753,0.0,140.237,8.011,27.384,POTABLE,POTABLE,4906
7.873,3.742,458.095,4.721,21.32,MARGINAL,MARGINAL,4907
8.893,5.683,673.609,5.475,25.681,MARGINAL,MARGINAL,4908
8.397,10.56,406.959,4.829,27.702,MARGINAL,MARGINAL,4909
2.243,84.917,1132.211,1.481,27.976,NON_POTABLE,NON_POTABLE,4910
0.942,93.264,839.55,2.743,32.323,NON_POTABLE,NON_POTABLE,4911
6.646,0.0,165.965,8.742,26.76,POTABLE,POTABLE,4912
7.702,0.0,382.688,8.142,22.509,POTABLE,POTABLE,4913
7.459,5.708,446.389,2.817,23.684,MARGINAL,MARGINAL,4914
7.177,11.331,413.132,6.326,21.972,MARGINAL,MARGINAL,4915
7.732,12.569,508.003,4.791,26.768,MARGINAL,MARGINAL,4916
7.633,0.0,283.153,6.467,24.352,POTABLE,MARGINAL,4917
3.407,25.043,1190.388,1.838,21.481,NON_POTABLE,NON_POTABLE,4918
8.109,0.0,514.246,2.662,26.943,MARGINAL,MARGINAL,4919
7.761,5.078,342.184,8.195,19.913,POTABLE,MARGINAL,4920
7.082,0.0,306.136,8.463,19.496,POTABLE,POTABLE,4921
9.986,47.103,1500.0,0.247,19.487,NON_POTABLE,NON_POTABLE,4922
0.721,97.042,783.704,0.869,40.281,NON_POTABLE,NON_POTABLE,4923
3.229,75.061,842.789,2.795,30.687,NON_POTABLE,NON_POTABLE,4924
7.559,5.275,517.622,7.447,29.394,POTABLE,MARGINAL,4925
7.194,0.0,209.745,8.95,24.973,POTABLE,POTABLE,4926
6.521,6.602,105.653,7.641,24.425,POTABLE,MARGINAL,4927
6.456,0.407,94.87,10.089,20.137,POTABLE,MARGINAL,4928
7.469,0.788,127.972,8.427,25.357,POTABLE,POTABLE,4929
4.418,46.427,858.701,1.467,29.576,NON_POTABLE,NON_POTABLE,4930
5.183,49.298,442.42,1.314,25.654,NON_POTABLE,NON_POTABLE,4931
8.03,0.0,456.267,6.093,25.425,MARGINAL,MARGINAL,4932
9.458,55.495,1500.0,2.142,20.591,NON_POTABLE,NON_POTABLE,4933
7.449,0.0,376.78,8.271,26.591,POTABLE,POTABLE,4934
8.749,1.111,266.107,9.033,27.953,POTABLE,MARGINAL,4935
3.514,29.891,1500.0,0.841,26.643,NON_POTABLE,NON_POTABLE,4936
6.291,0.72,445.642,8.348,24.444,POTABLE,MARGINAL,4937
5.254,72.861,861.849,3.044,15.836,NON_POTABLE,NON_POTABLE,4938
6.986,3.466,207.193,9.459,19.483,POTABLE,MARGINAL,4939
1.689,69.701,710.336,0.0,36.061,NON_POTABLE,NON_POTABLE,4940
6.815,2.136,522.667,5.933,25.21,MARGINAL,MARGINAL,4941
6.254,2.628,352.764,4.098,26.549,MARGINAL,MARGINAL,4942
7.11,0.531,85.239,7.752,28.344,POTABLE,POTABLE,4943
7.796,13.286,513.102,5.157,20.543,MARGINAL,MARGINAL,4944
1.065,48.456,536.169,1.511,30.209,NON_POTABLE,NON_POTABLE,4945
7.07,0.0,240.161,9.177,29.704,POTABLE,POTABLE,4946
7.203,0.0,112.47,7.364,15.529,POTABLE,POTABLE,4947
7.296,8.584,439.981,6.113,23.293,MARGINAL,MARGINAL,4948
6.865,0.0,283.338,6.207,21.524,POTABLE,MARGINAL,4949
5.655,85.448,627.688,2.397,15.093,NON_POTABLE,NON_POTABLE,4950
7.191,0.0,331.055,8.935,17.831,POTABLE,POTABLE,4951
6.647,20.756,759.587,5.501,23.992,MARGINAL,MARGINAL,4952
7.2,2.103,414.439,8.46,22.989,POTABLE,MARGINAL,4953
6.039,0.991,114.074,7.073,29.195,POTABLE,MARGINAL,4954
7.702,19.554,369.586,3.928,17.287,MARGINAL,MARGINAL,4955
7.962,22.143,562.815,4.416,21.954,MARGINAL,MARGINAL,4956
8.055,0.0,426.68,6.486,20.045,MARGINAL,MARGINAL,4957
7.983,0.0,433.983,9.256,23.182,POTABLE,POTABLE,4958
7.595,3.71,444.395,5.584,18.979,MARGINAL,MARGINAL,4959
7.686,11.072,577.789,6.105,22.558,MARGINAL,MARGINAL,4960
6.395,0.0,336.257,7.227,26.165,POTABLE,MARGINAL,4961
8.03,1.358,719.211,4.529,23.044,MARGINAL,MARGINAL,4962
6.241,9.042,450.396,3.391,28.043,MARGINAL,MARGINAL,4963
6.384,2.33,235.634,7.36,24.597,POTABLE,MARGINAL,4964
5.554,99.337,627.297,2.629,25.489,NON_POTABLE,NON_POTABLE,4965
7.999,7.075,635.977,7.363,20.965,MARGINAL,MARGINAL,4966
6.979,4.92,594.365,5.906,23.592,MARGINAL,MARGINAL,4967
6.746,3.018,128.513,9.575,29.944,POTABLE,MARGINAL,4968
7.066,0.0,177.517,9.444,27.418,POTABLE,POTABLE,4969
8.223,0.0,285.047,8.784,24.707,POTABLE,POTABLE,4970
3.863,59.454,972.515,4.469,15.543,NON_POTABLE,NON_POTABLE,4971
6.976,3.171,550.147,5.078,26.333,MARGINAL,MARGINAL,4972
7.913,5.213,529.409,5.747,16.237,MARGINAL,MARGINAL,4973
7.244,0.097,294.513,9.2,25.24,POTABLE,POTABLE,4974
6.833,2.893,453.738,9.634,24.131,POTABLE,MARGINAL,4975
6.941,1.179,321.334,8.976,22.793,POTABLE,MARGINAL,4976
7.429,11.025,251.164,6.111,27.149,MARGINAL,MARGINAL,4977
8.25,0.0,609.589,6.628,16.29,MARGINAL,MARGINAL,4978
7.384,16.029,468.168,7.957,32.261,MARGINAL,MARGINAL,4979
6.676,1.116,195.951,8.296,21.449,POTABLE,MARGINAL,4980
7.44,1.845,467.605,7.987,21.542,POTABLE,MARGINAL,4981
8.081,16.88,377.883,6.799,24.717,MARGINAL,MARGINAL,4982
8.719,43.254,792.95,2.39,40.176,NON_POTABLE,NON_POTABLE,4983
3.559,42.451,1158.533,1.836,22.549,NON_POTABLE,NON_POTABLE,4984
6.843,12.26,602.983,5.791,18.912,MARGINAL,MARGINAL,4985
4.56,58.433,703.27,3.275,34.475,NON_POTABLE,NON_POTABLE,4986
6.85,0.0,322.244,8.747,16.83,POTABLE,POTABLE,4987
9.359,10.024,508.868,6.122,21.157,MARGINAL,NON_POTABLE,4988
5.701,7.236,388.881,5.587,19.466,MARGINAL,MARGINAL,4989
6.943,0.717,447.338,8.686,26.611,POTABLE,POTABLE,4990
7.755,0.0,393.627,8.634,24.129,POTABLE,POTABLE,4991
7.233,0.0,333.22,8.523,27.97,POTABLE,POTABLE,4992
7.881,6.218,322.566,5.984,21.684,MARGINAL,MARGINAL,4993
6.432,19.651,527.641,6.518,23.124,MARGINAL,MARGINAL,4994
7.48,7.996,567.528,4.568,27.038,MARGINAL,MARGINAL,4995
6.111,45.27,477.101,1.592,20.282,NON_POTABLE,NON_POTABLE,4996
7.45,0.0,384.743,8.858,21.485,POTABLE,POTABLE,4997
7.698,8.355,549.544,4.666,18.724,MARGINAL,MARGINAL,4998
4.45,54.642,758.347,2.259,23.381,NON_POTABLE,NON_POTABLE,4999
6.595,2.892,432.527,8.13,15.32,POTABLE,MARGINAL,5000
